ID,round,App,group,stars,review_id,Review,Review_Sentiment,Delivery,Price_Charges,Offers_Discounts,Product_Quality,Availability,Wrong_Missing_Item,Refund_Return,Payment_Wallet,Customer_Support,App_Experience,Packaging,Overall,annotator,split,mask_overall
R001,1,Meesho,platform,3,27f77967-3f47-4eb2-9902-b06ea4d13639,mujhe mesho Bahut acha lagaaa ❤️😘,Positive,None,None,None,None,None,None,None,None,None,None,None,Positive,gold (3 annotators),test,False
R002,1,Meesho,platform,1,fcf7f74c-1eb6-444b-adb6-b212e5556645,dilivery prosess bahut kharab hai,Negative,Negative,None,None,None,None,None,None,None,None,None,None,None,gold (3 annotators),test,False
R003,1,Zepto,platform,1,5b441b9f-597c-4315-87b2-56f356896bbf,ye bahut kharab app hai,Negative,None,None,None,None,None,None,None,None,None,Negative,None,Negative,gold (3 annotators),test,False
R004,1,Zepto,platform,4,d82350e0-410b-4e0a-b9ee-40e8dfcd57dc,good groceries app but kabhi kabhi kuch chiz Boht purane aati Hai,Mixed,None,None,None,Negative,None,None,None,None,None,Positive,None,Neutral,gold (3 annotators),test,False
R005,1,Meesho,platform,5,2af9036f-b54a-492f-ab44-22b090f62067,bahut hi achcha app hai,Positive,None,None,None,None,None,None,None,None,None,None,None,Positive,gold (3 annotators),test,False
R006,1,Blinkit,platform,4,6a34c470-268c-4282-9dff-c51bda8e6d77,50 rs off dikha k diya nahi,Negative,None,None,Negative,None,None,None,None,None,None,Negative,None,Negative,gold (3 annotators),test,False
R007,1,Zepto,platform,4,d66fbc2f-a6a5-4977-8981-283d30239111,150 ka hi order pr free delivery kr rakhi hai na chahte hue bhi 150 se uper ka order Krna padta hai,Negative,None,Negative,None,None,None,None,None,None,None,None,None,None,gold (3 annotators),test,False
R008,1,Nykaa,platform,5,1e067d22-9d6c-49bd-8997-fcb2017416e0,Bahut hi acha app he,Positive,None,None,None,None,None,None,None,None,None,Positive,None,Positive,gold (3 annotators),test,False
R009,1,Zepto,platform,3,ee2e333b-0343-4847-b740-5e13ee0de6d6,bhim app se cashback dikhate ho. kitne takk ka bhi order krlo. koi Cash back nahi ata,Negative,None,None,Negative,None,None,None,None,Neutral,None,None,None,None,gold (3 annotators),test,False
R011,1,Blinkit,platform,3,5f705f7a-ac93-40a6-bd51-09a1b255785d,ye to achhi baat hai isme exact 10 mint k andar delevery ho jata hai but isme lagbhag sare product mehnge dete hai isliye mai ye jyada use nhi karti,Mixed,Positive,Negative,None,None,None,None,None,None,None,None,None,None,gold (3 annotators),test,False
R012,1,Meesho,platform,4,9aec6154-f02b-4e15-9899-2036c6e3db32,yah app shoping ke liye bahut achha hai📱,Positive,None,None,None,None,None,None,None,None,None,None,None,Positive,gold (3 annotators),test,False
R013,1,Nykaa,platform,1,c071e07e-8958-4f60-9228-442b0e868a83,nykaa par bohat hi scam ho ra hai or real product nihi deh ra hai....main oder kiya tha or mujhe fake product diya tha or return bhi nihi lee ra hai..mat koi oder kariya nihi to apka sath bhi scam hoga ek number ka faltu hai nykka,Negative,None,None,None,Negative,None,None,Negative,None,None,Negative,None,None,gold (3 annotators),test,False
R014,1,Blinkit,platform,3,d73690b7-66d0-4af2-b67b-a523a71c8704,Mera cash on delivery Kam nahin kar raha hai ismein,Negative,None,None,None,None,None,None,None,Negative,None,None,None,None,gold (3 annotators),test,False
R015,1,Zepto,platform,3,5e8cc76b-b151-401c-b075-15542d9f0c2e,mujhe jattu ki delivery bahut acchi lagi but Kash jab to 99 ka hi mangva sakte yah jyada achcha tha please baat Ko samjho sudhare Main tabhi aapko 5 star De pata,Mixed,Positive,None,None,None,None,None,None,None,None,None,None,None,gold (3 annotators),test,False
R016,1,Meesho,platform,5,7cf707c3-bd3c-4905-8621-151ae3022e4f,bahut achcha hai meesho bahut acche se product aate Hain acche se,Positive,None,None,None,Positive,None,None,None,None,None,None,Positive,None,gold (3 annotators),test,False
R017,1,Blinkit,platform,3,2308c032-e0c6-4591-9a6d-192c548c7fd5,ye ek acha app h lekin ispr agr koi galt product akata h ya defective to duniya ki bahs krne ke bad bhi return nahi krte h isliye mujhe ye app jaldi delevery karne me acha h but coust bht h charges bht h,Negative,Positive,Negative,None,None,None,Negative,Negative,None,Negative,None,None,None,gold (3 annotators),test,False
R018,1,Nykaa,platform,4,f438687c-ae2f-4caf-bcf9-7622644dbb6b,May got yh to bhut acha he,Positive,None,None,None,None,None,None,None,None,None,None,None,Positive,gold (3 annotators),test,False
R019,1,Blinkit,platform,5,848bb1e2-f1b1-4e19-a10e-523dc6bf51b0,sab se mast sb kuch mil jata h yrrrrrrrr,Positive,None,None,None,None,Positive,None,None,None,None,None,None,Positive,gold (3 annotators),test,False
R020,1,Blinkit,platform,4,38aa3bba-ece7-4030-bc78-11e03f59a4b1,kay sarra gotegaon me mile Sakta hai ye sab,Mixed,None,None,None,None,Neutral,None,None,None,None,None,None,None,gold (3 annotators),test,False
R021,1,Nykaa,platform,1,966612f2-81e0-43fa-8ff3-a84016f45555,nykaa app se wrong expiry date and open product deliver hone par aap complaint kijiye to unexpected response de ge aur product ki koi responsibility nhi le ge . koi product to inke real cost se jyada cost k hote hain .,Negative,None,Negative,None,Negative,None,None,None,None,Negative,None,Negative,None,gold (3 annotators),test,False
R023,1,Blinkit,platform,4,f606a1a4-29c9-49cf-abbb-ce976a5f4c40,delivery bahut late karte ho bus,Negative,Negative,None,None,None,None,None,None,None,None,None,None,None,gold (3 annotators),test,False
R024,1,Zepto,platform,3,9d7f9884-9291-45b3-8899-b63fea54fd92,aapke delivery partners ke paas khule paise nhi hote customer bhi kb tk khule paise dega how we arrange,Negative,None,None,None,None,None,None,None,Negative,None,None,None,None,gold (3 annotators),test,False
R025,1,Blinkit,platform,2,7ad89be9-dd01-44bb-93d7-d2e75fd1d71c,mere area me blinkit 4 din pahle hi start hua hai beshak products ki range bahut badi hai par handling fee lagana galat hai small city me Mera 1st impression 40/100 hai,Mixed,None,Negative,None,None,None,None,None,None,None,None,None,None,gold (3 annotators),test,False
R027,1,Nykaa,platform,1,0cb65be5-6483-4c6e-a50c-d69053181acf,bakwas experience pure product nahi milte so please don't buy this app,Negative,None,None,None,None,None,Negative,None,None,None,None,None,None,gold (3 annotators),test,False
R028,1,Meesho,platform,2,cc890f7b-3a00-47e1-8f6e-cf5c85d90d08,new number per order karna per sasta milega bad me mahenga milta hai,Negative,None,Negative,None,None,None,None,None,None,None,None,None,None,gold (3 annotators),test,False
R029,1,Nykaa,platform,5,d7f4906d-9155-4d77-b602-c60c3eefecd9,nice game ke game bahut achcha hai sabhi download Karen,Positive,None,None,None,None,None,None,None,None,None,Positive,None,None,gold (3 annotators),test,False
R031,1,Nykaa,platform,4,00d34e83-dd61-498d-89ec-e66a0bcbea35,sahi hai pahli bar ke liye,Positive,None,None,None,None,None,None,None,None,None,Positive,None,None,gold (3 annotators),test,False
R032,1,Nykaa,platform,1,161f3fc0-966a-4956-b3c9-2aa18decb209,Mera experience bhut hi bekar tha nayka se .. nayka me jo bi office mentioned hue mene vo applied kiye fir bi vo offer muje ni mili or delivery bi time par ni ki gyi muje khud paket lene blue dard ke office jna padha or inke offer sb fake hai 👎👎👎,Negative,Negative,None,Negative,None,None,None,None,None,None,Negative,Negative,None,gold (3 annotators),test,False
R033,1,Meesho,platform,1,b37ee73c-703e-4dc7-8276-c928d75e504e,pathetic application ek order ko 15 -15 din rok ke rakhte hai na delivery karte hai na reject karte hai bus customer ko pareshan karte hai pathetic never shop with meesho,Negative,Negative,None,None,None,None,None,None,None,None,Negative,None,None,gold (3 annotators),test,False
R034,1,Nykaa,platform,2,f6a0055e-2b9c-45f0-90a2-ba5af3d05026,"Card payment discount mila, but cash on discount mila nahi",Negative,None,None,Negative,None,None,None,None,None,None,None,None,None,gold (3 annotators),test,False
R036,1,Meesho,platform,4,7a73cc61-d15a-4410-b89b-29841f79095d,service hai aur fast service hai,Positive,Positive,None,None,None,None,None,None,None,None,None,None,None,gold (3 annotators),test,False
R037,1,Meesho,platform,3,d343a2a1-85a0-452a-8e5d-e8d4d6db5cbc,This app is good but Bene order jis date par mangaya us date pe kya nahi aya why ? very disappointed 👎😡,Mixed,Negative,None,None,None,None,None,None,None,None,Positive,None,None,gold (3 annotators),test,False
R038,1,Blinkit,platform,5,0dad0ea5-c2fb-4d0e-b653-447622c0cf43,good 👍 har cheez miljaya hai yaha bas kade chodkar I like it,Mixed,None,None,None,None,Negative,None,None,None,None,None,None,None,gold (3 annotators),test,False
R039,1,Meesho,platform,2,3aaa7316-3b0e-4025-bf5b-72ff1beadde8,ac hai par pement jada leta hai,Negative,None,Negative,None,None,None,None,None,None,None,None,None,None,gold (3 annotators),test,False
R040,1,Nykaa,platform,5,2f18e7bd-f8f9-4fd0-91d8-c3ba927f0cdb,Bahut acha app he bhai,Positive,None,None,None,None,None,None,None,None,None,None,None,Positive,gold (3 annotators),test,False
R042,1,Zepto,platform,5,905f6951-c7df-4474-a8e8-6c1a958b49e6,kripya karke mere ko offer diya karo,Negative,None,None,Negative,None,None,None,None,None,None,None,None,None,gold (3 annotators),test,False
R044,1,Nykaa,platform,2,af059368-c876-401f-8896-f11e85e3652e,your only ready to show off gifts for big order but your team didn't deliver that ... aap delivery nhi krte gifts ki agar payment zayada ho very bad totally disappointed for this ...and i hope many more agree with this ...before download this app think about it,Negative,None,Negative,Negative,None,None,Negative,None,None,None,None,None,Negative,gold (3 annotators),test,False
R045,1,Meesho,platform,4,b5d9df24-6dfe-4e38-aea3-a70d15e0bf0c,yeha per subi chije mileti he magre kuch bedi chije nhi milti,Mixed,None,None,None,None,Negative,None,None,None,None,None,None,None,gold (3 annotators),test,False
R046,1,Blinkit,platform,3,7d8bee98-16fb-455e-9c8c-d994b021aa68,Koi discount payment mein bhi karo,Negative,None,None,Negative,None,None,None,None,None,None,None,None,None,gold (3 annotators),test,False
R047,1,Zepto,platform,1,210964dd-4ad8-48d5-985d-73f1b39393b2,jo magaya gya wo nhi tha,Negative,None,None,None,None,None,Negative,None,None,None,None,None,None,gold (3 annotators),test,False
R048,1,Zepto,platform,5,5ab17453-28ff-4faa-b956-6e9614d65148,"ya bohot aacha aap haa aapko bhe download karna chahiye ,🥲",Positive,None,None,None,None,None,None,None,None,None,None,None,Positive,gold (3 annotators),test,False
R049,1,Meesho,platform,1,63bfb602-f029-4110-8cb3-47b037489a3d,abhi tak to meesho theek tha lekin ab bahut kharab ho chuka hai maine abhi haldi order kiya tha jiska online payment bhi kar diya lekin status mein dikh nahin raha hai ki maine haldi powder order Kiya Hai,Negative,None,None,None,None,None,None,None,None,None,Negative,None,None,gold (3 annotators),test,False
R050,1,Zepto,platform,2,be9fb8a3-76a4-46b4-92cd-b92aba9aec63,Yeh galat hai agar kuch mangla hai to 349 ka mangao information together charges lega palehe 99 ka tha wahi better tha 99ka kar do vahap bas itna,Negative,None,Negative,None,None,None,None,None,None,None,None,None,None,gold (3 annotators),test,False
R051,1,Meesho,platform,1,fa8f9f4c-9164-4eb7-aa81-e03e75106669,ismein ismein Jo Saman dikhaya jata Hai vahi Saman nahin diya jata hai,Negative,None,None,None,None,None,Negative,None,None,None,None,None,None,gold (3 annotators),test,False
R052,1,Meesho,platform,2,8fca1daf-4411-403d-8dab-6376ba0b95a5,order baar-baar cancel hote hain aur book nahin Ho paate,Negative,None,None,None,None,None,None,None,None,None,Negative,None,None,gold (3 annotators),test,False
R053,1,Blinkit,platform,4,bdf008c3-432f-43cd-8bc6-1065d4cd56da,Very good service...orders time pe mil jaate hai.bas packaging thoda improve ho sakta hai,Mixed,Positive,None,None,None,None,None,None,None,None,None,Negative,None,gold (3 annotators),test,False
R054,1,Zepto,platform,2,c775ff68-cfbb-45d0-b233-114f57f58d44,Raat ko jo bhi chiz mangani hoti h wo saari to out of stock rehati h. or jis brand ka koi item order karo or wo out of stock hota h to dusre brand ka same item bhej dete h jabki inko wo pehle hee out of stock show karna chahiye. or baad me refund bhi nhi dete h.,Negative,None,None,None,None,Negative,None,Negative,None,None,None,None,None,gold (3 annotators),test,False
R055,1,Blinkit,platform,1,44514f39-7e96-41fa-83aa-d21fa7ae5ea5,Phone PE se blinkit money me paise bhej diye phir bhi order nahi ho raha hai.,Negative,None,None,None,None,None,None,None,None,None,Negative,None,None,gold (3 annotators),test,False
R056,1,Zepto,platform,2,3ab8f014-a2c1-443e-8ec0-94dea590dd13,kuch delivery person bhot bekar h pura saman nahi dete pr payment Puri lete H .upar nahi aate niche hi bulate H. bolte h company Ne Mana Kiya H...👎,Negative,Negative,None,None,None,None,Negative,None,None,None,None,None,Negative,gold (3 annotators),test,False
R057,1,Zepto,platform,1,90265a7f-35f7-4e00-a213-c669c234a6e0,refrel cod nhi aata hai,Negative,None,None,None,None,None,None,None,None,None,Negative,None,None,gold (3 annotators),test,False
R058,1,Zepto,platform,3,e5c22b37-a637-4c3a-bd26-418c5726c8b4,main 4saal sa kriho yaha sa grocery shopping or acha experience rahe haa mere abtk,Positive,None,None,None,Positive,None,None,None,None,None,Positive,None,None,gold (3 annotators),test,False
R059,1,Blinkit,platform,1,ffdfe024-c85b-4300-9e8c-e9c485f45f11,Khandwa me blinkit available hai par aa nhi raha fir kai ka app bakwaas,Negative,Negative,None,Neutral,None,Negative,None,None,None,None,Negative,None,None,gold (3 annotators),test,False
R060,1,Meesho,platform,3,1fbf052b-ec55-4a1f-9332-583d84333075,bohat hi badiya online shopping app hai,Positive,None,None,None,None,None,None,None,None,None,Positive,None,Positive,gold (3 annotators),test,False
R061,1,Zepto,platform,4,b6fcf60a-f5e4-4041-ba23-e1439dd67933,ye bahut jaldi aa jata hai bahut achcha hai,Positive,Positive,None,Neutral,None,None,None,None,None,None,None,None,None,gold (3 annotators),test,False
R062,1,Blinkit,platform,2,c921f456-44bd-420f-a03e-8e09a510e4ea,10 minutes se delivery time 14 minute hi show ho rha hai 😂😂,Negative,Negative,None,None,None,None,None,None,None,None,None,None,None,gold (3 annotators),test,False
R063,1,Meesho,platform,5,def76bb3-584c-4840-9e3c-573f9f3850d0,so good product i think hame ghar decoration ke liye ya chote baccho ke kapre ke liye yai ek aachaa option hai wo bhi lowest price mai🙏 Thank u meesho,Positive,None,Positive,None,Positive,None,None,None,None,None,None,None,None,gold (3 annotators),test,False
R064,1,Blinkit,platform,1,a5e601b5-bcc1-441b-97a3-df121fcefc5c,bhot gtiya Sanam beja h rsgula mangvaya tha bilkul khrab diye h,Negative,None,None,None,Negative,None,Neutral,None,None,None,Negative,None,None,gold (3 annotators),test,False
R065,1,Meesho,platform,3,d025d104-9c01-47a2-af35-c696cab82205,itna achcha bhi nahin Hai,Negative,None,None,None,None,None,None,None,None,None,Neutral,None,None,gold (3 annotators),test,False
R066,1,Zepto,platform,3,b2385ed3-ddd8-4577-b7e5-ebf11008f5af,real juice bed quality receive hua Hai,Negative,None,None,None,Negative,None,None,None,None,None,None,None,None,gold (3 annotators),test,False
R067,1,Meesho,platform,2,8178b41f-4da8-46b5-8cd5-c1eb9029c77b,Mera account apne aap q udd jara hai this is so frustrating even after paying u ppl showing notification of paylater again again so much phones !!! wt is this behaviour now I'm not able to use app why??,Negative,None,None,None,None,None,None,None,Negative,Negative,Negative,None,None,gold (3 annotators),test,False
R068,1,Nykaa,platform,3,5957a349-f798-4d1e-8a39-95ba6fa77349,nyka ke product best hai👍👍,Positive,None,None,None,Positive,None,None,None,None,None,None,None,None,gold (3 annotators),test,False
R069,1,Nykaa,platform,3,637f54f1-80f5-4c2a-980f-76bc699dd181,Mera prodect nhi aa raha hh,Negative,Negative,None,None,None,None,Negative,None,None,None,None,None,None,gold (3 annotators),test,False
R070,1,Nykaa,platform,1,1ebe7ff0-bf5f-4165-b2c0-ec944c4da1e0,Bekar hai pahle price kam hota hai 2 din baad price badha dete hai,Negative,None,Negative,None,None,None,None,None,None,None,None,None,None,gold (3 annotators),test,False
R071,1,Zepto,platform,1,feb58177-6ed3-4d30-9f18-5c7406a722f3,"bekar hai, sab kuch out of stock rehta hai.",Negative,None,None,None,None,None,None,None,None,None,Negative,None,None,gold (3 annotators),test,False
R072,1,Blinkit,platform,5,7cd80612-1bf4-4f6e-9960-da2b536b393e,kuch samj me nahi aata butt boht achaa h,Mixed,None,None,None,None,None,None,None,None,None,Negative,None,None,gold (3 annotators),test,False
R073,1,Nykaa,platform,2,1d48fe33-eb68-450b-94ad-21784fb961ff,nyka hamesha ache se product deliver krta h lekin ye fast express ke chakkar m packaging achi nh h open product deliver huye h product par taping kr di gyi h smjh hi nh aa rha use h open h kya h,Mixed,Positive,None,None,Neutral,None,None,None,None,None,None,Negative,None,gold (3 annotators),test,False
R074,1,Nykaa,platform,4,1b5cc794-6a28-49c8-95d3-c703247a2dee,"- Hindi me accha lagega: Bahut acchi app hai. Olay cream original mili, ghar pe cash de diya. Delivery fast thi. Thank you Nykaa!",Positive,Positive,None,None,Positive,None,None,None,Positive,None,Positive,None,None,gold (3 annotators),test,False
R075,1,Nykaa,platform,3,4aeefc81-7378-4e9d-ab41-59544a5484b0,1st order hai but discount nahi mila 1st order ka so,Negative,None,Neutral,Negative,None,None,None,None,Neutral,None,None,None,None,gold (3 annotators),test,False
R076,1,Zepto,platform,2,3ed973b6-aefe-4df7-bf74-b75dd445f1a1,order cancel karne ka koi option hi nahi hai...agar bache ne galti se order Kiya to ky karna hai .vo agar assistant se pucho to vo bolte ham ham apki isme koi help nahi kar sakte...ky baat hue bhai...very very despointed,Negative,None,None,None,None,None,None,None,None,Negative,Negative,None,None,gold (3 annotators),test,False
R077,1,Nykaa,platform,3,05f4992c-b811-4b12-b58a-83438edf290c,delivery very slow because meine 2 sep ka order kya hai aur ajj 9sep hai abhi thk nhi ayea pehle bola tha 7 sep ko ayega abhi thk nhi ayea,Negative,Negative,None,None,None,None,None,None,None,None,None,None,None,gold (3 annotators),test,False
R078,1,Blinkit,platform,4,b295714a-f1da-4c46-b1e2-63fe120694d1,bohot bàdhiyà bus thoda samàn ke rate kàm kàren,Positive,None,Negative,None,None,None,None,None,None,None,None,None,None,gold (3 annotators),test,False
R079,1,Blinkit,platform,2,e05fbe9f-19a2-4225-87cf-40199a08a872,abhi to tik hai axa hai,Positive,None,None,None,None,None,None,None,None,None,Neutral,None,None,gold (3 annotators),test,False
R080,1,Nykaa,platform,2,d147e183-ffad-4183-9f14-2eaeb0015d13,product return krna bohot hi difficult hai... kbhi nyka se product ab nhi mangwaungi...,Negative,None,None,None,None,None,None,Negative,None,None,None,None,None,gold (3 annotators),test,False
R081,1,Zepto,platform,1,a6890cb5-09de-428f-98cf-d1efb9065bb8,refund hi nahin diya hai,Negative,None,None,None,None,None,None,Negative,None,None,None,None,None,gold (3 annotators),test,False
R082,1,Blinkit,platform,1,d1a5b8fa-a35f-422e-a221-91ea0732b12f,app hai ki koi photo download mat Karna,Negative,None,None,None,None,None,None,None,None,None,Negative,None,None,gold (3 annotators),test,False
R083,1,Meesho,platform,4,2682f8e2-cf89-4d59-b463-9b7a88ab368f,veri nice meesho bahut hi achcha app hai,Positive,None,None,None,None,None,None,None,None,None,None,None,Positive,gold (3 annotators),test,False
R084,1,Blinkit,platform,2,bdba9810-1fa5-48ef-a59b-9f28e39dbd2a,handline charge lete hai btw zepto se kam,Neutral,None,Negative,None,None,None,None,None,None,None,None,None,None,gold (3 annotators),test,False
R085,1,Meesho,platform,5,6c827f50-351a-4dbd-9e9a-2fa2663017a4,"refund process is too good and quick, products qualities also good, and one thing that I really appreciate is delivery, some time little bit delay ho jata hai but rare hi case me , baki sb perfect hai",Positive,Neutral,None,None,Positive,None,None,Positive,None,None,None,None,None,gold (3 annotators),test,False
R086,1,Zepto,platform,5,5550fa23-62fb-4dde-b0f3-95ac02030626,oooooo ka number of the best,Positive,None,None,None,None,None,None,None,None,None,None,None,Positive,gold (3 annotators),test,False
R087,1,Meesho,platform,3,2241842d-1f32-46fb-9da9-944b4379a840,Meesho No more Providing Affordable Rate Product..iss Sasta Amazon and Flipkart par mil Raha hai.,Negative,None,Negative,None,None,None,None,None,None,None,None,None,None,gold (3 annotators),test,False
R088,1,Blinkit,platform,2,bef25de0-0d66-4905-9931-e4554ea46943,is app per Saman bahut mahanga mahanga rahata hai,Negative,None,Negative,None,None,None,None,None,None,None,None,None,None,gold (3 annotators),test,False
R089,1,Meesho,platform,4,ef3f0335-ffc7-4ff9-9780-dce644437eeb,kuchh kam ka nahi ha,Negative,None,None,None,None,None,None,None,None,None,None,None,Negative,gold (3 annotators),test,False
R090,1,Nykaa,platform,5,60be1322-4e6d-4dee-8c2c-eaadf9c11128,nykaa app bahut easy to use hai products ki variety achchi hai offers bhi milte rehte hai aur delivery experience bhi achha Raha makeup aur beauty shopping ke liye mujhe app kaafi useful laga,Positive,Positive,Positive,Positive,None,Positive,None,None,None,None,Positive,None,None,gold (3 annotators),test,False
R091,1,Zepto,platform,4,86db8a15-b812-4f96-a7b6-d28761241db1,"app accha hai , delevery time par aati hai , lekin Packaging Bahut he kharab hai matlab packaging hai he nahi seedha product Haath main thama dete hai koi packaging hoti he nahi",Mixed,Positive,None,None,None,None,None,None,None,None,Positive,Negative,None,gold (3 annotators),test,False
R092,1,Blinkit,platform,3,a6805a7b-54d0-4f47-bbd2-4d462030bdcf,thoda discount bhi dia karo bhai,Negative,None,None,Negative,None,None,None,None,None,None,None,None,None,gold (3 annotators),test,False
R093,1,Nykaa,platform,2,541bda0a-349f-4faa-bdc0-bb7fd7ae9fc9,good but ek gift aur dena chahiye.,Mixed,None,None,Negative,None,None,None,None,None,None,None,None,Positive,gold (3 annotators),test,False
R094,1,Zepto,platform,4,4e19abb4-7608-455d-a2fa-df4b4c36a785,bahut mast app hi sir,Positive,None,None,None,None,None,None,None,None,None,Positive,None,Positive,gold (3 annotators),test,False
R095,1,Blinkit,platform,5,e669b129-3e9c-4715-8588-0c6ab91707b6,mja aavi giyo bhai sahab,Positive,None,None,None,None,None,None,None,None,None,None,None,Positive,gold (3 annotators),test,False
R096,1,Zepto,platform,2,4165ec30-5438-4371-9fe2-fecd1fdba0fd,Sold out jiyada hota ha,Negative,None,None,None,None,Negative,None,None,None,None,None,None,None,gold (3 annotators),test,False
R097,1,Nykaa,platform,4,51ed99e3-1e93-4b51-9acf-4b6c05c273ec,itna products buy karne k baad bhi koi gift nehi🥲 baki all good👍,Mixed,None,None,Negative,None,None,None,None,None,None,None,None,Positive,gold (3 annotators),test,False
R098,1,Meesho,platform,1,926b6c38-6896-4a98-b361-6891b78f3a00,Misso app kharab product bhejta hai,Negative,None,None,None,Negative,None,None,None,None,None,None,None,None,gold (3 annotators),test,False
R099,1,Nykaa,platform,4,92dfe56f-b915-4543-ae78-25f0bb126803,dekhty hai expensive app ko,Negative,None,Negative,None,None,None,None,None,None,None,None,None,None,gold (3 annotators),test,False
R100,1,Meesho,platform,5,ad9cda3c-01ef-4dec-8cb4-092c5331fd28,"sabhi online shopping aap se jiyada muze meesho par shopping karna pasnd he. ye sirf sasta nhi bharosemand bhi he, thank you meesho 🫶",Positive,None,Positive,None,None,None,None,None,None,None,None,None,Positive,gold (3 annotators),test,False
R101,1,Blinkit,platform,2,ed0366f7-d455-423a-b4d7-0343a193158c,mujhe meri blinkit app mai language change karne ka option nahi mil raha krpya karke iss app language change karne ka option add kare,Negative,None,None,None,None,None,None,None,None,None,Negative,None,None,Arpita,train,False
R104,1,Zepto,platform,2,d61ed205-5358-40fe-a43c-8bc146f98b69,price bahut jyda hai quality k hisab se,Negative,None,Negative,None,None,None,None,None,None,None,None,None,None,Arpita,train,False
R107,1,Zepto,platform,1,e9007f0f-8980-4684-bea0-28ca76b826ae,roorkee se koi be location par oreder nahinho raha hai,Negative,Negative,None,None,None,Negative,None,None,None,None,None,None,None,Arpita,train,False
R110,1,Meesho,platform,2,1fa95722-5b07-4e21-99a2-37b194479196,bahut badhiya hai Bhai,Positive,None,None,None,None,None,None,None,None,None,None,None,Positive,Arpita,train,False
R113,1,Blinkit,platform,1,d7def0d0-681d-41c1-a6be-e5f57d50f846,mostly order get delayed... delivery boys bike pankchr hoti h aksar,Negative,Negative,None,None,None,None,None,None,None,None,None,None,None,Arpita,train,False
R116,1,Nykaa,platform,5,5c7a0cf4-4424-4c74-8ffa-d5ab742d6aca,mere sabse ek number,Positive,None,None,None,None,None,None,None,None,None,None,None,Positive,Arpita,train,False
R119,1,Meesho,platform,1,06a66fad-bb70-45f0-bb7f-d4167496d1fa,jo online kr raha hai un se pta kiya sb ke sb loss me ho hye jo be bhai yaa behan sabhi online application pr business krne ki soch raha hai.. mat krna kyu... pehle sale acchi hogi... paise aap ke account me nhi aaye ge.. 1 hafte tak paise ki intzaar kro feer parsal return aaye ge.. demo 100 ka aap ka product hai 200 ka sell kiya online 70 courier service kte he jb return aaye ga 70 courier service feer dene hone aap ko pta chal aap ka product 100+70+70=240 ka ho jaye ga wapis aane pr,Negative,None,None,None,None,None,None,None,None,None,None,None,Negative,Arpita,train,False
R122,1,Meesho,platform,1,7d6c7eaa-f4e3-4570-b4d7-3395f018f7e2,app to achha hai lekin product dubliket ata hai,Mixed,None,None,None,Negative,None,None,None,None,None,None,None,Positive,Arpita,train,False
R125,1,Zepto,platform,4,a26a0da9-3f6c-466e-a39f-203fda4fec35,sach mein bahut achcha app hai,Positive,None,None,None,None,None,None,None,None,None,None,None,Positive,Arpita,train,False
R128,1,Meesho,platform,4,06651388-92c9-4b98-87b9-2260e600947c,43% upar chal raha hai bahut hi badhiya hai,Positive,None,None,None,None,None,None,None,None,None,None,None,Positive,Arpita,train,False
R134,1,Blinkit,platform,3,428643bd-23f5-4379-b2d5-cee4a2bbfec1,Jabse grofer blinkit mei convert hua hai price jarurat se zyada lete hai aur delivery charges bahut hai.,Negative,None,Negative,None,None,None,None,None,None,None,None,None,None,Arpita,val,False
R137,1,Meesho,platform,3,696cfa3e-fbe2-49b1-a6b3-e66a0754199c,ye sbse gtiya aap h koe estemal na kare bhai,Negative,None,None,None,None,None,None,None,None,None,None,None,Negative,Arpita,train,False
R140,1,Nykaa,platform,5,90ca342a-acf3-4c23-ad09-ef501cae7e0b,mujhe bahut Achcha Laga,Positive,None,None,None,None,None,None,None,None,None,None,None,Positive,Arpita,train,False
R143,1,Blinkit,platform,1,b359b7e8-dcbb-4988-859a-bb08ef41d4a1,mujhe nahi pata kaam karta nahi,Negative,None,None,None,None,None,None,None,None,None,None,None,Negative,Arpita,train,False
R146,1,Meesho,platform,4,f31bcbc1-bf75-41ad-b3e1-262e359d8752,yanha kapde achen or sasta hai thik hai,Positive,None,Positive,None,Positive,None,None,None,None,None,None,None,Positive,Arpita,train,False
R149,1,Zepto,platform,1,0d26ae94-15ee-472b-b68c-53aaebb0c1d4,"Faltu ka app he , gst lagti he bahut, 20 rupay ka saman 90 rupay me dete he",Negative,None,Negative,None,None,None,None,None,None,None,None,None,None,Arpita,train,False
R152,1,Zepto,platform,1,8cb9db86-ea9f-4c3e-b6fa-54cd0f0459d3,Bhai receiver details daloge fir bhi resignation number pe call karenge or agar usne na uthaya to cancel kar denge mene payment kar diya tah advance me or Mera ese hi order cancel kar diya or ab bol rahe hai 5 6 din ruko refund ke liye 😡,Negative,None,None,None,None,None,None,Negative,None,None,Negative,None,None,Arpita,train,False
R155,1,Blinkit,platform,3,5fe44c5a-cdce-42df-9bbe-1fe88332ae81,"Bhai jab badarpur m add de sakte ho to deliver Karen m itni dikkat q hai 
..... Fuddu bna diya",Negative,Negative,None,None,None,None,None,None,None,None,None,None,None,Arpita,train,False
R158,1,Blinkit,platform,5,8480b0a4-5713-422d-8024-e272532f3739,yeh sabse best ap hai apke groceries saman ke liye isme koi fraud nhi hai i will rate it 5 starts,Positive,None,None,None,None,None,None,None,None,None,None,None,Positive,Arpita,train,False
R161,1,Blinkit,platform,3,702491db-26dc-4273-9f6e-7f4adc2f0f35,2 time mere order me item missing received hua mujhe that's why i rating 5/3 👍🏻,Negative,None,None,None,None,None,Negative,None,None,None,None,None,None,Arpita,train,False
R164,1,Blinkit,platform,1,72606af5-5252-4e96-8148-333c70e22c29,cash on delivery hai hi nahi hai,Negative,None,None,None,None,None,None,None,Negative,None,None,None,None,Arpita,train,False
R167,1,Meesho,platform,1,2ba19213-c05c-4e0b-9dac-325b168b9a9b,nakali product becha jata hai,Negative,None,None,None,Negative,None,None,None,None,None,None,None,None,Arpita,train,False
R170,1,Blinkit,platform,3,9f2806a4-bf9a-4917-bcda-5c859e1ca793,delivery boy change nahi dete wapas,Negative,Negative,None,None,None,None,None,None,None,None,None,None,None,Arpita,train,False
R173,1,Meesho,platform,3,d3801833-5560-457b-a110-d5912430c685,jitna ka order hota hai usse jyada paise lete hai aur cancel karna chaho to kehte hai block kar denge mene kisi dusra ka percal mangaya tha unhe ne cancel karne bola to me kya karu 😶🥲,Negative,None,Negative,None,None,None,None,None,None,Negative,None,None,None,Arpita,val,False
R176,1,Blinkit,platform,1,e81ed134-266a-49c1-8139-3332a33693e0,delivery boy se direct baat nhi hota h,Negative,Negative,None,None,None,None,None,None,None,None,None,None,None,Arpita,train,False
R179,1,Blinkit,platform,2,c3d7c4c0-f9b9-4d0b-83e1-0bcf9a259346,discount aktu besi valo hai,Positive,None,None,Positive,None,None,None,None,None,None,None,None,None,Arpita,train,False
R182,1,Blinkit,platform,3,46fe517a-f089-4da6-bb96-e7f001cb27f4,shahi he kabhi kabhi istmal kar leta hu,Neutral,None,None,None,None,None,None,None,None,None,None,None,Neutral,Arpita,train,False
R188,1,Blinkit,platform,4,b2a1f209-5781-4ddf-a423-0c6cdda89a75,bhai sahab Har chij ka offer quality mein,Positive,None,None,Positive,None,None,None,None,None,None,None,None,None,Arpita,train,False
R191,1,Blinkit,platform,2,4b5d3644-9e54-42a7-8360-9db779b532e0,jo saman chahiye wo nhi milta he majburi me dusara saman kharidna padta he or kbhi kbhi bahar lana padta he kyu binkit pe jarurt kam saman kam bekar ke samn jyda he,Negative,None,None,None,None,Negative,None,None,None,None,None,None,None,Arpita,train,False
R197,1,Meesho,platform,1,6ec67dc3-9a8e-475a-95c6-80714ff77691,cash on delivery band nahin hai is app par,Neutral,None,None,None,None,None,None,None,Neutral,None,None,None,None,Arpita,val,False
R200,1,Blinkit,platform,1,67e8b2e9-4958-4b7d-a1fc-98e07f955a41,kidi kam ka nahi hai,Negative,None,None,None,None,None,None,None,None,None,None,None,Negative,Arpita,val,False
R203,1,Meesho,platform,2,c60bd923-6eaf-4859-9740-c1b85b4735e8,jab tak number se account nhi bna rhta h tb ki offer rehta h jaise hi sign kr do offer khtm ho jata h enka koi chiz 87 ka h to wo sidhe 150 ko jata h duguna tezi se 😂😂🤣🤣😂 lalach dena ense sikhe koi bhai aisa kar do ki bina account bnaye hi order kr le km se km offer ka laabh to le lenge,Mixed,None,None,Negative,None,None,None,None,None,None,Negative,None,None,Arpita,val,False
R206,1,Nykaa,platform,1,00f4ed65-3d44-4011-8885-f3a3693ae8ed,nayekaa ke saath experience bhut khrab h bhut ganda response h inka order timeli delivery nhi krte h,Negative,Negative,None,None,None,None,None,None,None,Negative,None,None,None,Arpita,train,False
R209,1,Meesho,platform,1,34d146c5-1f0a-4cc2-ba83-9598ec855207,are yah meesho app ek number bekar Hai matlab maine udhar kiya tha vah 9 payment kar diya thappad bhi Mera ID to block kar diya ismein rupya le liya abhi tak nahin aaya hai,Negative,None,None,None,None,None,None,Negative,Negative,None,Negative,None,Negative,Arpita,val,False
R212,1,Meesho,platform,1,68292064-2f32-4c77-b27d-31236f64f5af,bahut hi gatiya app hai mere3000 rupy kha gya,Negative,None,None,None,None,None,None,None,Negative,None,None,None,Negative,Arpita,train,False
R215,1,Blinkit,platform,1,bb44fda7-e673-4a4e-bd44-9789f7d64e7d,bahut hi kharab hai per location De nahin raha hai dalo Koi aur location set Ho Raha Hai Koi aur Hai,Negative,None,None,None,None,Negative,None,None,None,None,None,None,Negative,Arpita,train,False
R218,1,Meesho,platform,2,c25cb7bf-f6b4-425d-be2d-fc8295f9e93b,ye bhut ganda aap h me dilit kar rahi hu,Negative,None,None,None,None,None,None,None,None,None,None,None,Negative,Arpita,train,False
R224,1,Blinkit,platform,1,fd5f654e-ffe3-4d2f-aefb-0f34b501b454,"print out service very slow, I am upset for tha",Mixed,None,None,None,None,None,None,None,None,None,Negative,None,None,Arpita,train,False
R227,1,Blinkit,platform,4,d35d2574-d764-41ef-b117-b67fa9f1a3b6,bhut aacha app he,Positive,None,None,None,None,None,None,None,None,None,None,None,Positive,Arpita,train,False
R230,1,Zepto,platform,1,73d8725c-aa8e-4ae6-97e3-be04b9859017,bahut bekar app hai,Negative,None,None,None,None,None,None,None,None,None,None,None,Negative,Arpita,val,False
R233,1,Blinkit,platform,1,00a688ac-c342-47cf-a73e-7f383749a2a9,application ki man chod rahi hai kya Jo download nahin ho raha hai,Negative,None,None,None,None,None,None,None,None,None,Negative,None,None,Arpita,train,False
R239,1,Meesho,platform,1,53e15858-788f-49d7-ba5a-090dd4294e32,sab se gharab Aap he ye lavda,Negative,None,None,None,None,None,None,None,None,None,None,None,Negative,Arpita,train,False
R242,1,Blinkit,platform,4,d3038df8-f66a-49a9-b244-e7284b5e1ff8,overall experience to achcha hi hai Abhi Tak bus Saman ki variety aur badha Deni chahie for small 🛒 cart charge bhi kam yahan per hata dijiye,Mixed,None,Negative,None,None,Negative,None,None,None,None,None,None,Positive,Arpita,train,False
R245,1,Blinkit,platform,3,445177c2-4b18-40b0-85e5-40377c41a1de,service aur badhiya Karen defective item customer Tak Na pahunche Maine icecream mangaya defective mere pass box aaya blinkit ko customer care se baat karne ka bhi service Dena chahie return karne mein koi mushkil Na Ho refund bhi Sahi tarike se wapas mil jaaye call ki service dijiye Dhyan denge aur achcha chalega,Negative,None,None,None,Negative,None,None,Negative,None,Negative,None,None,None,Arpita,train,False
R248,1,Meesho,platform,2,3539c216-9be5-4c36-b57e-c014ba314942,guys app achhi hai par ek bahut Badi problem hai ki ye apne dilivery guy ko har dilivery par 10 rupees hi dete hai aur petrol ke paise bhi nahi dete me chahati hu ki jo log itna sab karte unhe sirf 10 rupees dena worth it nahi hai meesho we want justice ⚖️,Mixed,Negative,None,None,None,None,None,None,None,None,None,None,None,Arpita,train,False
R254,1,Meesho,platform,1,5aa36989-9836-40b9-8430-dc480f240a16,meesho balance ka paisa use nahin kar sakte mere sare paise mere paise loot liye meesho vale ne 😭🤬😡🤬😡🤬😡,Negative,None,None,None,None,None,None,None,Negative,None,None,None,None,Arpita,train,False
R260,1,Blinkit,platform,1,43c7ef48-f43b-42ca-a58a-5106a48c4fd2,iska sath kuch be nahi aata mena 1 diary order Kari thi bahut choti the or uska sath 1 pen tha vo mujhe recived nahi hua,Negative,None,None,None,None,None,Negative,None,None,None,None,None,None,Arpita,train,False
R263,1,Meesho,platform,1,0a5a046a-4d7b-44d9-91ad-3cac9c93877a,galat product deliver karta hai,Negative,None,None,None,None,None,Negative,None,None,None,None,None,None,Arpita,train,False
R266,1,Meesho,platform,3,e3a08994-fdcc-4ce6-8984-424f9cca15e2,yah sabse accha aap hai jisme kam paiso me achi chij mil jati hai,Positive,None,Positive,None,Positive,None,None,None,None,None,None,None,None,Arpita,train,False
R269,1,Nykaa,platform,1,370ad249-349e-470f-9b11-be3bfa6de5f0,bekar app ...help center reply nhi krta h koi response nhi h order delayed hone pr,Negative,Negative,None,None,None,None,None,None,None,Negative,None,None,Negative,Arpita,val,False
R272,1,Meesho,platform,5,4c2aa051-3dad-4012-bdcb-1d057ebf1b7a,best app ... prize thoda kr do product ki.. its nice app by the way ❤️,Mixed,None,Negative,None,None,None,None,None,None,None,None,None,Positive,Arpita,train,False
R275,1,Blinkit,platform,2,fe115355-fdab-4919-84eb-4ea9c2aa19be,aap log jaldi delivery nhi kar pate hai .,Negative,Negative,None,None,None,None,None,None,None,None,None,None,None,Arpita,train,False
R278,1,Meesho,platform,1,0e47e3be-a1dd-414e-a795-d5dbe77c5b1a,yah sabke Sath scam kar rahe hain 😈 meesho per Bharosa na Karen,Negative,None,None,None,None,None,None,None,None,None,None,None,Negative,Arpita,train,False
R281,1,Meesho,platform,1,6c4db9fa-751a-4512-9129-50d7d14bab67,developer team ko Amit ki or se namaskar application TalkBack screen reader ke sath accessible nahin Hai drishtihin vyaktiyon ke liye agale update mein ise theek Karen ya FIR Gemini ko integrate karne taki Ham baat karte hue shopping aasani Se Kar saken dhanyvad,Neutral,None,None,None,None,None,None,None,None,None,Neutral,None,None,Arpita,train,False
R284,1,Zepto,platform,1,3de5b202-f4f1-4ff1-aa56-a66023782cc1,mere sath me aap ke deliveri boy ne frod kiya he 🤬🤬😡😡😡🤬,Negative,Negative,None,None,None,None,None,None,None,None,None,None,None,Arpita,val,False
R287,1,Zepto,platform,1,4537c9e7-153f-40b7-b65c-b98bee9dab6d,very bad service 2 ghante me delivery karta hai ye log bahut Ghatiya service hai is zepto ka,Negative,Negative,None,None,None,None,None,None,None,None,None,None,None,Arpita,train,False
R290,1,Meesho,platform,3,3004b384-ef62-4ad6-a2b3-e2cb8d533232,dilevar taim se nahi h,Negative,Negative,None,None,None,None,None,None,None,None,None,None,None,Arpita,train,False
R293,1,Zepto,platform,2,284f406b-c70f-47a3-8912-15f89fb14f62,mujhe cash dena tha,Neutral,None,None,None,None,None,None,None,Neutral,None,None,None,None,Arpita,train,False
R296,1,Meesho,platform,2,bda713a0-fdb3-45a6-a9fc-9505c8284765,bekar hai bhaieya aap,Negative,None,None,None,None,None,None,None,None,None,None,None,Negative,Arpita,train,False
R299,1,Meesho,platform,1,ba491c0f-81d9-484f-ab37-67dd50982e6e,meesho creator club me Auto dm page uapr scroll down nahi ho rahi hai please ise thik karo,Negative,None,None,None,None,None,None,None,None,None,Negative,None,None,Arpita,train,False
R302,1,Zepto,platform,5,1f4a5794-6a10-440a-9ad5-f2027343f60e,sahi hai very good sarvises,Positive,None,None,None,None,None,None,None,None,None,None,None,Positive,Arpita,train,False
R305,1,Blinkit,platform,2,4ec7ced2-1da9-4b86-ab68-78338cb51318,the packaging charges 10 rs yaar what is this blinkit i really liked your service btw,Mixed,None,Negative,None,None,None,None,None,None,None,None,None,Positive,Arpita,train,False
R308,1,Meesho,platform,2,bca5598b-cd39-413f-8ce1-c701d28e9156,ab maine complain ki fir bhi refund nahi diya bahut kharab aap hai,Negative,None,None,None,None,None,None,Negative,None,None,None,None,None,Arpita,train,False
R314,1,Zepto,platform,1,d88e2a42-bdd5-4fcd-a920-c813bdcf9e49,free cash ka pura pasia nhi milta hai bakwas aap,Negative,None,None,None,None,None,None,Negative,None,None,None,None,None,Arpita,train,False
R317,1,Meesho,platform,5,2c787a09-de1b-45f2-b23c-fab7ed6c543d,mujhe bahut jyada pasand hai,Positive,None,None,None,None,None,None,None,None,None,None,None,Positive,Arpita,train,False
R320,1,Blinkit,platform,3,1c53766e-57b4-42e5-9104-562cb11c34a5,It's me cash on delivery mahi hai,Negative,None,None,None,None,None,None,None,Negative,None,None,None,None,Arpita,val,False
R323,1,Blinkit,platform,1,d74b2846-4cd2-4650-91de-6fde9da7173d,price are so high and late night charge and handling charge are also bhut h,Negative,None,Negative,None,None,None,None,None,None,None,None,None,None,Arpita,val,False
R326,1,Meesho,platform,2,97f334a4-5faf-44bb-85e8-a0a77772f5d3,bs iske bare me to me kiya hi batao har cheez odar karne par pese badhta hai ye app Or jo dekho wo cheez sam to hoti hi nhi hai mene Bhiringraj mangaya tha wo khude me feka hai,Negative,None,Negative,None,Negative,None,None,None,None,None,None,None,None,Arpita,val,False
R332,1,Meesho,platform,5,220e2a84-0728-4530-a234-120ece2e4dfe,meesho ek achcha app hai kam paiso wale product bahut acche milte Hain crepe ka kapda bahut achcha aata Hai,Positive,None,Positive,None,Positive,None,None,None,None,None,None,None,Positive,Arpita,train,False
R335,1,Blinkit,platform,2,6c0e5c5c-54f2-4701-9aee-6179617ccc13,mene Aaj hi ek tumbler order Kiya tha os vo defective nikla mene customer support se baat ki wha koi agents provide nhi kiya jara or naahi refund,Negative,None,None,None,Negative,None,None,Negative,None,Negative,None,None,None,Arpita,train,False
R344,1,Zepto,platform,1,f62539bf-976c-409b-b991-bd22502f1689,free cash nhi milta hai,Negative,None,None,None,None,None,None,None,Negative,None,None,None,None,Arpita,train,False
R347,1,Zepto,platform,4,3bba1c86-f169-4722-a154-925681a013e3,jaruri ke liye mst h,Positive,None,None,None,None,None,None,None,None,None,None,None,Positive,Arpita,train,False
R350,1,Zepto,platform,3,25b49150-5b7f-4a27-a8fe-7f3347e2665d,Bhim upi se payment krne pr 75 rs ka jo Cash back tha bheem wo diye he nhi,Negative,None,None,None,None,None,None,None,Negative,None,None,None,None,Arpita,train,False
R353,1,Meesho,platform,1,0982fed8-0bd2-419d-9bd2-1381747cf878,mujhe aap se ek saval hai meeso parsel kensil ke badle paisa kyu nahi deta hai🙁,Negative,None,None,None,None,None,None,Negative,None,None,None,None,None,Arpita,train,False
R356,1,Meesho,platform,1,1990626f-dbad-4b56-80e6-4f025faeac45,scam app wrong product delivery kiya or return nhi kiya account he block mr diya,Negative,None,None,None,None,None,Negative,Negative,None,None,Negative,None,Negative,Arpita,train,False
R359,1,Blinkit,platform,2,4cd75cbe-6bd0-47b4-a946-1ea431a26659,Kuch bhi nahi hota bewkoof,Negative,None,None,None,None,None,None,None,None,None,None,None,Negative,Arpita,train,False
R362,1,Meesho,platform,1,cec0fe2c-ba70-4c1d-8216-cda38f29cb4b,"sorry main aisa koi comment Krna nhi chahti thi but mujhe Krna padd rha hai , maine apki app se bht kuchh order krti hu , lekin iss war jbki main bhi ghar par thi koi order related message nhi ayeya aur status show ho rha hai aap ghr par nhi the mere pass proof bhi hai ki hum ghr the us din aur hme koi call nhi ayi ,or na hee order jdki last date 21 thi great agar chat with assistant kro toh yeh sahi se answer nhi dete I want to complaint",Negative,None,None,None,None,None,None,None,None,Negative,Negative,None,None,Arpita,val,False
R365,1,Meesho,platform,4,6d40ad8f-4bcb-4d88-84fa-9f750e879b86,meesho ab bohot behtar kam kar rha hai apne me bohot important kar rhe hai 👍👍❤️❤️,Positive,None,None,None,None,None,None,None,None,None,None,None,Positive,Arpita,val,False
R368,1,Blinkit,platform,2,f6f18676-b75a-4106-920f-1661628ec7a9,bhut sare item abhi es par available nahi hai aur kuch product ka rate thoda mahnga hai,Positive,None,Positive,None,None,Positive,None,None,None,None,None,None,None,Arpita,val,False
R371,1,Meesho,platform,1,92a9e770-bcee-4950-b321-cf688fc84eee,bhut ganda app h technical issue solve nhi ho rha inse customer care to or bhi bekar h,Negative,None,None,None,None,None,None,None,None,Negative,Negative,None,Negative,Arpita,train,False
R374,1,Blinkit,platform,4,4ee3492d-ff77-4b93-aeb7-0b6b200a2bef,Saman bahut mahnga de rha h,Negative,None,Negative,None,None,None,None,None,None,None,None,None,None,Arpita,train,False
R377,1,Zepto,platform,3,5d6c9be4-0376-4422-8628-332af6b63151,payment deduct ho gya order placed nhi hua,Negative,None,None,None,None,None,None,None,None,None,Negative,None,None,Arpita,val,False
R383,1,Meesho,platform,2,d3a908c8-f5d4-4490-9609-d27770d24777,bhut acha aap hai online shoping .,Positive,None,None,None,None,None,None,None,None,None,None,None,Positive,Arpita,train,False
R386,1,Zepto,platform,1,89f9941d-e207-4817-ba75-99929180c6ea,froud free cash disable atta hai,Negative,None,None,None,None,None,None,None,None,None,Negative,None,None,Arpita,train,False
R389,1,Blinkit,platform,1,f4ac3ada-8e75-4e3f-938f-7aee0a015e8f,BHAI ISNE LOCESION MAG MAG KER PARESAAN KAR DIYA H BHAI A EAP OPPEN HI NAHI HO RHA H BAHUT HI KHARAB EAP H ISE KAI BHI DOUNLOD MAT KARNA,Negative,None,None,None,None,None,None,None,None,None,Negative,None,None,Arpita,val,False
R392,1,Meesho,platform,1,5298754e-7630-4cf5-beaa-63f798b37032,bht bekar service h,Negative,None,None,None,None,None,None,None,None,None,None,None,Negative,Arpita,train,False
R395,1,Meesho,platform,4,b041d4d3-583e-4cd8-902d-e822ba570ccb,app acha ha bhai ❤️✨no problem but ye jo order karte time price bhad dete ho yaha mood kharab ho jata ha l..🥲,Negative,None,Negative,None,None,None,None,None,None,None,None,None,Positive,Arpita,val,False
R398,1,Meesho,platform,4,3dc935a8-5b81-4f05-bfb0-76f495adc24f,sabse achcha aur sabse,Positive,None,None,None,None,None,None,None,None,None,None,None,Positive,Arpita,train,False
R401,1,Blinkit,platform,1,3b8a0872-2fb6-40e0-ba0f-1ece1b0bb4e4,delivery mein sudhar karo bee,Negative,Negative,None,None,None,None,None,None,None,None,None,None,None,Arpita,train,False
R407,1,Blinkit,platform,4,1cf75187-d6e9-424d-9886-6db9c06a40c6,extra charge bahut jyada h,Negative,None,Negative,None,None,None,None,None,None,None,None,None,None,Arpita,train,False
R413,1,Blinkit,platform,2,3e416371-4b78-4ec9-bc7f-ee883c8aa6cf,expiry product dete hai ye log soya chunks magaya tha date expire hai,Negative,None,None,None,Negative,None,None,None,None,None,None,None,None,Arpita,train,False
R416,1,Meesho,platform,1,7675c62e-398c-4f91-9a0f-4acb1bafac66,mera account suspended Ho Gaya hai,Negative,None,None,None,None,None,None,None,None,None,Negative,None,None,Arpita,train,False
R419,1,Zepto,platform,1,193af9b2-ba45-4aa7-b71d-7cbc9a57cb10,Wallet cash use krne ka option nhi aa rha hai na hi koi coupon hai,Negative,None,None,None,None,None,None,None,None,None,Negative,None,None,Arpita,train,False
R422,1,Zepto,platform,1,326caed5-ff3e-491b-b20c-877a4653bec7,125 off Bata ke 50 off kr rhye hai pagal Bana rha hai Zepto wala jo galt hai,Negative,None,None,Negative,None,None,None,None,None,None,None,None,Negative,Arpita,train,False
R425,1,Meesho,platform,3,245920e6-a717-48f2-83ad-11b5f6e90015,apki order Id copy nahi hoti hai. copy karne ka option do.,Negative,None,None,None,None,None,None,None,None,None,Negative,None,None,Arpita,train,False
R428,1,Blinkit,platform,2,c754f729-54b0-48ae-9fad-acf0eaacc712,Magar yah app Chandigarh mein nahin chalta,Negative,None,None,None,None,Negative,None,None,None,None,None,None,None,Arpita,train,False
R431,1,Zepto,platform,3,76f891cc-bd19-4585-9f5d-9e2e0d5ab6f9,"onion thouri bhutt damaged h or jada koi fresh bhi nhi h , garlic fresh h or acha bhi h",Negative,None,None,None,Negative,None,None,None,None,None,None,None,None,Arpita,train,False
R434,1,Meesho,platform,3,485a3f7f-56b2-4555-b3f6-71fd1918179d,ye chal nhi Raha,Negative,None,None,None,None,None,None,None,None,None,Negative,None,None,Arpita,val,False
R437,1,Blinkit,platform,2,6931b55e-a9ab-4065-8bbd-5c669cba0a90,bhut mehege price me saman dena or let delivery hoti hai isliye ❌🙏,Negative,Negative,Negative,None,None,None,None,None,None,None,None,None,None,Arpita,train,False
R440,1,Nykaa,platform,1,b8d75d1d-aecb-4c8f-b3c0-63704d55864e,main toh 1 bhi nhi deri thi star kitne cheap ho nyka return policy bkwas koi bhi Mt lena yhn se seriously Instagram pe bhi dalongi ab inka itna mehnga product mangwaya wo bhi glt bej diya ab wps nhi kre bkwas,Negative,None,None,None,Negative,None,Negative,Negative,None,None,None,None,None,Arpita,train,False
R443,1,Blinkit,platform,1,00fcca2f-a2f2-4eb1-9ba9-4b5a733c238b,Maine order return kiya but mere paise nhi aaye,Negative,None,None,None,None,None,None,Negative,None,None,None,None,None,Arpita,train,False
R446,1,Zepto,platform,5,14bb2797-4fd0-48e5-8f99-93689623c5df,nice bahut acche delivery hai,Positive,Positive,None,None,None,None,None,None,None,None,None,None,None,Arpita,train,False
R452,1,Meesho,platform,3,ac2de08f-18f6-496f-a597-d111a9fa5077,ye app acha hai lekin mera app nhi khul Raha,Mixed,None,None,None,None,None,None,None,None,None,Negative,None,Positive,Arpita,train,False
R458,1,Zepto,platform,3,eebbdfb0-d2de-4bbb-affc-a37845eebe2e,Coupon kaam nahi karta hai,Negative,None,None,None,None,None,None,None,None,None,Negative,None,None,Arpita,train,False
R461,1,Meesho,platform,5,1644c32b-c913-4105-909a-5f21ab5155e9,Bahut achcha app hai,Positive,None,None,None,None,None,None,None,None,None,None,None,Positive,Arpita,train,False
R464,1,Meesho,platform,4,ae70657a-8468-4182-a87e-cbc035979808,Yaha Saman achha aata hai aur paisa bhi kam lagta hai . saman nahi chahiye to Lo use karo return karo,Positive,None,Positive,None,Positive,None,None,Positive,None,None,None,None,None,Arpita,train,False
R470,1,Meesho,platform,3,7da1e888-b8de-4ad6-8684-f8ea286dccf8,achha bhi aata hai aur kabhi achha nahi bhi aata hai product,Neutral,None,None,None,Neutral,None,None,None,None,None,None,None,None,Arpita,train,False
R473,1,Blinkit,platform,5,42eb2a22-6d49-4a00-8d1e-3e37dacecd07,greate 😊 jab muze need hoti hai sab mil jaata hai thanks blinkit,Positive,None,None,None,None,None,None,None,None,None,None,None,Positive,Arpita,train,False
R476,1,Nykaa,platform,1,db2fdc27-89ef-4b61-8485-de72eb5fdd73,bhut bura experience raha mera .. worse.. mere Sath froud hua Hai nykaa mein first order Kiya Maine to theek tha.. first order mein Maine makeup brush pizza pufff vagaira mangaya tha to perfect tha sab theek tha.. but jab Maine second order place Kiya cosmetic ka bhai mere Sath scam Ho Gaya aur jab Maine usko return place kiya to bar bar mujhe bahane Diye Ja Rahe Hain ki idhar photo upload karo idhar comment karo sab kuchh jaisa jaisa inhone direct Kiya Maine har EK chij vaisa vaisa Kiya...worst,Negative,None,None,None,Negative,None,None,None,None,None,None,None,Negative,Arpita,train,False
R479,1,Blinkit,platform,3,41acf315-4ff9-4df9-b34b-1da0ba2e80e1,offers kam hai aur jada chhut honi chahiye products par,Negative,None,None,Negative,None,None,None,None,None,None,None,None,None,Arpita,val,False
R482,1,Meesho,platform,4,d6b6041e-ad94-4822-9861-6ccd20b2ba36,bahut achcha hai per kabhi-kabhi dusra Saman a jata hai,Neutral,None,None,None,None,None,Negative,None,None,None,None,None,Positive,Arpita,train,False
R485,1,Zepto,platform,1,255030fb-1719-44c8-94e9-e5a238641c80,bekar hai farud log hai isse bachke raho sab maine order Kiya 2 product to delevery vale ne bola ki ek bhul gya hun sir thodi der main de jaunga payment pora kar diya maine sochke ki ayga banda gayab ho gya or aaya nhi pori raat intjar Kiya call ka uska phir help leni chaiye support and help zepto app main to inhone kaha ki ab kuch nhi ho sakta ...bakwaas hai koi mat download Karo maine apni pori family se delete karwa diya bakwaas app consumer court jaunga main cctv recording bhi hai bande ki,Negative,Negative,None,None,None,None,None,None,None,Negative,None,None,Negative,Arpita,train,False
R488,1,Nykaa,platform,1,211c92ec-b6ef-413e-98c7-d4f1a6476fe7,Yah app open hee nhi ho rha hai,Negative,None,None,None,None,None,None,None,None,None,Negative,None,None,Arpita,train,False
R102,1,Meesho,platform,1,f19a3f1f-d3bf-4794-83e4-3a81274b2cb1,kor cheej mangbao to return mat 🥺🥺🥺 barna rifand nahi ata,Negative,None,None,None,None,None,None,Negative,None,None,None,None,Neutral,Harsh,train,False
R105,1,Nykaa,platform,1,55561857-077c-4a25-9e02-0491966bdafe,bahut mahnga hai product ke hisab se,Negative,None,Negative,None,None,None,None,None,None,None,None,None,Neutral,Harsh,train,False
R108,1,Zepto,platform,1,69beadbb-3703-4f5d-b747-5c43fdeac777,zepto is cheter esse maine 2 baar electronic item mangaya dono baar esne cheat kiya ak fan aur ak glue gun dono hi kharab diya return aur replacement bola umme bhi cheat kiya delivery bol rha hai kisi aur ko kar diya mere pe khud call karke khud ki disconnect bhi kar rha hai taki wo bol sake ki customer ne call nhi uthaya . Zepto etna hadd tak gir gaya hai ki ak saman badlne me wo mujhe dhae hours se wait Kara rha hai. yai bahut hi chip quality ka saman bech rha hai .same on you.,Negative,Negative,None,None,Negative,None,None,Negative,None,Negative,None,None,None,Harsh,train,False
R111,1,Meesho,platform,4,ee0dbe0e-5238-488e-a2d3-942bc3b7a7cb,abhi maine shopping nahi ki hai but kafi achha achha dresses dekha hai ye useless nahi hai,Positive,None,None,None,None,None,None,None,None,None,None,None,Positive,Harsh,train,False
R114,1,Nykaa,platform,2,7d087a71-9787-4b1d-9e67-0c65733811e6,Paisa vasool shopping number one product 👍,Positive,None,None,None,None,None,None,None,None,None,None,None,Positive,Harsh,train,False
R117,1,Blinkit,platform,1,e83a3618-a486-4cbd-92a2-9f82cc681284,Delivery karne Wale aadami aur aapke material ka quality bahut hi ghatiya hai 👎,Negative,None,None,None,Negative,None,None,None,None,None,None,None,None,Harsh,val,False
R120,1,Meesho,platform,1,91a980b6-855b-417b-bbcb-d7e8d2680bce,yeh bahut kharab aap hai koi bhi danwlod may karo,Negative,None,None,None,None,None,None,None,None,None,Negative,None,Negative,Harsh,train,False
R123,1,Blinkit,platform,3,929fe3f9-bd08-4898-bc02-5de8e4d52a55,wheat flour order karne par bhi handling charges lete hai or handle nhi dete hai,Negative,None,Negative,None,None,None,None,None,None,None,None,None,None,Harsh,val,False
R126,1,Meesho,platform,5,b5b31a61-499e-4853-b967-353971984b84,bahut behtarin hai meesho app,Positive,None,None,None,None,None,None,None,None,None,None,None,Positive,Harsh,train,False
R129,1,Blinkit,platform,1,2d9fa3ab-e670-4fc9-b1ea-b45a5f20a97e,pure edress pe nhi ata h,Negative,Negative,None,None,None,None,None,None,None,None,None,None,None,Harsh,train,False
R132,1,Nykaa,platform,5,7fc65669-080d-4db6-98e6-89259985db38,bahut badhiya hai app,Positive,None,None,None,None,None,None,None,None,None,Positive,None,Positive,Harsh,train,False
R135,1,Blinkit,platform,1,9093a0fc-8065-4c19-a582-4d9e5d17e0cf,bahut sahi app hai free nhi deta kuchh,Positive,None,None,None,None,None,None,None,None,None,None,None,Positive,Harsh,train,False
R138,1,Meesho,platform,4,cfa8e5c3-20b4-4c72-8658-1e269251d7e9,Kavi kavi accha product aata ha or kavi kavi kharab or 3pic. Lena per 1pic he aata ha ghogha bhagalpur ma,Mixed,None,None,None,Neutral,None,None,None,None,None,None,None,None,Harsh,train,False
R141,1,Blinkit,platform,2,863fac12-988f-493f-8117-2388b6dcb7c7,kam Saman mangwana ho to delivery charge jyada lagta hai,Negative,None,Negative,None,None,None,None,None,None,None,None,None,None,Harsh,train,False
R144,1,Meesho,platform,1,70082d33-a843-49d9-9c43-71c8519088d2,is me me sain ap nahi ho raha he,Negative,None,None,None,None,None,None,None,Negative,None,None,None,None,Harsh,train,False
R147,1,Zepto,platform,5,4392dc93-ea42-4013-9c1f-ab95491e6384,yah bahut hi achcha app Hai isko download karo aur 10 minut mein apna Saman mangaao,Positive,None,None,None,None,None,None,None,None,None,None,None,Positive,Harsh,train,False
R150,1,Nykaa,platform,4,467b909a-7372-430d-81f4-525e8f81bb75,thik thaak app hai,Neutral,None,None,None,None,None,None,None,None,None,None,None,Neutral,Harsh,train,False
R153,1,Meesho,platform,5,93992ad5-3d18-48de-a8e1-98cc12182bb4,bahut accha product hai,Positive,None,None,None,Positive,None,None,None,None,None,None,None,None,Harsh,train,False
R156,1,Meesho,platform,2,943dd6eb-9be5-48d1-a75b-fa35c285661a,peyment kt krke order book nhi kr rhe h...mere paise wapas kro,Negative,None,None,None,None,None,None,None,Negative,None,None,None,None,Harsh,train,False
R159,1,Meesho,platform,1,9ae73482-c103-4bb7-a5ab-acdcd3d286ba,meesho ka delivery bhot Gita hota hai jisa dikhai ha vaisa deta nahin hai,Negative,Negative,None,None,Negative,None,None,None,None,None,None,None,None,Harsh,train,False
R162,1,Blinkit,platform,3,5b832f3f-fc39-4efb-b4df-eb5a38cb7391,dekha tu kaisa hai,Neutral,None,None,None,None,None,None,None,None,None,None,None,Neutral,Harsh,train,False
R165,1,Meesho,platform,3,a17d213a-e52a-4581-8891-891b1fa6a92d,"Bade Bhai Mera account, chalu kar. Do 2 bar request, laga chuka Hun 😞😞",Neutral,None,None,None,None,None,None,None,None,None,Neutral,None,None,Harsh,train,False
R168,1,Zepto,platform,1,8fdebdac-f0e5-4c2f-b31a-ffcfcdc601a0,"I recieved a damaged product and on raising issue on the customer support they just don't listen and tell me the issue is resolved , is this ur customer support ??? atleast take the accountability of your actions what I m supposed to do with a damaged product jiska aapka return and refund or exchange kuch bhi nhi karna chahte ???",Negative,None,None,None,Negative,None,None,Negative,None,Negative,None,None,None,Harsh,train,False
R171,1,Meesho,platform,2,d6215867-1595-4cd9-917d-9a7d7dcdd85c,mene kab ka parcel return Kara he koi lene nai aa raha,Negative,None,None,None,None,None,None,Negative,None,None,None,None,None,Harsh,train,False
R174,1,Meesho,platform,1,af9c8bf4-a97f-46ca-96e6-46faa7dd0ece,very bad experience...ek to jo delivery date hai o two times delay hota hai tracking bhi nahi ho raha hai 13 sep ko product nearest hub main dikha raha hai 17 sep expected delivery date 19 sep Tak product nahi mila to maine complaint raise Kiya to they said ki 3 dino tk wait kro aur 3 dino bad call Kiya to aur 3 din ka wait kijiye what is this behaviour... ek to app main traking update bhi nahi kiya hai ... very disappointing,Negative,Negative,None,None,None,None,None,None,None,Negative,Negative,None,None,Harsh,val,False
R177,1,Meesho,platform,3,7032d1b7-66d4-48ff-923d-90b57d5ab17a,cash on delivery ke naam per jyada Paisa lag raha hai aur Saman bhi kabhi tuta kabhi damage a jata hai please ine chijon ko theek Karen 🙄,Negative,None,None,None,Negative,None,None,None,Negative,None,None,None,None,Harsh,train,False
R180,1,Blinkit,platform,5,1e114736-b2de-43d5-951c-2e357c8aca34,cash payment kar sakte hai,Positive,None,None,None,None,None,None,None,Positive,None,None,None,None,Harsh,train,False
R183,1,Meesho,platform,1,42910609-020f-4a0d-89af-3894c0222373,sabse bekar app hai,Negative,None,None,None,None,None,None,None,None,None,None,None,Negative,Harsh,train,False
R186,1,Zepto,platform,1,f10247ed-85ef-412d-9fc7-a00b762ad4bb,free cash nhi aara,Negative,None,None,Negative,None,None,None,None,None,None,None,None,None,Harsh,train,False
R189,1,Meesho,platform,2,bd5bc05c-cfb2-4228-b8ec-e4f7a7724b5d,jaisa dikhta hai vese bhejte nhi customer ko saman nya chahiye bhai na ki purana app to achi hai par kabhi kabhi late kar dete hai,Negative,Negative,None,None,Negative,None,None,None,None,None,None,None,None,Harsh,train,False
R192,1,Meesho,platform,3,86810a03-234f-4f9d-87aa-626621c3d3dc,naya number se login Kiya fir bhi offer nahin mila 🥺🥺😭😭,Negative,None,None,Negative,None,None,None,None,None,None,None,None,None,Harsh,train,False
R195,1,Meesho,platform,3,512db233-b9ee-4a9f-be36-05e797dd89e4,mujhe ye bhut pasand lekin 2 star ise liye nhi de kuyki case on delivery nhi hota h,Mixed,None,None,None,None,None,None,None,Negative,None,None,None,Positive,Harsh,train,False
R198,1,Meesho,platform,3,d2b0ecdd-05a5-442b-a9cf-ee9ff8f1344e,agar cash on delivery kar di to mast hai,Positive,None,None,None,None,None,None,None,Positive,None,None,None,None,Harsh,train,False
R201,1,Meesho,platform,1,55983d00-3e2b-4e32-b075-2421d80fd5e8,mujhe vighyapan jyada dikhai dete he,Negative,None,None,None,None,None,None,None,None,None,Negative,None,None,Harsh,train,False
R204,1,Zepto,platform,1,7926a016-0c6a-46f4-bf3c-39700e28de46,is tarike ka ganda refined na Rakha jaaye rapid store par,Negative,None,None,None,Negative,None,None,None,None,None,None,None,None,Harsh,train,False
R207,1,Zepto,platform,1,ff52d64d-f64e-4dbe-b72c-f5739cd2ee65,koi bhi Online payment na kare sale sare froud karte hai muje Kal 3 item missing mila hai or jab zepto coustomer car se bat ki to bol rha h sara item delivery ho gya hai delivery partner se puch to bol rha hai adha item koi or leke gya hai ab mera to item gya koi sahi se response bhi nhi deta hai to Don't pay online pay COD only,Negative,None,None,None,None,None,Negative,None,Negative,Negative,None,None,None,Harsh,train,False
R210,1,Meesho,platform,1,1bead8e8-68c0-4a6a-a444-d133cd5dba83,meesho balance kese milega ya nhi milega bad 😞 meesho account block ker deya aur paise dene ke aukaat nhi hai,Negative,None,None,None,None,None,None,None,Negative,Negative,None,None,None,Harsh,train,False
R213,1,Meesho,platform,4,6ea81d22-fe90-4803-80e7-1b98e5578800,mai use nhi kar pa rahi es app ko,Negative,None,None,None,None,None,None,None,None,None,Negative,None,None,Harsh,train,False
R216,1,Nykaa,platform,5,3df04fb7-c945-48da-ac5f-7e8b1aa68bb9,batana acchi baat hai dusron bhi le sakte hain,Positive,None,None,None,None,None,None,None,None,None,None,None,Positive,Harsh,train,False
R219,1,Meesho,platform,4,2a714e70-fe46-4b2f-bddc-4e32947aca29,bahut acha h 😅,Positive,None,None,None,None,None,None,None,None,None,None,None,Positive,Harsh,train,False
R222,1,Nykaa,platform,5,e9c7fa5a-8ed3-4e43-beec-b85513ae762c,Abhi Tak Jo Bhi product mangvae Sab bahut acche Hain,Positive,None,None,None,Positive,None,None,None,None,None,None,None,Positive,Harsh,train,False
R225,1,Meesho,platform,1,da4ecd93-97d5-4bd5-88fe-8f4198cab195,sale lagne par kuch sasta nhi hota,Negative,None,Negative,Negative,None,None,None,None,None,None,None,None,None,Harsh,train,False
R228,1,Zepto,platform,4,0d16cdcd-53b0-449d-976e-15e80b20fd6b,Abhi tak thik hai,Positive,None,None,None,None,None,None,None,None,None,None,None,Positive,Harsh,train,False
R231,1,Meesho,platform,5,91f1e27a-6cac-485b-a671-866b06199682,yah mujhe bahut aacha laga,Positive,None,None,None,None,None,None,None,None,None,None,None,Positive,Harsh,train,False
R234,1,Blinkit,platform,1,c520a802-2da2-4c85-8e5d-be275e3ee487,ghatiya cancer karne ka option nahin diya,Negative,None,None,None,None,None,None,None,None,None,Negative,None,None,Harsh,train,False
R237,1,Zepto,platform,2,1cd8c298-ee3c-4f4c-acf7-97fb6999eb2e,Zepto cancelled my product from order . Maine zepto par order Kiya product stock me hone ke bad bhi mera product cancelled kar diya maine jis item ke liye order Kiya tha vo hi cancel kar diya or jo baki ka uske sath kiya tha sirf ho hi aaya or main saman nhi aaya or mujhe order cancel karne ke ka option bhi nhi diya .,Negative,None,None,None,None,Negative,None,Negative,None,None,None,None,None,Harsh,train,False
R240,1,Meesho,platform,1,d8f4b957-67f8-44d9-940c-b624a54ecf0f,bahut kharab app hai sasta dikha ke fir mahega de raha hai,Negative,None,Negative,None,None,None,None,None,None,None,None,None,Negative,Harsh,train,False
R243,1,Zepto,platform,5,f736e2a6-46c9-4724-bdb3-c42c6796e3dd,refund karna hai charge nahin ho raha,Negative,None,None,None,None,None,None,Negative,None,None,None,None,None,Harsh,train,False
R246,1,Meesho,platform,1,a9ca426f-fa0d-483b-8c98-a14f44a58813,misho se koi kharidari nhi time se dilevery nhi karta he or frod bhi karta he jo saman mangwaye vo bhi nhi bhejta he enke pas dilevery boy bhi dhik nhi he bhut abhdra vyahwar karte he misho is frod,Negative,Negative,None,None,Negative,None,None,None,None,Negative,None,None,None,Harsh,train,False
R249,1,Zepto,platform,1,6ba21b80-4d5b-408c-9254-2daddbb28a05,bohot kharab app he mene icecream order ki par meri icecream hi nahi aai,Negative,None,None,None,Negative,None,Negative,None,None,None,None,None,None,Harsh,train,False
R252,1,Zepto,platform,1,0db70d9e-8e9d-4ed2-b9c9-c9eddd339414,Yah bahut ghatiya app hai location hi nahin a Rahi bas location in mang raha hai Banswara city mein available kyon nahin hai,Negative,None,None,None,None,Negative,None,None,None,None,Negative,None,None,Harsh,train,False
R255,1,Zepto,platform,4,ed278ce0-9bac-48f4-a781-246a855e917d,"nice app, but thoda aur discount chahiye 😉😁✌️😊❤️",Mixed,None,None,Negative,None,None,None,None,None,None,None,None,Positive,Harsh,train,False
R258,1,Meesho,platform,1,535c5d68-cdc4-482d-9172-36618e9b29f2,"Hi, meesho aap se log yeh samajh ke shopping karte hai yeh app easy hai.Lekin itna bakwas kyu hai. Maine shampoo mangvaya our bheja diya dusra our ,return karne ke liye prosess kiya abhitak lene nehi aaya.paisa meesho walone deke nehi rakha humko.please return lelo. uper se meesho ka help line number nehi milraha hai.mai Rida Anjum.",Negative,None,None,None,None,None,Negative,Negative,None,Negative,Negative,None,None,Harsh,train,False
R261,1,Meesho,platform,4,4a5f714e-2256-4c04-a2f2-df1727cc10f1,mere to meesho chal hi nahi raha plz ise thik kre or mujhe koi shikayat nahi hai,Neutral,None,None,None,None,None,None,None,None,None,Negative,None,None,Harsh,train,False
R264,1,Zepto,platform,5,006d8fd7-ad6b-472b-983d-af229fe0ed44,achha tha or taime she milgya,Positive,Negative,None,None,None,None,None,None,None,None,None,None,Positive,Harsh,train,False
R267,1,Meesho,platform,2,957a18d3-e478-44e8-bbf0-ffd49ebcada9,sar product available Nahi hai,Negative,None,None,None,None,Negative,None,None,None,None,None,None,None,Harsh,val,False
R270,1,Meesho,platform,1,504221c5-9191-4fdb-844b-f056952f8d35,ek call back nahi aa raha Coustomer support se.. Consumer forum pe Mail karna parega kya.. poor coustomer service.. 6 days se refund nahi de raha he..,Negative,None,None,None,None,None,None,Negative,None,Negative,None,None,None,Harsh,train,False
R273,1,Nykaa,platform,3,b40c8003-d5fd-4d40-8b62-4e2f2b5bcf21,bht accha aap h,Positive,None,None,None,None,None,None,None,None,None,None,None,Positive,Harsh,train,False
R276,1,Blinkit,platform,2,5bc0fe2b-c610-41f5-938e-45851950ba95,extra charges bahut jyada lete hoo,Negative,None,Negative,None,None,None,None,None,None,None,None,None,None,Harsh,train,False
R279,1,Meesho,platform,3,027c361f-1552-4c6f-a684-58ebc33a8dff,"Patience, deliver ka intezaar karna hota hai",Negative,Negative,None,None,None,None,None,None,None,None,None,None,None,Harsh,train,False
R282,1,Meesho,platform,3,6de08108-9130-49e7-a8dd-50bdd9db7a8e,"messho is tha best shopping app but This item takes a lot of time to be delivered, please find a solution for it. And the price of the goods is added extra at the time of payment.",Mixed,Negative,Negative,None,None,None,None,None,None,None,None,None,Positive,Harsh,train,False
R285,1,Meesho,platform,4,5d208f7c-f7ac-4cc5-ba42-6477846b48f9,meeso please fast delivery dene ka prayas kare taki product jaldi mil sake flipkart fast delivery deta hai lekin meesho per 5 se 6 din lag jate Hain aane Main or product quality high rakho taki sabhi meeso per hi mangawaye dhanyawad,Negative,Negative,None,None,Negative,None,None,None,None,None,None,None,None,Harsh,val,False
R288,1,Blinkit,platform,5,13b940f9-3f9d-477e-8354-49180ada9362,good performance and safe ride ek number ka hai be bhai kuchh bhi saman le Lo ekadam a jata kya bhi problem nahin hai ek number ka hai be blancate blanket se saman mangaao,Positive,Positive,None,None,None,None,None,None,None,None,None,None,Positive,Harsh,train,False
R291,1,Zepto,platform,2,8e5eec49-c4e0-442e-92aa-1bd8e7ca81d2,plz buy some freezer's agr paise nhi h to m funding de deta hu lekin aise freezer wali cheezen melted mt bhejo.,Negative,None,None,None,Negative,None,None,None,None,None,None,None,None,Harsh,train,False
R294,1,Meesho,platform,2,8c8db0c0-7b75-42bb-98d8-81f179187c97,bhaut bekar app hai ye parsal return nhi krte hai har wqt bas return ko reschedule kr dete aaj 10 din ho gaya hai return file kiye hue abhi oarsal return nhi kiya hai,Negative,None,None,None,None,None,None,Negative,None,None,None,None,None,Harsh,train,False
R297,1,Meesho,platform,1,d7e5b540-a2b6-469d-ac97-476fdaf3ad8b,meesho bhot gatiya app hai isne me ocaunt ko ban kae diya or iske help line number par bhi call karne se koi fayda nahi milta hai,Negative,None,None,None,None,None,None,None,None,Negative,Negative,None,Negative,Harsh,train,False
R300,1,Nykaa,platform,1,1def6794-a377-48b5-b4a5-f69cb948870b,Nykaa app open hi nhi ho rha he me jab bhi isse open kar rha hu to error aa rha he jese mera net khatam ho gya ho baaki sab me mera net chal rha he 😭,Negative,None,None,None,None,None,None,None,None,None,Negative,None,None,Harsh,train,False
R303,1,Zepto,platform,1,2e528e3e-cd22-4bb7-a77a-ddd6d5c5533e,ret kaam karo thoda,Negative,None,None,None,None,None,None,None,None,None,None,None,Negative,Harsh,train,False
R306,1,Blinkit,platform,1,b0b99e73-8f4b-44fc-9337-ce300e5cad05,Bhut hi bekar hai aap mari to location nhi aa rahi hai,Negative,None,None,None,None,Negative,None,None,None,None,Negative,None,None,Harsh,train,False
R309,1,Meesho,platform,2,8b295e1a-f8d7-4eeb-b453-1d071f16478c,woman clothes kharidne par s. m. l.xxxl. in sab ka kya matlab hota h,Neutral,None,None,None,Neutral,None,None,None,None,None,None,None,None,Harsh,train,False
R312,1,Meesho,platform,1,32d43035-d135-4d1a-a3b9-c5af432277f6,"Very disappointing Refer & Earn experience! I already shared both the Referral ID and Refer Order ID with Meesho Customer Care. I was promised a solution within 24–48 hours, but instead I’m only getting repeated delays with no resolution. This has been extremely frustrating. I no longer care about the referral amount—I just wanted a proper resolution. After this experience, I would not recommend Meesho to anyone. THANKS 🙏🙏🙏🙏. sorry maaf ker de aap sab se kuch nahi ho payega.",Negative,None,None,Negative,None,None,None,None,None,Negative,None,None,None,Harsh,train,False
R315,1,Meesho,platform,5,91983840-c56e-4d5f-aa22-29a2cdba58ca,mujhe bahut acha lga q ki cyes non dilevri he 👍,Negative,Negative,None,None,None,None,None,None,None,None,None,None,Negative,Harsh,train,False
R318,1,Zepto,platform,1,eaeb5078-fb96-442d-8e82-0adfdb16a9d6,koi bhi saman mat lena bahut kharab saman deta hai chor hai paise bhi vapas nahi karega aur tumhari ejajat utar dega koi bhi saman mat lo,Negative,None,None,None,Negative,None,None,Negative,None,None,None,None,None,Harsh,train,False
R321,1,Meesho,platform,3,463ed09a-6956-4089-8c1b-15eed4dfbf0d,aacha app ha magar kabi kabi aacha sanam nahi aata ga par kabhi kabhi aacha saman aaka ha or thik be baki aacha ha,Mixed,None,None,None,Neutral,None,None,None,None,None,None,None,Positive,Harsh,train,False
R324,1,Nykaa,platform,5,d5abdb55-6243-428b-b36b-4b1606aad986,bahut achchha app hai,Positive,None,None,None,None,None,None,None,None,None,None,None,Positive,Harsh,train,False
R327,1,Blinkit,platform,2,6af954a2-a734-4cf7-a6c6-a7041fa94e4c,poor services 30 meter ka distance karneme 23 min lagta hai,Negative,Negative,None,None,None,None,None,None,None,None,None,None,None,Harsh,train,False
R330,1,Nykaa,platform,5,0516d328-fc1d-48f2-9a02-f13f1c90783d,Mera product aa gya hai ese sbhi log download kare,Positive,None,None,None,None,None,None,None,None,None,None,None,Positive,Harsh,train,False
R333,1,Zepto,platform,1,18a463b1-6fb6-4590-9f62-d35f5a96230c,bhut karab hai ye sara mall expire hota hai aur customer support 0 hai deke chae jate hai refund ke nam pe kuch nahi dete fake hai ye chore hai mene 500 ka samn magaya sab expire tha most better blink sabe thik hai ye koi complete nahi hoti agar hoti bhi na to same time solve hoti hai love Blinkit....,Negative,None,None,None,Negative,None,None,Negative,None,Negative,None,None,Negative,Harsh,train,False
R336,1,Blinkit,platform,1,a1e9a0ef-d673-49ac-8924-ba7097246110,jo order diya jata hai vo nahi aata . bahut kharab service hai . very poor performance👎 blinkit se saman nahi mangaye 👎👎,Negative,Negative,None,None,Negative,None,None,None,None,None,None,None,Negative,Harsh,train,False
R339,1,Blinkit,platform,5,f9c7de2a-ef61-43a7-b8ce-d947b6937fdd,Paisa jyada lag Gaya,Negative,None,Negative,None,None,None,None,None,None,None,None,None,None,Harsh,val,False
R342,1,Meesho,platform,3,b1d2115a-bba3-4f13-8c3a-6bd2749ab127,thanks meesho mera app open ho gya,Positive,None,None,None,None,None,None,None,None,None,Positive,None,Positive,Harsh,train,False
R345,1,Zepto,platform,1,9c6a422d-2bac-4f02-bc0c-13d7bcc747ec,bahut bekar aap h free cash ek baar hi diya uske baad member ship bhi li lekin dubara free cash nahi mila,Negative,None,None,Negative,None,None,None,None,None,None,None,None,None,Harsh,train,False
R348,1,Blinkit,platform,2,e3185406-3bed-491e-9c7a-854521f17260,blinkit bhut hi bekar online service hai,Negative,None,None,None,None,None,None,None,None,None,Negative,None,Negative,Harsh,train,False
R351,1,Blinkit,platform,5,e197fa06-5c97-49f2-9619-8cbc16c3eb43,bahut accha hai yeh blinkit aap thanks 👍,Positive,None,None,None,None,None,None,None,None,None,None,None,Positive,Harsh,train,False
R354,1,Meesho,platform,5,2fbe19c7-3497-4a0d-84d0-88ff355b6b13,Iskanr keyo mag raha hai,Negative,None,None,None,None,None,None,None,None,None,Negative,None,None,Harsh,train,False
R357,1,Meesho,platform,1,1b662e6e-2c2d-4e31-b5f9-800279ff05b4,sabse bakwas app hai,Negative,None,None,None,None,None,None,None,None,None,None,None,Negative,Harsh,train,False
R360,1,Meesho,platform,4,d98889f6-98e5-44ed-b358-7673f3012ea0,meesho accha shoping hai saate damo me acche kapde aur saman mil Jate hain but kuch log hote hai jo kapda sahi nahi dete isliye aap jo bhi kharide use acche se dekh le,Mixed,None,Positive,None,Negative,None,None,None,None,None,None,None,Positive,Harsh,val,False
R363,1,Meesho,platform,2,81614bd8-5319-48bd-ab52-efdfd9ff4dd1,meesho company Ne hamara account block kar diya location nahin a raha hai hamare gaon ka location block kar diya 😭😭😭😭 please mishu hamari help kijiye ki hamara app chalu hona aur ham khareed paye ham har chij meesho per shopping karte Hain Kisi bhi tarah Se hamara app khulva dijiye tumhara location block Kar Diya usne,Negative,None,None,None,None,Negative,None,None,None,None,Negative,None,None,Harsh,train,False
R366,1,Blinkit,platform,1,a263b945-5d93-41fa-8966-467e69aab636,dilivery boy ate nhi ph karke bolte hi cancel kardo,Negative,Negative,None,None,None,None,None,None,None,None,None,None,None,Harsh,train,False
R369,1,Meesho,platform,5,60c91069-a2be-415f-b930-92b7f873e0dd,bhot accha it's a wonderful app,Positive,None,None,None,None,None,None,None,None,None,None,None,Positive,Harsh,train,False
R372,1,Meesho,platform,4,ca0f6891-12c4-4769-acb4-60cb67268b22,achha Anubhav Raha tha to wo bhi hai yaar ye bachi ho jo bhi hai na to wo boli na to the same hai sssssssssssd,Positive,None,None,None,None,None,None,None,None,None,None,None,Positive,Harsh,train,False
R375,1,Zepto,platform,1,aee3056f-04ac-4c77-9afd-1c6d26d95e51,Zepto ki service se main bilkul bhi satisfied nahi hoon. Customer ka paisa return karne ke matter mein baar-baar galat information di ja rahi hai aur promises ke baad bhi refund nahi kiya gaya. Customer Care se proper help nahi milti aur sirf baar-baar jhoothe assurances diye jaate hain.,Negative,None,None,None,None,None,None,Negative,None,Negative,None,None,None,Harsh,train,False
R378,1,Blinkit,platform,3,5daa1dfb-c847-4f03-8408-fd57e57fcbcc,hindi may interface nahi hai,Negative,None,None,None,None,None,None,None,None,None,Negative,None,None,Harsh,train,False
R381,1,Meesho,platform,1,776c7269-20a7-41c3-bfc9-a1bfe51a53bf,order let se bhi let karata hai,Negative,Negative,None,None,None,None,None,None,None,None,None,None,None,Harsh,train,False
R384,1,Zepto,platform,1,4a914735-13a8-455f-a7cc-d2586d9e4a25,bot hi bura hai,Negative,None,None,None,None,None,None,None,None,None,None,None,Negative,Harsh,train,False
R387,1,Meesho,platform,1,cc3ace9c-bb73-46e1-9a86-760fd6c40fca,bahut ghatiya aap hai esse koi order nii karna kuchh bhi,Negative,None,None,None,None,None,None,None,None,None,None,None,Negative,Harsh,train,False
R390,1,Meesho,platform,1,c60670b9-6b80-4c8e-a06e-f503e8ec3654,jyda tar odar me ame sahi samn nahi milata,Negative,None,None,None,Negative,None,None,None,None,None,None,None,None,Harsh,train,False
R393,1,Blinkit,platform,1,ffa2c036-1a21-4d80-a374-b682c19df4a6,mahanga Hai sasta nahin,Negative,None,Negative,None,None,None,None,None,None,None,None,None,None,Harsh,train,False
R396,1,Zepto,platform,2,0c71b450-adb4-43b8-862a-b1760fd83814,bhot hi ghatiya app h delivery boy apni man mani krte h c o d rat ko ni dete h is ka faida uth rhe zepto aur us k delivery boy maine rat ko order Kiya tha aur in logo ne delivery ni di aur ek ghant mujhe mere gate pe wait Krna pada aur us k badh yeh logo khud hi delivered bata diya mujhe order b receive ni hua aur paise b ni mile yeh khuli loot h bht ganda wala disappointment mila h bht afsos ho rha h aur us se phle mujhe yeh logo ne vegetable me thuga tha cheater is app ka use Krna band kr sab,Positive,Negative,Negative,None,None,None,None,None,None,None,None,None,Negative,Harsh,val,False
R399,1,Blinkit,platform,5,fc702863-e9ea-425e-a272-b2228a8b12eb,yah bahut achcha hai,Negative,None,None,None,None,None,None,None,None,None,None,None,Positive,Harsh,train,False
R402,1,Nykaa,platform,2,415bbc8a-7842-442e-ae3a-ffc7d4e572f3,I love nyka but this I feel nykaa is cheating with customer because wo negative review ko hide kr dete h ab kisi bhi product ke nicche aap review dekho to aapko negative and genuine review open nhi hota ab....phle ye problem nhi hoti thi ab negative review ka image tk nhi ata ...so SAD ki itte bade platform ko ye Krna pad rha customer ko genuine review nhi milta sirf postive hi khul pata h ....very bad,Negative,None,None,None,None,None,None,None,None,None,None,None,Negative,Harsh,train,False
R405,1,Meesho,platform,2,106a465e-6647-42e0-8358-787e47fcf2ac,koi bhi bhai meesho se shopping na kr,Negative,None,None,None,None,None,None,None,None,None,None,None,Negative,Harsh,train,False
R408,1,Meesho,platform,2,8e0f4fa3-cdf6-42ef-a770-1c1e1a324e9d,cash pay delivery jaldi mahi hoti hai,Negative,None,None,None,None,None,None,None,Negative,None,None,None,None,Harsh,val,False
R411,1,Zepto,platform,1,939739f0-4521-47c5-998e-da8bb685f2c0,maine product se magawae the to wo damage tha,Negative,None,None,None,Negative,None,None,None,None,None,None,None,None,Harsh,train,False
R414,1,Meesho,platform,1,95badfdf-1cf4-430f-a877-b1942dd50677,bhai mene offer mai 3 product buy kare the par agle din vo order meesho ne cancel kar deye or ab dikha raha hai buy again bina offer ke man to kar raha hai ki 1 star bhi na do,Negative,None,None,Negative,None,None,None,None,None,None,None,None,None,Harsh,train,False
R417,1,Blinkit,platform,1,9aaf3346-f462-41a4-b622-6439e86fcb36,not so good app time 30 min se bhi jayada lete hai,Neutral,Negative,None,None,None,None,None,None,None,None,None,None,None,Harsh,val,False
R420,1,Meesho,platform,2,f5777dae-0b99-41ff-8b54-2eee84298914,abhi mngaya hai jb aa jayega to retting de dunga,Negative,Neutral,None,None,None,None,None,None,None,None,None,None,None,Harsh,train,False
R423,1,Meesho,platform,3,074dceed-9f2e-45e9-a7c7-3ff1d69e4d6f,hum jab product ek sath order kar rhe hain to woh ek hii din main aane chahiye na ese bari bari order aate Hain humare pass itna time nh hota hain please is par dhyan dijiye,Negative,Negative,None,None,None,None,None,None,None,None,None,None,None,Harsh,val,False
R426,1,Blinkit,platform,2,81acaf1f-06ed-4dae-b4b1-654d6d02385b,kabhi bhi khule paise nahi hote in ke Ryder ke pas,Positive,None,None,None,None,None,None,None,Negative,None,None,None,None,Harsh,train,False
R429,1,Meesho,platform,4,831173f8-6609-459d-9513-4112ea6cfb5b,meesho me bahut bariya product ata hai,Negative,None,None,None,Positive,None,None,None,None,None,None,None,Positive,Harsh,train,False
R432,1,Meesho,platform,1,225b0f53-e439-44bd-977e-680495c6d90e,Instagram se meeso kanekt nhi ho raha,Negative,None,None,None,None,None,None,None,None,None,Negative,None,None,Harsh,train,False
R435,1,Meesho,platform,1,8d56296b-b5ab-4754-bf9c-d5dfd6987660,"It is very bad aap it delivered the product very late and the behavior of delivery boy was very worst I will order tshirt but I want to cancel my order but when I say that I want to cancel my order he say tum pagal ho kya order hi kyu Kara tha pagal, so my experience is very bad 😭😣",Negative,Negative,None,None,None,None,None,None,None,None,Negative,None,None,Harsh,train,False
R438,1,Nykaa,platform,1,b7ad00e2-e64c-4fc9-b263-0c801ceec7e9,bhot bekaar aap hai bhai koi yaha se kuch mt mangao bhot din ho gaye bola hai abi aara ha hu lekin abi tk nahi pocha,Negative,Negative,None,None,None,None,None,None,None,None,None,None,Negative,Harsh,train,False
R441,1,Meesho,platform,3,b8bf395a-4d7d-45d8-8b9d-ccfcf2e0d18a,yeh application useful hai lekin samaan kayi baar demage deliver hote hai,Negative,None,None,None,Negative,None,None,None,None,None,None,None,None,Harsh,train,False
R444,1,Blinkit,platform,3,9c69ef85-2ae9-42de-82c1-99aadf11b04f,"First order maine place Kiya , 2cold drinks( Jo ki bilkul bhi thandi nhi aayi) kuch chips and namkeen or 21 minute me order aya itne time me to maine pata nhi kitni baar blink kar liya hoga.😂",Negative,Negative,None,None,Negative,None,None,None,None,None,None,None,None,Harsh,train,False
R447,1,Blinkit,platform,1,1a4b89f0-7cb6-41c3-b5d8-4c035c7de003,bahut jyada late dilivery not good application,Positive,Negative,None,None,None,None,None,None,None,None,Negative,None,None,Harsh,train,False
R450,1,Blinkit,platform,5,e91c4227-cda4-4cf3-90a9-669a111a26d5,"pichhle kuchh mahine se use kar raha hu, badhiya service hai 15 minuts me saman mil jata hai",Negative,Positive,None,None,None,None,None,None,None,None,None,None,Positive,Harsh,train,False
R453,1,Meesho,platform,1,8a16af03-28fa-4e01-9717-9bac6feedb76,bahut bakwas app he time per delivery nahin Hoti Hai iski aur delivery bataegi 17 August ko 22 August Tak pata hi nahin delivery ka aur fir bhi wha bataega 17 August ko delivery hogi kya agali saal hogi delivery,Negative,Negative,None,None,None,None,None,None,None,None,None,None,None,Harsh,train,False
R456,1,Meesho,platform,1,4ddded80-26d5-474a-ae49-5787207ed6c3,bahut bekar hai saman mangaya tha milanahi bolraha hai ki mil gaya mera paisa hajam kar gya,Negative,None,None,None,None,None,Negative,None,Negative,None,None,None,None,Harsh,val,False
R459,1,Nykaa,platform,1,56cd4cfc-8f5e-474f-8df9-58c0e152bb66,Mujhe mera pordact nhi mila,Negative,None,None,None,None,None,Negative,None,None,None,None,None,None,Harsh,train,False
R462,1,Zepto,platform,3,620ec447-ae9d-485f-966d-7635911b4d8b,sab Lutne wali company,Positive,None,None,None,None,None,None,None,None,None,None,None,Negative,Harsh,train,False
R465,1,Zepto,platform,5,2f83bc44-ca65-475f-8f70-d633b57e472d,muje bahut acha laga,Positive,None,None,None,None,None,None,None,None,None,None,None,Positive,Harsh,val,False
R468,1,Meesho,platform,2,51ad15ef-0a5d-4931-9cea-e9003c6ad68d,reat jada rahta hai,Negative,None,Negative,None,None,None,None,None,None,None,None,None,None,Harsh,val,False
R471,1,Meesho,platform,2,6e0a7495-9eb2-459a-ac44-32ead60b6025,"meesho pay later kaise eligible ho sakti hu, je galat baat hai,",Neutral,None,None,None,None,None,None,None,Neutral,None,None,None,None,Harsh,train,False
R474,1,Blinkit,platform,5,8353e4e3-e9cb-4a59-b8cd-8ae4ff847a6b,Blinkit ka bahut dino se hamare aria mei intejar tha kuchh dino se available hua hai aur service bhi quick same time hai Thanks blinkit,Positive,Positive,None,None,None,Positive,None,None,None,None,None,None,Positive,Harsh,train,False
R477,1,Meesho,platform,1,c3cabfd1-8a4f-4d4e-a316-d63c6dae52e1,mene bag order ki thi jo photo me thi vo ayi nahi thi dusri ayi thi kirpa karkee comment pad le please bag dusra order de,Negative,None,None,None,None,None,Negative,None,None,None,None,None,None,Harsh,train,False
R480,1,Zepto,platform,1,e09f6002-c81b-4134-9ce6-8bf6c349f502,mere number par handling fee 40.00 add ho Raha hai kyo? thanswitch to bilkit instamart or filpcart bilkit handling charges₹ 5.00 filpcart 10 minutes ₹ 0 or instamart 10.00,Negative,None,Negative,None,None,None,None,None,None,None,None,None,None,Harsh,val,False
R483,1,Zepto,platform,3,48458b48-6e4f-435a-a131-73a30a75ea75,abhi rakshabandhan ka deal chal raha hai magar zepto ne store maintenance bol ke do din se samaan nahi de raha hai cart nahi dhikha raha hai.o or jab cart dikhayega tab tak samaan ka rate bada dega yahi complain rehta hai zepto se,Negative,None,Negative,None,None,Negative,None,None,None,None,None,None,None,Harsh,train,False
R486,1,Meesho,platform,1,0c2c42a5-d333-44d2-96ab-5204f5681214,sabse kharb hr yeh application mene galti se 500 rupiye meesho benk me liye he to. na us rupiya se koi product aata he,Negative,None,None,None,Negative,None,None,None,Negative,None,None,None,None,Harsh,train,False
R103,1,Meesho,platform,1,66859d88-8e30-4e04-bbac-08f7e1b9e3d1,totally different product bhejta hai cancelled order pe paise kaata hai help centre se help nahi milti,Negative,Negative,Negative,None,None,None,Negative,Negative,None,Negative,None,None,Negative,Punit,train,True
R106,1,Meesho,platform,4,56ef401b-7bd0-44a0-a8be-3b647d4b5811,pareshan bahut krta mesho,Negative,None,None,None,None,None,None,None,None,None,None,None,Negative,Punit,train,True
R109,1,Nykaa,platform,5,15d8bbe5-a6bd-474b-b939-37ec05bf4b73,badiya aap h ladkiyo ke liya,Positive,None,None,None,None,None,None,None,None,None,None,None,Positive,Punit,train,True
R112,1,Zepto,platform,1,9fc775e7-7f1a-42d8-a4ca-721c604a4ae6,mere me hota nahi hai,Neutral,None,None,None,None,None,None,None,None,None,None,None,Neutral,Punit,train,True
R115,1,Zepto,platform,1,82bf9e02-8acb-49b5-9066-c5de651e0574,Hindi me bhi application hona chahie ismein Hindi nahin hai or cancel ka bhi option nahin ata,Negative,None,None,None,None,None,None,None,None,None,Negative,None,Negative,Punit,train,True
R118,1,Meesho,platform,5,aaba004e-0954-4d88-a593-92c17ee5fe77,bahut acha hai meesho,Positive,None,None,None,None,None,None,None,None,None,None,None,Positive,Punit,val,True
R121,1,Zepto,platform,3,b26331a1-c569-4d79-937d-e1618c9670de,Sahi delivery hai good 😊,Positive,Positive,None,None,None,None,None,None,None,None,None,None,Positive,Punit,train,True
R124,1,Meesho,platform,3,688866df-685d-4c05-bf9e-65c8e1cf8465,user verification failed kyu ho rha hai do id mai se ek bhi nhi chal rhi,Negative,None,None,None,None,None,None,None,None,None,Negative,None,Negative,Punit,train,True
R127,1,Zepto,platform,4,aec8b3ee-6822-442a-8594-c3c8ef0b10e5,is Aap ko mujhe bhaut pasand Aaya,Positive,None,None,None,None,None,None,None,None,None,None,None,Positive,Punit,train,True
R130,1,Nykaa,platform,1,72dd6582-f8ad-478b-bfb1-b44dde655a1e,App sahi h pr ye log bolte h ki offer h discount h pr dekhne jao to aisa kuch nhi h uper se cupon bhi kaam nhi aata h,Negative,None,None,Negative,None,None,None,None,None,None,None,None,Negative,Punit,train,True
R133,1,Zepto,platform,4,6e1964b0-7240-4efe-b77a-f431b92a9139,sari cheze bahut achi h,Positive,None,None,None,Positive,None,None,None,None,None,None,None,Positive,Punit,train,True
R136,1,Meesho,platform,2,33137570-29ec-4a64-a321-a12950c266fd,sab se achha hai,Positive,None,None,None,None,None,None,None,None,None,None,None,Positive,Punit,train,True
R139,1,Nykaa,platform,1,54a96d72-5e9d-4eff-8b70-876650150618,AAJ ke baad aid. Bheji to. Court case. Hoga .samajh. nahi. Aati,Negative,None,None,None,None,None,None,None,None,None,None,None,Negative,Punit,train,True
R142,1,Meesho,platform,2,a2a9f71f-e7af-42b7-9424-35af87be4a1d,ghatiya app hai product ko hi change kar deta hai mene RCB ki jersey mangai or csk ki jersey leke aaya I don't know but koi bhi mat karna download okk,Negative,None,None,None,Negative,None,Negative,None,None,None,None,None,Negative,Punit,train,True
R145,1,Zepto,platform,5,01258db1-73a6-447b-a5f4-8b238bd9e2d4,bahut achcha service achcha se mangta hun,Positive,Positive,None,None,None,None,None,None,None,None,None,None,Positive,Punit,train,True
R148,1,Meesho,platform,5,b3284def-f625-431c-8645-4c717c73a3c8,very nice and very much and shopping karne ke liye very nice 👍👍👍👍👍👍👍👍👍👍👍👍👍👍👍👍👍👍👍👍👍👍👍👍👍👍👍👍👍👍👍👍👍👍👍👍👍👍👍👍👍👍👍👍👍👍🙂🙂🙂🙂🙂🙂🙂🙂🙂🙂🙂👍👍👍🙂🙂👍👍🙂👍🙂🙂🙂👍🙂🙂👍🙂👍🙂🙂👍🙂👍🙂🙂👍🙂👍🙂👍🙂👍👍🙂👍🙂👍🙂👍🙂👍🙂👍🙂👍🙂🙂🙂👍👍🙂🙂🙂🙂👍🙂🙂🙂🙂🙂🙂🙂🙂🙂🙂👍👍👍🙂👍👍🙂🙂🙂👍👍👍👍👍🙂🙂👍👍👍👍👍👍👍👍👍👍👍👍👍👍👍👍👍👍👍👍👍👍👍👍🙂🙂👍🙂👍🙂👍🙂🙂👍👍🙂👍👍🙂🙂👍🙂🙂🙂🙂🙂🙂🙂👍👍👍👍🙂🙂🙂👍👍👍🙂🙂🙂🙂👍👍 thanks 🙏🙏 you mesho thankyou ver,Positive,None,None,None,None,None,None,None,None,None,None,None,Positive,Punit,train,True
R151,1,Blinkit,platform,1,8193c718-8308-44db-9727-b37116da1608,ek dam bhakws bas lutne ka kaam he kisiko dawnload karn ki zarurat nhi he,Negative,None,None,None,None,None,None,None,None,None,None,None,Negative,Punit,train,True
R154,1,Zepto,platform,1,32919fd9-7a00-49ca-bce6-96fa089c40b7,Bekar app hai refer nhi mila 😡,Negative,None,None,Negative,None,None,None,None,None,None,None,None,Negative,Punit,train,True
R157,1,Meesho,platform,1,8f6cf24d-1ffe-46f6-9ed2-b175049eb795,Sabse bura app hai👿🤐🤮🤮🤮,Negative,None,None,None,None,None,None,None,None,None,None,None,Negative,Punit,val,True
R160,1,Zepto,platform,3,f1f765b3-4871-4d66-981e-030ec3ff847e,"zepto wallets me paise add matt karna koi Varna scam hojayega.mene 10,000 add kiye koi matlab nhi nikal raha upi se payment karo sab wallets me galti se bhi matt dalna isme scam ke tarike dhundhke rakhe hai.",Negative,None,None,None,None,None,None,Negative,None,None,None,None,Negative,Punit,train,True
R163,1,Zepto,platform,1,0a2fa459-617d-4e90-91b6-f2b2c80523fe,Maine ek charging cable mangaya tha charging cable dusre mobile kahan gaya hai a gaya hai usko wapas karna hai main Kai din se TRAI maar raha hun kripya karke wapas karaiye ok,None,None,None,None,None,None,None,Negative,None,None,None,Negative,Negative,Punit,train,True
R166,1,Nykaa,platform,5,fe0d873b-0908-40e0-97a7-a4a551488c27,bhot ache discount hai,Positive,None,None,Positive,None,None,None,None,None,None,None,None,Positive,Punit,train,True
R169,1,Blinkit,platform,1,3c3c22e3-00bc-457c-81f3-c9b012ae14db,Hindi bhasha mein bhi option Hona chahie,Negative,None,None,None,None,None,None,None,None,None,Negative,None,Negative,Punit,train,True
R172,1,Meesho,platform,3,70ca7ee9-9429-4c79-af4d-7360afdd5509,yaha ka customer fraud jada karta hai us pa koi work nahi karta hai mesho team ulta reverse loss manufacturing wala ka hota hai uspa kuch charge karna chiya taki fraud customer aur ek sedofax wala dono na sara kuch ma loss bhout jada kiya hai kay sadofax wala blind hota hai usko padha nahi aata hai kay return mai da raha hai liya kiya tha 😢😔😔🥺ya dono kash kar isma jada to return jo lana jata hai sedofax wala usko dhak kar lana chahiye customer kay wahi da raha hai jo liya tha isma loss ham..,Negative,None,None,None,Negative,None,None,None,None,None,None,None,Negative,Punit,val,True
R175,1,Blinkit,platform,5,00f83151-213a-4ffe-947d-2593fdd71949,bahut achcha app hai,Positive,None,None,None,None,None,None,None,None,None,None,None,Positive,Punit,train,True
R178,1,Meesho,platform,1,fca594a7-b22a-4551-a13b-03bbf4f4cf40,meesho app pe koi bhi odar de ne nahi aata hai sab se ghatiya aap hai 😡 aapko bole ge ki 2 se 3 wait kar lo aap ka odar mil jayega lekin baad me odar cancel kar dete hai 😡,Negative,Negative,None,None,None,None,None,None,None,None,None,None,Negative,Punit,train,True
R181,1,Meesho,platform,3,2accafd6-3f65-4717-8f20-1920a54508e8,meesho bohot bohot acchha hai pr kabhi kbhi galt to kbhi galti se kharab product aa jate hai pr km paiso me acche product bhejate hai tx messho,Mixed,None,None,None,Neutral,None,None,None,None,None,None,None,Positive,Punit,train,True
R184,1,Meesho,platform,4,05d52335-b38a-4be9-b70f-85166e5d14db,bahut aasa app h thanks meesho,Positive,None,None,None,None,None,None,None,None,None,None,None,Positive,Punit,train,True
R187,1,Blinkit,platform,4,0b806630-6bb8-4765-8624-4d32c0bf71fd,very good app hai very nice maza aa raha hai,Positive,None,None,None,None,None,None,None,None,None,None,None,Positive,Punit,train,True
R190,1,Zepto,platform,4,712dcdad-119c-4f44-aac8-6d77c15328cc,thank september bahut achcha,Positive,None,None,None,None,None,None,None,None,None,None,None,Positive,Punit,train,True
R193,1,Blinkit,platform,4,a7411df2-d59d-425f-932d-93cbe73815e2,p product mahanga milta Hai discount chahie product ke piche aur product sasta chahie,Negative,None,Negative,Negative,None,None,None,None,None,None,None,None,Negative,Punit,train,True
R196,1,Meesho,platform,1,1a0383ff-c9b8-4002-a0e9-5742629c3245,jyada acha app nhi hai👎👎👎,Negative,None,None,None,None,None,None,None,None,None,None,None,Negative,Punit,train,True
R199,1,Blinkit,platform,4,43751140-b3e5-4e28-b01a-b445b0dd91c7,yah log acche se baat baat karte hain aur sath ke sath acche jaldi jaldi delivery kar dete Hain per kabhi kabhar ismein Se Koi delivery partner bahut Bura karte hain kyunki kabhi kbar hamara Jo order hota hai vah apne pass Rakh leta hai bolate ki han unhone online payment bhi kar Rakhi hoti Ham logon bus aage se yah sab Na Ho please,Mixed,Neutral,None,None,None,None,None,None,None,Neutral,None,None,Neutral,Punit,train,True
R202,1,Meesho,platform,4,46c942f5-b70c-4a4f-86d1-bbea0e7b6d5e,abhi to theek hai,Neutral,None,None,None,None,None,None,None,None,None,None,None,Neutral,Punit,train,True
R205,1,Zepto,platform,1,86efd89a-6469-4f89-9bdf-1ddc83aaae20,loafer nahin kar raha hai,Negative,None,None,None,None,None,None,None,None,None,None,None,Negative,Punit,train,True
R208,1,Zepto,platform,1,b12cf7f0-9de2-4207-8b5e-d2bdadbd6813,mere paise is aap m add nhi ho rhe h bilkul aacha nhi h ye,Negative,None,None,None,None,None,None,Negative,None,None,None,None,Negative,Punit,train,True
R211,1,Nykaa,platform,5,8f710bcc-042b-47bb-a6a1-2682ecee4b98,product acha ho bus,Neutral,None,None,None,Neutral,None,None,None,None,None,None,None,Neutral,Punit,train,True
R214,1,Meesho,platform,5,923c8e37-08ec-4103-8e52-5173dd1911b1,jo bhi product magate he bohot achhi quality or kab time ke andar aa jata he hme product bohot pasand ate he,Positive,Positive,None,None,None,None,None,None,None,None,None,None,Positive,Punit,train,True
R217,1,Meesho,platform,1,9471f746-7715-4284-ad5c-85388a30708a,bohot bekar app h ise download mat karo,Positive,None,None,None,None,None,None,None,None,None,None,None,Positive,Punit,train,True
R220,1,Meesho,platform,3,7f121aa8-c90d-4443-a00b-3af356cebd2d,mere mobile mein cash on delivery kyon nahin a raha hai meesho app per,Negative,None,None,None,None,None,None,Negative,None,None,None,None,Negative,Punit,train,True
R223,1,Meesho,platform,1,c2c1bd09-43ca-44cc-8d3e-40801347ca21,ye bhut kharab hai isme invite karne per paisa nhi milta hai,Negative,None,None,Negative,None,None,None,None,None,None,None,None,Negative,Punit,train,True
R226,1,Meesho,platform,1,f25f89be-5323-49a0-b723-3c1d4161b70e,"bekar app h Bina mtlb ke hi block dera h ,,,,, customer care bhi smjh ke bahar h , unse pucha kyu block Kiya bolte ki hm kuch ni kr skte ,,,,,,",Negative,None,None,None,None,None,Negative,None,None,Negative,None,None,Negative,Punit,train,True
R229,1,Zepto,platform,1,6d29980d-4379-449c-80f9-021200e291a1,mera zepto ka cash baik nahi ho raha gai,Negative,Negative,None,None,None,None,None,None,None,None,None,None,Negative,Punit,train,True
R232,1,Meesho,platform,2,944cc029-0d48-4394-87a5-219058139148,pata nahin kya ho raha hai kab Ek Bar Na Mera order ship hota hai lekin vah ship matlab Mere Ghar per I Nahin Pata Hai ship Mein Atak Jata Ho,Negative,Negative,None,None,None,None,None,None,None,None,None,None,Negative,Punit,train,True
R235,1,Meesho,platform,3,ca53af2e-c994-4642-86f5-66a27c52ecd7,Maine order kiya tha shoes 346 ke aur FIR uske bad Maine return kiya tha delivery boy anniversary return ko cancel kar diya juta apne pass Rakh liya FIR uske bad number bhi nahin utha raha hai Gola mein uska office shadow phone Naam Se,Negative,Negative,None,None,None,None,None,Negative,None,Negative,None,None,Negative,Punit,val,True
R238,1,Meesho,platform,1,ea2947e4-e199-4250-8fa9-d05ae87589b9,bohot buri service mera product return ni hua paise bhi kharab ho gae don't use it,Negative,None,None,None,Negative,None,Negative,None,None,None,None,None,Negative,Punit,train,True
R241,1,Meesho,platform,1,d510ae1c-35fe-49c3-b24b-0295258f9277,ak odar kiya vobi nhi aaya he 1 ka kesal kiya vaps 5 tarikha abi 8 tarikha ka he aase mat karo,Negative,Negative,None,None,None,None,Negative,None,None,None,None,None,Negative,Punit,train,True
R244,1,Zepto,platform,5,854a6d65-1f77-496f-9c57-fa7e5a315721,"good good good good good good good good bahut, badhiya hai AAP bhi mangwai.Yeh, log delivery charge Le lete Hain isliye bahut bekaar saman aata hai or ye log paise bhi Jayada Le lete Hain Agar Yeh delivery charges, Nain Toh baat bane Mera.Ghar inke japton, ke mall, ke samne Hain per phir, bhi, log hamein, delivery charges, laga dete Hain hamne kind kharida.Tay ek pachaas ka kharida tha or Assi rupaye yaniesh NE tees, rupaye charges laga.Ke bahut , ganda ganda ganda , ganda , ganda , ganda , 🤬🤬",Mixed,Negative,Negative,None,Negative,None,None,None,None,None,None,None,Neutral,Punit,train,True
R247,1,Zepto,platform,3,238e786d-9f7a-4d4d-87d1-a7a72b6545f4,theek hai yani ki normali kam chal sakta hai,Neutral,None,None,None,None,None,None,None,None,None,None,None,Neutral,Punit,train,True
R250,1,Zepto,platform,1,b4268eca-3715-4c85-9bb3-d3f288fc852e,Aspire Saman bechti Hai yah app isase Koi Saman Na Le,Negative,None,None,None,Negative,None,None,None,None,None,None,None,Negative,Punit,train,True
R253,1,Meesho,platform,2,e2c548f7-af89-4e1b-b50c-e37ea182117b,order itna let kyon aata hai 🤨🤨,Negative,Negative,None,None,None,None,None,None,None,None,None,None,Negative,Punit,val,True
R256,1,Meesho,platform,3,f7078cd6-ee67-4486-8533-d2007ee860d5,saman shii ata hai pr kabhi kabhi kharab bhi aata hai,Mixed,None,None,None,Neutral,None,None,None,None,None,None,None,Neutral,Punit,train,True
R259,1,Meesho,platform,2,151c9df4-f5a5-4730-aca7-271bbe375e7b,Bahut achha maal aata hai,Positive,None,None,None,Positive,None,None,None,None,None,None,None,Positive,Punit,train,True
R262,1,Blinkit,platform,1,c29465f0-b09b-4201-9c41-d64ab14af777,rifund dene me jada tame lagata aap ka help lain no. nahi hai,Negative,None,None,None,None,None,None,None,Negative,None,None,None,Negative,Punit,train,True
R265,1,Zepto,platform,1,19d32697-df63-4115-9e3b-55127d5abbb0,Jo Rate Dikaye Wo Nhi Milla,Negative,None,None,None,Negative,None,None,None,None,None,None,None,Negative,Punit,train,True
R268,1,Meesho,platform,1,ae97a693-9ac6-442a-93b2-a465d1ae3d04,order Kiya or 5 agust bta rha hai or aaj 7 aagstb hai or aabhi order nhi aaya,Negative,Negative,None,None,None,None,None,None,None,None,None,None,Negative,Punit,train,True
R271,1,Meesho,platform,5,881943de-8834-43f4-a622-e22047be2c45,Mujhe paise kamane ka mauka dijiye main Jyada Se Jyada share aur aage badhaunga,Positive,None,None,None,None,None,None,None,None,None,None,None,Positive,Punit,train,True
R274,1,Blinkit,platform,1,749ecd73-a8bd-4085-b837-86015f7bed36,koi discount nahi milta h,Negative,None,None,Negative,None,None,None,None,None,None,None,None,Negative,Punit,val,True
R277,1,Blinkit,platform,4,ee555801-1e75-42b1-a8c6-dfd0eeced659,bohut acha hai aap hai delivery bhi achi hai,Positive,Positive,None,None,None,None,None,None,None,None,None,None,Positive,Punit,train,True
R280,1,Blinkit,platform,4,72a2ad48-eb0d-4b19-928c-2e2a7a598e99,Bahut bahut dhanyavad bahut fast delivery,Positive,Positive,None,None,None,None,None,None,None,None,None,None,Positive,Punit,train,True
R283,1,Meesho,platform,2,7bac23a8-c320-4360-963b-10fe42460d18,"field, bataye to, kya kar",Neutral,None,None,None,None,None,None,None,None,None,None,None,Neutral,Punit,val,True
R286,1,Meesho,platform,2,591e3ab0-1838-4a6d-894c-b51354f9d4ed,pahle ke Data ko khud nahin feel karne se to khud Hi khud feel kar deta hai mujhe is baat Ko gussa a Gaya,Negative,None,None,None,None,None,None,None,None,None,Negative,None,Negative,Punit,train,True
R289,1,Nykaa,platform,5,540008d0-aeab-4796-ac3b-8b903fc3b8d6,nykaa mene abi use kiye hai mujhe ye bahut badhiya laga 🥰,Positive,None,None,None,None,None,None,None,None,None,None,None,Positive,Punit,train,True
R292,1,Blinkit,platform,4,ade2f053-b7e2-4e6e-88ce-80585d7f202a,this is a nice app this aur isne mere ko 8.5 minute me delivery de diya best app❤❤,Positive,Positive,None,None,None,None,None,None,None,None,None,None,Positive,Punit,train,True
R295,1,Blinkit,platform,1,70817859-db61-4197-9af9-c38f710fceed,yeh aap bhot mehnga he or mere sath fraud kiya he action lijiye iske khilaaf,Negative,None,None,None,None,None,None,None,None,None,None,None,Negative,Punit,train,True
R298,1,Zepto,platform,1,253e2fd5-f180-47f5-947f-0f5081c3c632,"Bahut hi bekar app hai pahle to ye log home screen pe likh rakhe hai pahle order pe ₹50 off lekin nhi ho rha hai. ₹50 off on your 1st order. ye diya jana chahiye ya fir ye dikhna hi nhi chahiye Home screen par '₹50 OFF on your 1st order' prominently dikhaya ja raha hai, lekin checkout par discount apply nahi ho raha. Agar offer conditions hain to unhe clearly mention karna chahiye, warna aisi advertising users ko mislead karti hai",Negative,None,None,Negative,None,None,None,None,None,None,None,None,Negative,Punit,train,True
R301,1,Nykaa,platform,1,4c7ccf3e-6b44-40bf-8faa-3d3b8ea5d40e,very bed service maine damej lipistic retrun kya tha abhi tak picup nhi hua 7days ho gye 😡,Negative,Negative,None,None,None,None,Negative,None,None,None,None,None,Negative,Punit,train,True
R304,1,Zepto,platform,5,07c04e74-f3dc-4309-9278-92f8d48ae94a,bhot hi acha ha,Positive,None,None,None,None,None,None,None,None,None,None,None,Positive,Punit,val,True
R307,1,Meesho,platform,1,1d6035fa-034e-4524-b0df-a01105e90c78,faltu or froud site hai 500 ka chuna lga diya is app ne .product mostly to defective bhejte hai or v return or exchange ka dalo request to wo v nhi krte hmesa reschedule kr re customer care se bat krne pr hmesa next date de de kr talte rhenge or inke pass koi solution nhi hota . its a worst experience plzz don't order from this website. 9 aug ko product order kiya 13 aug ko exchange req but aj 22 sep tk koi response nhi de re na hi previous complain ka update. plzz don't buy from this worst app,Negative,Negative,None,None,Negative,None,None,Negative,None,Negative,None,None,Negative,Punit,train,True
R310,1,Meesho,platform,5,9e497c39-d6ae-4841-aeef-81a3f77d049b,mere meesho se kuch bhi order nhi hota hai,Negative,None,None,None,None,None,None,None,None,None,None,None,Negative,Punit,train,True
R313,1,Meesho,platform,1,bf3632e6-d66f-4fd7-b971-ea9c065be1d2,comment kr diya to block.kr diya etna ghtiya app hai koe product Mt lena chor h ye mngvate vo ni niklta hai,Negative,None,None,None,None,None,None,None,Negative,None,None,None,Negative,Punit,train,True
R316,1,Zepto,platform,1,4413b0fa-6392-4c2f-b534-1d2945c71f44,"very bad experience.....bahut ghatiya app hai, maine ek white kurta order Kiya tha lekin pasand nhi aane ke wajah se return kr diya ....but delivery boy return le kr gaya product aur mujhe abhi tak refund nhi mila aur na hi inhone contact number diya hai jisase ki mai contact krke complaint raise karu .....bahut hi ghatiya app hai please don't use it",Negative,None,None,None,None,None,Negative,Negative,None,Negative,None,None,Negative,Punit,train,True
R319,1,Meesho,platform,3,8fb85374-37ac-4852-9471-c08fedcf92e9,baki sab mein yah theek hai per electronic mein yah bahut electronic saman saste se sasta mahange main phone mobile in ki baat nahin kar raha hun main main motors kar kar ke parts vagaira ki baat kar raha hun battery chhoti battery ki baat Inka ek Bluetooth module coffee price per milta Inka ek charging mobile kafi jyada price se milte,Mixed,None,Positive,None,Positive,None,None,None,None,None,None,None,Neutral,Punit,val,True
R322,1,Blinkit,platform,1,500d5211-56c2-4097-bb28-97f9997034fe,free ice cream ha hi nhi,Negative,None,None,Negative,None,None,None,None,None,None,None,None,Negative,Punit,train,True
R325,1,Meesho,platform,2,89a83740-5e9c-496a-bc5e-47a338b336c7,hame is app me muze money pay ka option nahi he,Negative,None,None,None,None,None,None,Negative,None,None,None,None,Negative,Punit,train,True
R328,1,Meesho,platform,4,19b0212a-deee-4622-bd12-af2dae47c534,mirn ek bhi star nhi dena chahaati hun jmein jab bhi order karti hun mera order case on delivery nhi ho rahr hai mere paas case nhi hai mobile mein,Negative,Negative,None,None,None,None,None,None,Negative,None,None,None,Negative,Punit,train,True
R331,1,Meesho,platform,5,32cc0e82-a4da-4ee4-be32-9df68a8f390b,bahut achcha app Hai sasta Saman milta Hai,Positive,None,Positive,None,Positive,None,None,None,None,None,None,None,Positive,Punit,train,True
R334,1,Nykaa,platform,5,355c456d-068e-4ec6-93f5-6e3a8ac073ae,bahut bahut achcha hai,Positive,None,None,None,None,None,None,None,None,None,None,None,Positive,Punit,train,True
R337,1,Blinkit,platform,1,d2ae531f-a9ae-4424-99f3-3012df0468d6,bahut gande pakit dete h esa koi saman nhi aata jis dhoye bina rakha ja skte,Negative,None,None,None,Negative,None,None,None,None,None,None,Negative,Negative,Punit,train,True
R340,1,Nykaa,platform,5,bcf4f867-7c82-4b93-a916-d6f502b82ef1,bahut hi acha app hai,Positive,None,None,None,None,None,None,None,None,None,None,None,Positive,Punit,train,True
R343,1,Blinkit,platform,2,b068be82-9f9c-40f7-8be4-47e44bdef15e,pic jaldi bhejo yaar bahut talab hai,Negative,Negative,None,None,None,None,None,None,None,None,None,None,Negative,Punit,train,True
R346,1,Meesho,platform,3,bde0b1b8-892a-4d6c-855b-a55fe462baf4,Maira app meesho permission nhi de rha hai meesho jo bhi use kar rha hai mat kare sarvice bekar hai very bad,Negative,None,None,None,None,None,None,None,Negative,None,None,None,Negative,Punit,val,True
R349,1,Blinkit,platform,1,6b0e5525-a5f2-4564-a42a-84d3a1691dcd,very poor Hai ismein order cancel nahin hota ise Koi bhi mat load karna,Negative,None,None,None,None,None,None,None,None,Negative,None,None,Negative,Punit,val,True
R352,1,Zepto,platform,1,9dce8e4b-072e-4017-9b8f-6c47598c2530,Mera id band kar diya hai,Negative,None,None,None,Negative,None,None,None,None,None,None,None,Negative,Punit,train,True
R355,1,Blinkit,platform,5,9b31dd3a-b9e7-4b2c-bf7a-f3c48725c199,app bahut mast hai,Positive,None,None,None,None,None,None,None,None,None,None,None,Positive,Punit,val,True
R358,1,Blinkit,platform,3,bc46e9f0-c175-4188-b3b9-ad9f3a7e1a35,mujhe aap to bada achcha Laga kam bhi achcha karte Hain lekin mere Kshetra mein abhi inki service nahin Hai Main chahta Hun ki mere Kshetra mein bhi service Ho taki taki kuchh bhi Saman ab tak pahunch sake,Mixed,Negative,None,None,None,Negative,None,None,None,None,None,None,Neutral,Punit,val,True
R361,1,Meesho,platform,2,35bb3a7b-8533-4a71-b8ae-1dd5b512362d,jdjdjdbdjskabsb me to send the link send Kiya tha na ki writing and y I asked him ye 😞 hai to wo e na ki writing a review on our way 😔 me know when and how to use this is the best for the link below to delete kar do you want it for you and the link to my email address is being used by any virus transmitted or right to the same ho gaya hai karo ki height is the best friends 😛 and t kya hua tha na ki height and weight and weight and feel of hii sir good day I was in a call to discuss about exca,Neutral,None,None,None,None,None,None,None,None,None,None,None,Neutral,Punit,train,True
R364,1,Zepto,platform,4,b9a2e7ac-d139-477d-ba15-07e8f36878ed,delivery charge bahut jyada,Negative,None,Negative,None,None,None,None,None,None,None,None,None,Negative,Punit,val,True
R367,1,Meesho,platform,2,921a7920-4dea-43cf-8b59-8dfa0c2a53ca,dusra koi online pay kar sake asa option add kijiya,Neutral,None,None,None,None,None,None,Neutral,None,None,None,None,Neutral,Punit,train,True
R370,1,Blinkit,platform,4,003650bd-4b0a-4fc3-af8b-ebe6b100be7b,in the end ty ji,Neutral,None,None,None,None,None,None,None,None,None,None,None,Neutral,Punit,train,True
R373,1,Zepto,platform,3,655aaf3e-0604-4517-b924-969aafd722af,Bhut acha app hai,Positive,None,None,None,None,None,None,None,None,None,None,None,Positive,Punit,train,True
R376,1,Zepto,platform,2,2f077a5e-25a2-4bbd-83e2-7ee9682d8f27,sudhar ki jarurat hai,Negative,None,None,None,None,None,None,None,None,None,None,None,Negative,Punit,train,True
R379,1,Nykaa,platform,5,a397687a-dc6c-4237-85cb-a631e9d751bd,badiya. h pr ledis ka h ye aap,Positive,None,None,None,None,None,None,None,None,None,None,None,Positive,Punit,val,True
R382,1,Zepto,platform,5,49382889-33fb-48e4-af7b-bcc208c65043,app acha he but delivery boy ke pas me change ni milta🥲,Mixed,None,None,None,None,None,None,None,Negative,None,None,None,Neutral,Punit,val,True
R385,1,Zepto,platform,5,e7afcbe6-b23f-4aaa-877c-993cf68058c5,bahut hi accha hai,Positive,None,None,None,None,None,None,None,None,None,None,None,Positive,Punit,train,True
R388,1,Zepto,platform,1,ce73a1b7-7039-4098-aa2c-1c5e52818fb2,Sir mera zepto free cash disable d q show hora hai 2 week se issue aara hai plss solved this issues,Negative,None,None,None,None,None,None,Negative,None,None,None,None,Negative,Punit,train,True
R391,1,Meesho,platform,5,f54799aa-2727-474d-9cf8-7285a58a48c3,yah app samay samay per delivery aur sasta aur tikau Mal dete Hai,Positive,Positive,Positive,None,Positive,None,None,None,None,None,None,None,Positive,Punit,train,True
R394,1,Meesho,platform,1,aedf983f-2cbc-4900-9a8a-901319aa163b,mujhe itna gussa aa raha hai sach me maine do product bulaye aur mujhe different receive hue to maine return request ki 7 september ko lekin tabse aaj tak bas delay hi ho raha hai. maine bohot baar customer care pe complaint ki lekin koi fayda nahi abhi bhi delay hai. 7 september se aaj 22 september hai lekin abhi tak bas roj delay hi kar rahe hai. mujhe jaldi se jaldi ye problem solve karke do.,Negative,None,None,None,None,None,Negative,None,None,Negative,None,None,Negative,Punit,train,True
R397,1,Zepto,platform,1,bfd93b2a-67d9-40e0-8cab-ebcc8ed66af1,Mere free cash activate nahi ho raha hai,Negative,None,None,None,None,None,None,Negative,None,None,None,None,Negative,Punit,val,True
R400,1,Zepto,platform,1,be9017e2-7743-4739-9448-45e0fa5b670d,mujhe 125 nahin mile,Negative,None,None,None,None,None,None,Negative,Negative,None,None,None,Negative,Punit,train,True
R403,1,Meesho,platform,3,b93ca2aa-bbc0-49d7-b6c1-f0bd792cf973,es app me agar ek bhi order cancel kar do to product cash on delevery nhi milta mahenga bhi ho jata hai . . . . . . . .. . . . . . . . . . . . . . . . . . . .. . . . .. . . . .. . .,Negative,None,Negative,None,None,None,None,None,None,None,None,None,Negative,Punit,train,True
R406,1,Blinkit,platform,1,e2622b36-9c88-42db-ad19-62c7d1d67915,20 May Ko Maine Philips ka LED liya jo ki ab kam nahin kar raha jiski 1 year warranty hai mujhe kahan per Jana hoga product ko exchange karne ke liye electronic Saman warranty Wala kharidna bhi blinkit s samasya Hai,Negative,None,None,None,Negative,None,Neutral,None,None,Negative,None,None,Negative,Punit,train,True
R409,1,Zepto,platform,3,789c0a24-6511-4f19-b9a4-2f204bd5d543,bahut hi achcha app hai,Positive,None,None,None,None,None,None,None,None,None,None,None,Positive,Punit,train,True
R412,1,Meesho,platform,1,f5b7cb8a-9889-40e9-9d93-b0b2979aa4a2,bilkul ghatiya app h customer ko bevkoof bnate h mere oder kiya tha pese pahle online kar diya 4 din bad ish app me btate h ki aapka oder diliver ho gya h lekin muje mila hi nahi,Negative,Negative,None,None,None,None,None,None,Negative,Negative,None,None,Negative,Punit,train,True
R415,1,Meesho,platform,1,5f5ea0c0-5bdb-45ec-9c72-6cb241138e58,is app ko to Gali Dene ka man karta hai,Negative,None,None,None,None,None,None,None,None,None,None,None,Negative,Punit,val,True
R418,1,Meesho,platform,2,9cecf2bc-d7e3-40a5-ae08-c0a81d99a0ec,Bhut accha Raha hai,Positive,None,None,None,None,None,None,None,None,None,None,None,Positive,Punit,train,True
R421,1,Blinkit,platform,5,fd37a664-2ed5-4cab-be32-a75b2a1f18b4,bhot acha app ha koi delavri charges nahi ha,Positive,Positive,Positive,None,None,None,None,None,None,None,None,None,Positive,Punit,train,True
R424,1,Meesho,platform,1,8d8e1114-d293-48ea-85c9-e4692c88e9ac,"6 September ko maine Thai vokka or oud ka 200ml pack Rs 290 me purchase kiya,or usi time payment bhi kar di.Inhone 20 September tak delivery ka jhansa dete rahe or 21 Sept ko order cancel kar ke meri Rs 290 ki payment refund kar di or same order dobara Rs 333/- me purchase karne ke liye bola,15 din mere paise free me use kar ke same order or jyada paiso me kharidi ? Kya inhone castumar ko bewkuff samjha hai ????",Negative,Negative,Negative,None,None,None,None,None,Negative,None,None,None,Negative,Punit,train,True
R427,1,Meesho,platform,1,dd46e8a7-827a-487f-9f63-8567fd57b34f,aacha hai lekin siej and qwality thik nahi hai,Mixed,None,None,None,Negative,None,None,None,None,None,None,None,Neutral,Punit,val,True
R430,1,Meesho,platform,2,a19073ea-745e-454c-bf5f-6d83211adae3,bahut mahanga saman milta hai,Negative,None,Negative,None,None,None,None,None,None,None,None,None,Negative,Punit,train,True
R433,1,Blinkit,platform,1,a1d1b7a1-646f-4edf-ba74-670dd50b4e4c,isme kuchh samna by mistake aajae to ye log return ya exchange bhi nahi karte or itne gande log h blinkit me pese ethne ke liye bolte h change ni h mere 979 ka nuksaan ho gya,Negative,None,None,None,None,None,None,Negative,Negative,None,None,None,Negative,Punit,val,True
R436,1,Nykaa,platform,2,65cf9e6e-5d5e-4a8c-aab5-3bdbd5b53c4d,ye app sahi hai,Positive,None,None,None,None,None,None,None,None,None,None,None,Positive,Punit,train,True
R439,1,Zepto,platform,3,77623501-2c97-457d-87bb-7ec5efa52b73,costumer support nahi hai baki okay 👍,Mixed,None,None,None,None,None,None,None,None,Negative,None,None,Neutral,Punit,train,True
R442,1,Blinkit,platform,2,77fe0ab1-1b84-4bbf-8a50-01e94171f307,delevery charge aur handling charges dono😭😭,Negative,None,Negative,None,None,None,None,None,None,None,None,None,Negative,Punit,train,True
R445,1,Meesho,platform,5,a00ec31e-c477-401d-8c54-4c640ff080fd,bahut achha app he sopping karne ke liye . best home delivery servise he . mujhe is app ko istemal karke sopping karne me aasani hui . thanks meesho meri sopping asan bnane ke liye .,Positive,Positive,None,None,None,None,None,None,None,None,None,None,Positive,Punit,train,True
R448,1,Meesho,platform,4,c5fc95eb-061f-49b0-b464-65c443c99de5,yah bahut hi achcha hai ise download karo bhaiya,Positive,None,None,None,None,None,None,None,None,None,None,None,Positive,Punit,train,True
R451,1,Meesho,platform,2,2c4985f8-1853-49b1-aaca-d18511ec68b8,"70% MAHA DEAL IS FAKE, 😡 Normal Day Se Jada Price Hai, Price high dikhna koi problem ya issue nahi hota, sab ka mobile me same price hai, price low karo, issue apne aap solve ho Jayega",Negative,None,Negative,Negative,None,None,None,None,None,None,None,None,Negative,Punit,train,True
R454,1,Zepto,platform,1,c7f91c6f-bc1d-490c-8be9-3b7713480f3f,App me coupan nhi aata..,Negative,None,None,Negative,None,None,None,None,None,None,None,None,Negative,Punit,train,True
R457,1,Meesho,platform,1,e23458e7-bbd9-4cb1-b1f0-1d0caeb3f939,sabse ghtiya colity ke saman milte hai yha ye product khule hue deta hai .... mat lo is aap se saman,Negative,None,None,None,Negative,None,None,None,None,None,None,Negative,Negative,Punit,train,True
R460,1,Blinkit,platform,1,b6869f98-ce57-404f-9f43-20dc8a4006cf,isko open karne lage open hi nahin hota bahut bekar hai,Negative,None,None,None,None,None,None,None,None,None,Negative,None,Negative,Punit,train,True
R463,1,Meesho,platform,1,89d166e0-87b7-496c-a327-55ef5969953e,video real sev karne ka option nahin Hai 😿,Negative,None,None,None,None,None,None,None,None,None,Negative,None,Negative,Punit,val,True
R466,1,Meesho,platform,1,2bb5c370-ba4b-48e4-972c-ce48f3f74437,bhai ye ap bhout bekar he kabhi time se order delevery nahi karta ha,Negative,Negative,None,None,None,None,None,None,None,None,None,None,Negative,Punit,train,True
R469,1,Zepto,platform,3,862b3871-04ef-47ee-82ab-65f5f8d9c341,Milk bahut bar that gya,Negative,Negative,None,None,None,None,None,None,None,None,None,None,Negative,Punit,train,True
R472,1,Meesho,platform,3,f89f5b80-52c2-4f4a-aa9c-09daf840629a,mere account ko block kar diya hai 😭,Negative,None,None,None,None,None,None,None,None,None,Negative,None,Negative,Punit,train,True
R475,1,Blinkit,platform,1,28bcd4c2-1863-41ef-9f0b-b8d4f38864b7,bahut hi bekar aap hai paise bhi kat Gaye aur refund bhi nahi aaya 253 rs 3 din ho gya abhi tak nahi aaya,Negative,None,None,None,None,None,None,Negative,Negative,None,None,None,Negative,Punit,train,True
R478,1,Meesho,platform,2,68615a78-10eb-4969-a88f-b1b8bb9e02df,messho hamre yaha service kyu provide nhi kara rha hai ye datri me service provide nhi kar raha hai,Negative,None,None,None,None,Negative,None,None,None,None,None,None,Negative,Punit,train,True
R481,1,Meesho,platform,1,0035d12c-f631-4cd2-8950-e62be8a2ad9c,Bohot hi kharab Aap hai koi ise Daunlod na kare koi bi account na banae ek bar account banane ke bad fir vo kbi delete nahi hota hai bohot kharab Aap hai,Negative,None,None,None,None,None,None,None,None,None,Negative,None,Negative,Punit,train,True
R484,1,Blinkit,platform,2,8766f10a-98cd-4982-93a3-c1dccfc5cec8,first order 50% of bolkar Ek bhi percent free nahin diya hai full payment,Negative,None,None,Negative,None,None,None,None,None,None,None,None,Negative,Punit,train,True
R487,1,Meesho,platform,1,64a130f1-7cd6-49a4-bbb1-5b1553890a0e,bahot mahanga saman deta hai,Negative,None,Negative,None,None,None,None,None,None,None,None,None,Negative,Punit,train,True
R489,2,Myntra,platform,2,a9f79edb-1eab-41d9-8c89-f6f309d4521b,ab uninstall kr rhi hun myntra credit ka limit lga diya hai,Negative,None,None,None,None,None,None,None,Negative,None,None,None,None,shared (3 annotators),test,False
R490,2,Purplle,d2c,1,ab258fbc-7da8-4e94-9861-803687f23251,Purple ek bad bekar aap h es se mene 5 bar order kiya h 7000 h pr ek bar bhi delivery nhi huei h order ki har bar undelivered hi hota h jb delivery nhi krni hoti h to order hi q lete h kuch kre order lete h to deliver bhi kiya kre es se castomer pareshan hote h,Negative,Negative,None,None,None,None,None,None,None,None,None,None,Negative,shared (3 annotators),test,False
R491,2,Flipkart,platform,2,a3f0fd19-3194-44e0-abff-9f6df4657e2d,login nhi ho raha hai jald theek kare,Negative,None,None,None,None,None,None,None,None,None,Negative,None,None,shared (3 annotators),test,False
R492,2,Lenskart,d2c,1,7af60f8b-8ac3-49d2-87ad-66ff3a5f6b53,Ye china company hai Quality 3rd class hai Don't buy Lenskart Don't waste your Money,Negative,None,None,None,Negative,None,None,None,None,None,None,None,Negative,shared (3 annotators),test,False
R493,2,Purplle,d2c,1,22fb5f8b-b84b-42f6-aea5-7aa132b561ee,galti se bhi is app se kuchh mat khareed lena Maine order kiya tha aur phone pay bhi kar diya tha aur ek ek din karke date aage badhaye Ja Rahe the FIR isliye maine cancel Kiya order aur mere paise bhi mujhe wapas nahin mile aur is app mein itna bekar hai ki ismein call karke kuchh poochh bhi nahin sakte kya hai kya nahin aur yah bhi hai ki agar aapko Koi product inhone bhej diya hai aur vah aapko pasand nahin Aaye to aap pasand nahin aaya to bhi aap use return kar hi nahin sakte,Negative,Negative,None,None,None,None,None,Negative,None,Negative,None,None,None,shared (3 annotators),test,False
R494,2,AJIO,platform,4,31321722-6d11-432a-9fdb-bb898534ac89,Branded chije kharidne ke liye bahut hi achha app h,Positive,None,None,None,Positive,None,None,None,None,None,None,None,Positive,shared (3 annotators),test,False
R496,2,Purplle,d2c,1,243cd797-68e5-4f7d-b11d-7032490ef946,"bhut hi bekar aap hai koi bhi delivery time se nahi hoti hai..abhi tk 4 dino se mera order nahi aarha hai.. or online pese bhi le liya hai...order cancel karne pr cancel bhi nahi hota or refund bhi nahi hota.. ""please don't use this aap""",Negative,Negative,None,None,None,None,None,Negative,None,None,None,None,Negative,shared (3 annotators),test,False
R498,2,Meesho,platform,3,652f3cb6-a61b-48df-a87b-842061cac2a2,Meesho abhi tk to thik tha but ab ap order company se hi cancel and return kr dete he mere order delivered nhi kr rhe ho kya vajh he or bhut dino tk panding me ho jate he plz btaiye,Mixed,Negative,None,None,None,None,None,Negative,None,None,None,None,None,shared (3 annotators),test,False
R499,2,Myntra,platform,3,ad38ebff-5d7e-4484-a613-6b8384fb5685,"product acche nahi lag rhe hai, clothes ki quality acchi nhi aa rahi hai aur rate bhi jyada hai bar bar return krana pad rha hai as compared to meesho",Negative,None,Negative,None,Negative,None,None,Negative,None,None,None,None,None,shared (3 annotators),test,False
R501,2,Snapdeal,platform,4,dd3d17f6-28dd-4043-86f2-2c4738ff895f,Delivery let Hoti hai 😈 Delivery boy raste mein aake vapis chala jata hai 😈,Negative,Negative,None,None,None,None,None,None,None,None,None,None,None,shared (3 annotators),test,False
R502,2,Purplle,d2c,2,5c177e5b-e661-4b2d-b61b-c7ebb8413c0f,kyunki kaha tha ki ek rupaye mein beauty product hai lekin vah rs 1 nahin jitna ka de raha hai aur bol raha tha ki rs 1,Negative,None,Negative,Negative,None,None,None,None,None,None,None,None,None,shared (3 annotators),test,False
R503,2,Swiggy,platform,5,c38d4ec1-dc05-4cb9-9e0c-2cfd544b0d74,Bahut achcha app hai yeh mujhe apne teacher ne bataya hai thanks teacher🌹🌹🌹🌹🌹🌹👨👨👨👨👨,Positive,None,None,None,None,None,None,None,None,None,None,None,Positive,shared (3 annotators),test,False
R504,2,Flipkart,platform,2,a499d7cc-9ba3-4f15-870a-0684cfad0aac,time per aap mera order pahuncha dena,Neutral,Neutral,None,None,None,None,None,None,None,None,None,None,None,shared (3 annotators),test,False
R505,2,Purplle,d2c,3,0ac61fb2-8aa4-4f98-a60f-e57ba2269996,product ache hai but 200 price hai to 300 le lete hai ye log or gift milega karke or add karne bolte hai or add karo to price uske actual price se jyada ho jata hai delivery charge hi 60 hai mehnge product pe thoda discount hona chahiye sirf likhne se nhi hota hai atleast expensive product per 30 rupees dilivery charge lena chahiye this is why iam disappointed 😞,Mixed,None,Negative,Negative,Positive,None,None,None,None,None,None,None,None,shared (3 annotators),test,False
R506,2,Blinkit,platform,5,e950f67f-b8de-4704-9640-2e03f7a9fceb,ok ok hai matlab bahut bekar majak kar raha hubadhiya nahi hai,Negative,None,None,None,None,None,None,None,None,None,None,None,Negative,shared (3 annotators),test,False
R507,2,Purplle,d2c,4,0416fa7a-033c-48d7-9937-764141f97157,packing acchi thi product bhi acche Hain but ek problem hai delivery ki delivery wale Ne mujhe 11:00 call karke 2:00 aaya dene,Mixed,Negative,None,None,Positive,None,None,None,None,None,None,Positive,None,shared (3 annotators),test,False
R509,2,AJIO,platform,5,8bfb9373-dd68-4dad-a246-eaf30fe97f92,mujhe bahut achha lga ajio,Positive,None,None,None,None,None,None,None,None,None,None,None,Positive,shared (3 annotators),test,False
R511,2,Purplle,d2c,5,6ed9f878-6f3f-4472-9c6e-3715cdcc5936,ye daulut nhi ho rah hai,Negative,None,None,None,None,None,None,None,None,None,Negative,None,None,shared (3 annotators),test,False
R512,2,Myntra,platform,3,ef765a02-50ff-43ad-aba3-6b7bda59bdc6,"Worst experience ever. I have been a regular customer of Myntra, but a very big scam happened to me. I ordered a Levi's long pant and shirt on prepaid. The delivery agent did not call me, and I did not receive any email. But it is showing “delivered” in my account. I called customer care many times, but they only keep giving me new time and dates. Until today, I have not received my items. At least they should tell me which delivery office the parcel went to. This is a very big scam with me..",Negative,Negative,None,None,None,None,None,None,None,None,None,None,None,shared (3 annotators),test,False
R513,2,BigBasket,platform,1,d78e0dd5-bc6d-4eb0-a280-7d5c14e8e448,bekar app ha ye time me order nahi a ate h isme,Negative,Negative,None,None,None,None,None,None,None,None,None,None,None,shared (3 annotators),test,False
R514,2,AJIO,platform,4,dd0d4d4c-851b-467d-bbe1-54df04530684,abhi to sab shi h lekin dekhte h thoda aur use karke,Neutral,None,None,None,None,None,None,None,None,None,None,None,Neutral,shared (3 annotators),test,False
R515,2,Lenskart,d2c,5,c6ed9a77-fa39-41fa-8a74-06d96bfe1590,ye app bahut achha hai aap 👍 bhi download kre,Positive,None,None,None,None,None,None,None,None,None,None,None,Positive,shared (3 annotators),test,False
R516,2,Meesho,platform,3,613f19f4-6578-48d7-8098-f654adc7b357,meesho pe kuch order karne jao to login karne batara bar bar so koi help karo is problem ko solve karne me,Negative,None,None,None,None,None,None,None,None,None,Negative,None,None,shared (3 annotators),test,False
R517,2,Bewakoof,d2c,2,067d8f33-ded9-4ec4-aa22-4081774f5e7e,Products are great but their delivery partners are scamming their customers. (Actually BEWAKOOF bana rahe hai). Their courier partners are printing fake invoices and charging for prepaid orders too. Please be careful guys. Check your packages and your payment info in the respective app before paying the courier guy.,Mixed,Negative,Negative,None,Positive,None,None,None,None,None,None,None,None,shared (3 annotators),test,False
R518,2,Swiggy,platform,3,a31f5da2-e709-48b8-9211-c08befb388f6,panir roti order kiya tha but roti acchi nahi aayi bhut bekar thi,Negative,None,None,None,Negative,None,None,None,None,None,None,None,None,shared (3 annotators),test,False
R519,2,Purplle,d2c,1,712901e7-5790-4a69-b443-0486ae0bb5b2,Sir ye app download nai ho rha ha,Negative,None,None,None,None,None,None,None,None,None,Negative,None,None,shared (3 annotators),test,False
R520,2,BigBasket,platform,1,508bb05e-f300-4e86-92a8-916c8ceebea1,very Bad service Big basket order mat karna is aap sa mere Sath dhokha dhadi Hui Hai Maine order kara tha order mein Koi Mila nahin aur delivery boy aaya tha usne order confirm karke store per wapas chale gaya order mein Ko Mila nahin Hai isliye koi bhi order mat kariye is app se,Negative,Negative,None,None,None,None,None,None,None,None,None,None,None,shared (3 annotators),test,False
R522,2,Shopsy,platform,2,356017fd-3650-4b95-807e-5c4ee95ef211,Bahut aachha lagta hai hame,Positive,None,None,None,None,None,None,None,None,None,None,None,Positive,shared (3 annotators),test,False
R523,2,Swiggy,platform,1,219e062f-bd91-4ca3-9837-22c94b7abb93,bhot hi bekar service hai koi chat support nahi ekdam bakwass service,Negative,None,None,None,None,None,None,None,None,Negative,None,None,None,shared (3 annotators),test,False
R524,2,BigBasket,platform,1,f3bb14aa-5e84-4400-96ba-f6e9ded793e4,yah location nahin batata gaon Mein 🥲,Negative,None,None,None,None,None,None,None,None,None,Negative,None,None,shared (3 annotators),test,False
R525,2,Bewakoof,d2c,3,b94c7cfa-8c7e-424e-a3f8-06d1498d7079,Aapki Tshirt Mein 3XL ka size Kyon Nahin Aata ?,Neutral,None,None,None,None,Neutral,None,None,None,None,None,None,None,shared (3 annotators),test,False
R526,2,Purplle,d2c,2,e7372ac8-e935-49a1-a93f-61ea85db5b4a,Mera order out of delivery area bta rha h refund b nhi de rhe h . please give my money or order . costumer care service is not good. second time order h Mera. address b change nhi kr rhe. ager area m delivered nhi tha to pahle hi accept nhi krna tha. mene online payment b kr diya . kuch to response Dena chahiye atleast na hi msg kr skte ho AP na hi cl kr skte ho . na hi apko koi cl aata h. product nhi mil rha to atleast cancel to krdo kuch b nhi,Negative,Negative,None,None,None,None,None,Negative,None,Negative,None,None,None,shared (3 annotators),test,False
R527,2,Flipkart,platform,4,d9c81953-b575-468a-b7b4-16a4c40d16d9,"Overall quit ok app. 1. Has bugs - quite often they show large number of phones but with remark ""Currently Undeliverable at your location"" !!! this despite choosing ""Exclude out of stock"". irritating and frustrating. if you cannot deliver why are you showing it to me. for my general product info I have Google. When I come to you I want to know if can buy from you. And one off product is understandable. All products say the same. It's like telling me aapko nahi bechunga.",Mixed,None,None,None,None,Negative,None,None,None,None,Negative,None,Neutral,shared (3 annotators),test,False
R528,2,Snapdeal,platform,3,5b7aaaba-1c37-42d2-a218-35eb0d8ecdec,Mera return wapis kab hoga,Negative,None,None,None,None,None,None,Negative,None,None,None,None,None,shared (3 annotators),test,False
R529,2,Swiggy,platform,5,4581a35e-d3ba-42e2-a768-fa5c558a79c0,Bhut hi acha app hai la jawab,Positive,None,None,None,None,None,None,None,None,None,None,None,Positive,shared (3 annotators),test,False
R530,2,Amazon India,platform,3,68f56095-0c7e-45e0-b2b9-3ec7cec1faa0,Amazon application marry mobile me update nahi ho Raha Hai Mary divided make Kam nahi Kar Raha Hai,Negative,None,None,None,None,None,None,None,None,None,Negative,None,None,shared (3 annotators),test,False
R531,2,Purplle,d2c,1,480b4f29-b2f7-4d13-a437-0d75e40e57b4,ghatiya delivery nhi karni customer care number nhi h kya h ye bakwas,Negative,Negative,None,None,None,None,None,None,None,Negative,None,None,None,shared (3 annotators),test,False
R532,2,Purplle,d2c,1,22567825-2f47-4fcb-a0e0-8709de8b905a,freebie item all time *out of stock* ki wajah se proceed nhi ho raha hai .....bad experience...waste of time ...Nykaa app always best,Negative,None,None,None,None,Negative,None,None,None,None,None,None,None,shared (3 annotators),test,False
R533,2,AJIO,platform,5,edb3eff5-e215-4549-a4e6-33f99e714f83,Bahut hi sunder aur bahut achha hai ji,Positive,None,None,None,None,None,None,None,None,None,None,None,Positive,shared (3 annotators),test,False
R534,2,Shopsy,platform,2,627a3ca8-a065-46b7-87d9-3b36b8e1a08a,bekar App hai mera account black kar diya hai mere ballet me 200 rupaye the best hotel gaya hai is liye ise mat Download karo,Negative,None,None,None,None,None,None,None,Negative,None,None,None,None,shared (3 annotators),test,False
R535,2,Bewakoof,d2c,1,64783237-58ee-4874-bc68-8f9324808177,inki product magwaya and wo khrab aae ab mujhe sahi product chahye to inke customer care wale return daal de aap exchange daal de aap kar k refund process kar rahe he mujhe mera product chahye to ab wo ni mil sakta uske lie wo mujhe offer price wapas karege n fir se me purchase karu n usme ye he single product loge to 100 extra pay karo ya same price me chahye fir se offer me lo extra tshirt jo ki ni chahye mujhe mere 2 product inki galti se galat aae he 0 star. Ticket ID - 3424415,Negative,None,None,None,Negative,None,None,Negative,None,None,None,None,None,shared (3 annotators),test,False
R536,2,Snapdeal,platform,3,596dac5f-0e70-4df3-b87f-24e5981b691a,Snapdeal app mein my rating change karne Ko nahin milta Hai,Negative,None,None,None,None,None,None,None,None,None,Negative,None,None,shared (3 annotators),test,False
R537,2,Meesho,platform,5,cb93b05a-be88-4049-ac10-db940f427ca8,messho bahut he aacha hai ye budgetly bhi hai,Positive,None,Positive,None,None,None,None,None,None,None,None,None,Positive,shared (3 annotators),test,False
R538,2,Amazon India,platform,3,0820c5d2-25f0-4bc0-8dd3-89580183081b,achcha hai per saman mahanga bechta hai,Mixed,None,Negative,None,None,None,None,None,None,None,None,None,None,shared (3 annotators),test,False
R539,2,Bewakoof,d2c,2,c8cabc71-018b-4c48-a7ec-8ee79b6e36e3,Jesa naam wesa kaam Bewakoof hi bnarhe ye product rating ke time pe jb me rate krrha tha aap kuch bhi rate krro aap use change ni kr skte glti se agar aapne 5 star touch krliya then back ni kr skte aayega you already rated this product 🤣🤣🤣,Negative,None,None,None,None,None,None,None,None,None,Negative,None,None,shared (3 annotators),test,False
R540,2,Amazon India,platform,2,4c774bf4-5a62-40b0-9d12-5486ab68f75d,"Good app hai but late se khulta hai, thanks",Neutral,None,None,None,None,None,None,None,None,None,Negative,None,Positive,shared (3 annotators),test,False
R541,2,BigBasket,platform,4,f30df968-7436-4b58-9d7c-7a66cc0497ca,sahi aap hai mast hai per free delivery 149 me deta hai 🥲 per,Mixed,None,Negative,None,None,None,None,None,None,None,None,None,None,shared (3 annotators),test,False
R542,2,Purplle,d2c,2,832bc3be-1212-4c5f-8836-3576d5176fe4,"very disappointed. pehle bolte hai ki free gifts bhi denge aur phir order confirm hone k baad, they cancel out the free gifts",Negative,None,None,Negative,None,None,None,None,None,None,None,None,None,shared (3 annotators),test,False
R543,2,Flipkart,platform,3,6500021f-6be2-4c5c-b1e5-8c7b8d9f02e3,flip kart band hone wala hain kya customer care number bhi nhi or searching se camra bhi gaayab hain,Negative,None,None,None,None,None,None,None,None,Negative,Negative,None,None,shared (3 annotators),test,False
R544,2,Lenskart,d2c,2,77b119b1-0fa0-4c34-a864-cc0e3385bf04,muze emi option chahiye tha wo nahi mila,Negative,None,None,None,None,None,None,None,Negative,None,None,None,None,shared (3 annotators),test,False
R545,2,Myntra,platform,5,5c1fba16-38e9-4c91-abe3-042447da7175,Bhut acha ap or or kapde bi ache aate h I love this AAP Myntra online shopping clothing are very good and quality is amezing Delevery bi bhuy hi fast hai es online apps par so yh apps bhut hi badiya h or sab es apps ko download kre or ghar bethe apni pasand ki har ek chiz ghar pe la sakte h Mynty apps par dast delivery bhi h or charge bhi bhut kam h Total m,Positive,Positive,Positive,None,Positive,None,None,None,None,None,None,None,Positive,shared (3 annotators),test,False
R546,2,Blinkit,platform,1,a68a434c-23d6-4d5d-ab15-2851576cd572,bekar h use kiya sanam late hai,Negative,None,None,None,Negative,None,None,None,None,None,None,None,None,shared (3 annotators),test,False
R548,2,Swiggy,platform,4,50fb03ef-f1a2-4c86-80ac-e7ee2a040173,price wise bhut acha h Swiggy,Positive,None,Positive,None,None,None,None,None,None,None,None,None,None,shared (3 annotators),test,False
R549,2,Myntra,platform,1,7704429e-8f33-4868-9736-d559ec434462,ge ghatiya app h koi bhi product ka pickup karne nhi aata. Or helpcenter se baat karte h to kahte hi ki pickup ho jayega,Negative,Negative,None,None,None,None,None,None,None,Negative,None,None,None,shared (3 annotators),test,False
R550,2,Snapdeal,platform,1,0030695d-f6df-40f3-85b4-3b1768b0e05c,Bahut hi ghatiya app hai Mera paisa refund nahi kar raha hai Customer service center wale bade hi battameech hai sale kameene chor Sale kam se kam ek mahina ho gaya refund nahi aaya kamino sharam karo,Negative,None,None,None,None,None,None,Negative,None,Negative,None,None,None,shared (3 annotators),test,False
R551,2,BigBasket,platform,5,732f1dd4-468c-4371-9fb5-97573b90fbb5,bahut jada accha hai ye jaldi jao daunlod karo sb log,Positive,None,None,None,None,None,None,None,None,None,None,None,Positive,shared (3 annotators),test,False
R552,2,Amazon India,platform,3,97a5e92f-4d45-4896-bcc5-eb4206f8b3d6,ok ok ok but bhot mnange kapde hai or quantity kam,Mixed,None,Negative,None,None,None,None,None,None,None,None,None,None,shared (3 annotators),test,False
R553,2,Meesho,platform,1,3c6e7ea8-b1a9-42de-b730-ad61374a0148,"ye app time prr order nhi pahuchata h .............,...... ye kisi kaam ka nhi hai..",Negative,Negative,None,None,None,None,None,None,None,None,None,None,None,shared (3 annotators),test,False
R554,2,Nykaa,platform,1,380668c2-eb74-4b95-93b1-c27a3bd53337,"sends used products, return bhi nahi lete",Negative,None,None,None,Negative,None,None,Negative,None,None,None,None,None,shared (3 annotators),test,False
R555,2,Meesho,platform,4,bb1d5e61-f4e6-47fe-9715-9198f2fa75b1,yah bahu achhi application hai,Positive,None,None,None,None,None,None,None,None,None,None,None,Positive,shared (3 annotators),test,False
R556,2,Meesho,platform,5,7fc85603-a1b4-4fcc-9ff9-0daf6a24dc82,ha h to thik thak par ye kabhi kabhi dhoka bhi kar deta h messo,Mixed,None,None,None,None,None,None,None,None,None,None,None,Neutral,shared (3 annotators),test,False
R557,2,Snapdeal,platform,4,bf8da996-8fd0-4902-8047-337202e0e4da,App acha he lekin delivery time bhi bahut jyada he. Delivery jald hona jaruri he.,Mixed,Negative,None,None,None,None,None,None,None,None,None,None,Positive,shared (3 annotators),test,False
R558,2,Purplle,d2c,1,ce067f48-c56f-4b39-9840-f7c9e09f577a,vary bad aap don't buy anything from this aap i ordered soo many things at a time they didn't give dot&key serum they just exchange with cheap adivasi oil when i show them they didn't give back my money also why they don't have open box delivery then,Negative,None,None,None,None,None,Negative,Negative,None,None,None,None,Negative,shared (3 annotators),test,False
R559,2,Amazon India,platform,5,52d6d5ea-ebd3-4604-aec9-9f8ac768e392,bahut acha aap hai bhai,Positive,None,None,None,None,None,None,None,None,None,None,None,Positive,shared (3 annotators),test,False
R560,2,Shopsy,platform,4,a4d1c00e-2b96-4a75-9a17-d7521d68dd15,shopsy bahut achcha app hai lekin usme cash on delivery ki suvidha ko band kar diya hai jo bilkul bhi sahi nahi hai please cash on delivery ki suvidha ko fir se chalu kare jisse Paytm ya anya pement Wale app use karne wale log bhi apna order kar sake please 🥺🥺🥺,Mixed,None,None,None,None,None,None,None,Negative,None,None,None,Positive,shared (3 annotators),test,False
R561,2,Flipkart,platform,1,89cb4470-03a5-423c-bd1a-5db4b6781d91,bahut acha app h yh me flipkart ka seller hu me pr day 150 saree sell krta hu mujhe bahut acha refresh mila customer ka vishwas apna bharosa,Positive,None,None,None,None,None,None,None,None,None,None,None,Positive,shared (3 annotators),test,False
R562,2,Flipkart,platform,2,5b01d4f3-3ed2-4236-b72f-e4360ee14c09,bhai flipkart par oder ka opsan soh kar raha hai par oder par klik Kane par oder nahi dhekh raha hai kyu bhai,Negative,None,None,None,None,None,None,None,None,None,Negative,None,None,shared (3 annotators),test,False
R563,2,Amazon India,platform,5,7f7329c6-0f42-4096-8c59-1d435ff0de4b,Yeh bahut achha hai Iske Jaisa Koi Bhi app Achcha Nahin Hai Amazon duniya mein itna Lota Achcha hai per jo bus Dekhte Rah jaane ka man Hota Hai aap bhi jaldi se jaldi download Karen aur Amazon app mein se chijen online order Karen aapke liye itna hi,Positive,None,None,None,None,None,None,None,None,None,None,None,Positive,shared (3 annotators),test,False
R564,2,Amazon India,platform,4,9e5d1f54-435a-4468-ab19-65542bf4d806,Amazon per 100 rupaye ki Sadi humko Amazon wale bheji jab ki uski kimat jabki uski sari return ki hui hai aur vah sari fati Hui bhi thi wapas ki aur uske paise abhi tak Dale nahin hai 15 din hone Ko aaye Paisa abhi tak Dale nahin hai account mein customer care per humko alag alag vidhayak Di jaati hai kya ham aapke paise a jaenge Tera 14 din mein lekin aate nahin hai customer care se hum jab bhi baat karta hai kya ham aapka saman bhej denge aapke saman nahin aate Hain kyunki yah log hamare sath,Negative,None,None,None,Negative,None,None,Negative,None,Negative,None,None,None,shared (3 annotators),test,False
R565,2,Swiggy,platform,4,29ff6553-991a-4379-a865-5b823d8f7ebf,Bhot hi acha app ha bhot interesting app ha humna isma food order kiya or humara food timing pa aa gya i love this aap,Positive,Positive,None,None,None,None,None,None,None,None,None,None,Positive,shared (3 annotators),test,False
R567,2,Swiggy,platform,2,6befb53f-0351-421e-8a34-c5a73b92077f,Yaar ye App Open nahi hot,Negative,None,None,None,None,None,None,None,None,None,Negative,None,None,shared (3 annotators),test,False
R568,2,AJIO,platform,3,2f4a4f3a-3b29-47ed-b30e-4206dc6f856a,dress ka ordar le liya or size ka pucha hi nhi,Negative,None,None,None,None,None,None,None,None,None,Negative,None,None,shared (3 annotators),test,False
R569,2,Amazon India,platform,2,e7188bd0-1ef7-4618-9104-69a12beb2e0a,I am really really disappointed with amazon. I usually buy books from this site. And my recent orders have been returned and cancelled without my consent. This ain't my main problem! My main problem is that one of the books in that order was for my exams which have started. And if their main problem was about the address than they should have tried to contact me. And now I am not able to cancel my remaining orders.,Negative,None,None,None,None,None,None,Negative,None,None,None,None,None,shared (3 annotators),test,False
R571,2,Meesho,platform,4,af755399-36de-40fd-8c57-af1baa2febd0,All things are good but kabhi kabhi disappoint karte hain team meesho wale,Neutral,None,None,None,None,None,None,None,None,None,None,None,Neutral,shared (3 annotators),test,False
R572,2,Purplle,d2c,5,88e28b01-543b-4419-bc83-89ae5a2ffd48,bhot hi acha beauty products ke lie app he,Positive,None,None,None,None,None,None,None,None,None,None,None,Positive,shared (3 annotators),test,False
R573,2,Amazon India,platform,2,ba9cb091-8ed3-4970-b519-1d8c455c93a3,Yeah bahut achha hai Yeh bahut accha hai kuch bhi kharidi Ja sakti hai,Positive,None,None,None,None,Positive,None,None,None,None,None,None,Positive,shared (3 annotators),test,False
R574,2,Snapdeal,platform,4,8d64576a-e3d2-4cf8-99b0-2345269aaf16,"Lajavab aap,ham is per her prkar ki vastue karhid sakte hai",Positive,None,None,None,None,Positive,None,None,None,None,None,None,Positive,shared (3 annotators),test,False
R575,2,Amazon India,platform,3,1a72ec7f-a07b-47bd-af5a-5e93e19e8304,Cod ya pod na hone ke karan saman nahi kharid pa rahe he. Eliye 3 star.,Negative,None,None,None,None,None,None,None,Negative,None,None,None,None,shared (3 annotators),test,False
R576,2,Lenskart,d2c,5,7493aed6-46f5-4277-b314-f487ea09e6a7,bhut acha aap h aap bhi download kre.,Positive,None,None,None,None,None,None,None,None,None,None,None,Positive,shared (3 annotators),test,False
R577,2,Purplle,d2c,2,43a8eafd-db69-445e-a8a9-f084bdc34083,isme bolate Hain ki sab rs 5 mein aaega bahut badhiya. par yeto 400 se 500 rs me aa rha hai very very bad..,Negative,None,Negative,None,None,None,None,None,None,None,None,None,Negative,shared (3 annotators),test,False
R578,2,BigBasket,platform,5,3134c19d-0741-48f4-8a68-6bd1e02ac754,mast app hai bohot discount milta hai 🫶🫶,Positive,None,None,Positive,None,None,None,None,None,None,None,None,Positive,shared (3 annotators),test,False
R579,2,Zepto,platform,1,35e906eb-b58d-41c9-a6f1-df503fe73f01,bahut ganda service hai already mai period pain mai huu or maine icecream order ki thi inone wo bhi dilever nhi kiya very very bad behaviour,Negative,Negative,None,None,None,None,None,None,None,None,None,None,Negative,shared (3 annotators),test,False
R580,2,Snapdeal,platform,2,55d19b0a-0c3b-48b4-b53b-a8f1eaee9cb5,Missing products lkin fund return nhe deta aap koe download nhi kre,Negative,None,None,None,None,None,Negative,Negative,None,None,None,None,None,shared (3 annotators),test,False
R581,2,Bewakoof,d2c,3,8186ad8e-7568-42dd-97c6-c2f96ed30811,sub kuch thik hai bus jitne tarikh ko delivery dikha raha hai usi din delivery karne ko try kro ......baki sub kuch thik hai,Mixed,Neutral,None,None,None,None,None,None,None,None,None,None,Positive,shared (3 annotators),test,False
R582,2,Purplle,d2c,5,0026f510-4a58-47fb-8792-7f4864d09826,"The delivery is ok for me. It is my new experience for me. My first order was the product of sunscreen. Sunscreen is a good thing after a long time I am using this sunscreen. The way purple's instructions are awesome, very clear with the product. They watch the tracking and give information that the product is very respectful and kindly confirm the product is also the same as very 👍......... For me it is the right purchase app for me and my family. Thank you for your love and care.",Positive,Neutral,None,None,None,None,None,None,None,None,None,None,None,shared (3 annotators),test,False
R583,2,Meesho,platform,5,2296af0e-66f8-4a7e-bd6f-7e8c734f9974,bahut achcha hai ismein offers aate rahte hain sasti rate mein achcha item,Positive,None,Positive,Positive,Positive,None,None,None,None,None,None,None,Positive,shared (3 annotators),test,False
R584,2,Bewakoof,d2c,2,112931ad-525f-43c8-b131-1e0895864cd9,15 se 20 Dino me bhi refund nahi aaya hai 24 hour ka claim karte hai jaisa inka name hai bewakoof vahi banate hai ye sab costumer ko,Negative,None,None,None,None,None,None,Negative,None,None,None,None,None,shared (3 annotators),test,False
R585,2,Shopsy,platform,3,27a8b861-a1db-4e8a-ba82-fa06f5ec8492,Baki sab thik hai pr CES on delivery available nhi hoti hmare yaha please isme sudhar keo,Mixed,None,None,None,None,None,None,None,Negative,None,None,None,Positive,shared (3 annotators),test,False
R586,2,AJIO,platform,1,6cf6a8a1-bc28-466a-a76b-af6a713e332a,Sab bekar app hy bhut mehngy becta hy sb sy bekar in sab sy to messo hy best,Negative,None,Negative,None,None,None,None,None,None,None,None,None,Negative,shared (3 annotators),test,False
R587,2,Snapdeal,platform,4,657a88d9-f282-4959-8d9f-84bdffbad256,I love my snapdeal bahut Achcha hai,Positive,None,None,None,None,None,None,None,None,None,None,None,Positive,shared (3 annotators),test,False
R589,2,Flipkart,platform,3,b2e992a3-0de0-4c7e-9de3-402c22941b77,"Flipkart ekddam mast App hai. Aur Hm ghr Bethe Apni psnd aur branded item receive krte h. Aur bde bde marketing me bhi aise item ni mil pata. Aur price bhi achha h, Aur Kisi bhi trh ki koi sikayat ka mauka nhi h.",Positive,None,Positive,None,Positive,None,None,None,None,None,Positive,None,Positive,shared (3 annotators),test,False
R590,2,Zepto,platform,1,fb321f33-6ec8-4b26-a669-538c502ea096,this is very durty app in the world and wast of time and mony koi bhi instol mat karna chiiii 😡,Negative,None,None,None,None,None,None,None,None,None,Negative,None,Negative,shared (3 annotators),test,False
R591,2,Blinkit,platform,5,88b77991-d54b-4fce-9ef1-d4baf3e2329a,ye bohut acha app hai,Positive,None,None,None,None,None,None,None,None,None,Positive,None,Positive,shared (3 annotators),test,False
R592,2,Zepto,platform,2,5ec4898c-b623-43ff-8ec7-c2a553e0a1cf,Vikrant Tiwari saman sab mil jata hai ghar baithe labhdayak hai ye app,Positive,None,None,None,None,None,None,None,None,None,None,None,Positive,shared (3 annotators),test,False
R593,2,Snapdeal,platform,4,205c2a88-47a7-4bee-930b-965143729d9d,ye bhout accha shopping app hh but isme humko ek doubt hh ke isme Jo makeup products hh wo branded nhi hh or kahi unko use karne ke baad wo skin ko harm na kar de ye dar lag reha hh lekin mera jo first oder tha wo kafi accha or price ke hishab se best tha quality bhi kafi accha tha toh mera experience accha tha snapdeal ke sath thanku snapdeal hume itne acche product itne kam price me dene ke liye without any delivery charge,Positive,None,Positive,None,Neutral,None,None,None,None,None,None,None,Positive,shared (3 annotators),test,False
R594,2,AJIO,platform,3,6f5c8396-0eb2-4522-8aab-f8c930f66082,some products may be jesa dikhta he vesa bilkul ni hota he copy pis or alg colour k parcel received hote he,Negative,None,None,None,Negative,None,None,None,None,None,None,None,None,shared (3 annotators),test,False
R595,2,BigBasket,platform,5,e6a37955-8be9-4521-b651-045cf14b332c,Bahut achcha app hai Lekin ismein Hindi language nahin hai kyunki aajkal sabhi app mein Hindi language Hoti hai customer ko saman Lene mein aasani aapko is aur Dhyan Dena chahie,Mixed,None,None,None,None,None,None,None,None,None,Neutral,None,Positive,shared (3 annotators),test,False
R596,2,Shopsy,platform,2,4692b446-d7ac-4cf5-9dbb-2869107fd358,dilevery boy mere 300 rupy kha gya,Negative,Negative,None,None,None,None,None,None,None,None,None,None,None,shared (3 annotators),test,False
R597,2,BigBasket,platform,5,6e58bff0-4fae-46e4-93ca-73adefeab967,very nice bhai sahi time par pahuche hai very good 👍😊👍😊👍😊👍😊👍👍😊😊👍😊👍😊😊👍😊👍😊👍😊😊👍😊👍😊😊👍👍😊😊👍👍😊😊😊😊👍👍👍👍👍👍👍👍 very nice bhai please 🥺 🥺🥺🥺🥺🥺🥺🥺🥺🥺🥺🥺🥺🥺🥺🥺🥺🥺🥺🥺 hai very good 👍👍😊👍👍😊👍😊👍😊😊👍😊😊👍😊👍😊😊👍😊😊👍😊👍😊😊👍😊👍😊😊👍😊👍😊😊👍 very good 😊😊😊👍😊👍😊👍😊😊😊😊 u r so Kumar Sharma good 😊😊👍 hai very nice bhai sahi time par pahuche hai very good morning 🌄🌅🌄🌅🌄🌅🌄🌄🌅 hai very good 😊😊👍😊👍😊👍👍😊👍😊👍😊😊👍👍😊,Positive,Positive,None,None,None,None,None,None,None,None,None,None,None,shared (3 annotators),test,False
R598,2,Purplle,d2c,3,052a664f-8c9a-41ab-9888-b78d728234fd,kuch bhi sasta nahi hai thik thik hai,Negative,None,Negative,None,None,None,None,None,None,None,None,None,None,shared (3 annotators),test,False
R599,2,Nykaa,platform,1,1606b623-c018-43e4-ad0d-fa61231302a3,bakwaas app hai first delivery time se delivery ho gaya but 2nd 15 din ho gaya ghatiya 🦶🏻😡,Negative,Negative,None,None,None,None,None,None,None,None,None,None,Negative,shared (3 annotators),test,False
R600,2,Amazon India,platform,4,89866311-d631-4f68-be55-54e9348f3ae2,Yeh bohte hi bedya h isam casbak bhi milta h,Positive,None,None,Positive,None,None,None,None,None,None,None,None,Positive,shared (3 annotators),test,False
R601,2,Bewakoof,d2c,3,ce9e0889-821b-43f4-95a2-1106668383c5,"App Download karne ke baad, login karne par O T P Nhi Aa Rha hai kya kare Mane 4-5 Time try kar liya par ek baar bhi O T P nhi aya hai Kya kare 🥴🥴🥴 Bekar hai bhai sahab OTP hi nhi arha hai login kaise kare 🥴 Nhi Aarha hai O T P🫥😮‍💨😤",Negative,None,None,None,None,None,None,None,None,None,Negative,None,None,shared (3 annotators),test,False
R602,2,Amazon India,platform,5,8b56e482-c2fb-4a23-abd8-0fdaf4041898,"amazon,ka dilevri or sama ka ka bahut achchha he dhnyavad ,, keshav rathod ,,",Positive,Positive,None,None,Positive,None,None,None,None,None,None,None,None,shared (3 annotators),test,False
R603,2,Swiggy,platform,2,0d420843-98be-4df5-bcf4-ae1618c420cb,yah app mein jo delivery rahata hai na vah 5 minut dikhate hain lekin 5 minut mein aate nahin Hai,Negative,Negative,None,None,None,None,None,None,None,None,None,None,None,shared (3 annotators),test,False
R604,2,Purplle,d2c,1,e467bbd1-f0ec-4019-85f5-e7f39446f313,"Worst delivery experience! 😡 Order ko baar-baar self-pickup dikha diya, jabki maine kabhi self-pickup nahi kaha. Multiple times customer care se contact kiya, complaint bhi ki, phir bhi delivery nahi hui. Har baar bas 48–72 hours wait karne ko bol rahe hain. Purplle aur courier partner ki coordination bahut poor hai. Very disappointing!",Negative,Negative,None,None,None,None,None,None,None,None,Negative,None,None,shared (3 annotators),test,False
R605,2,Amazon India,platform,3,ef79cd3d-4a2d-4ea5-8a59-a1857826d308,Sabse accha baat hai aap achche karte hain kuchh bhi poochhne per jawab Sahi baki saman kabhi kabhi no problem return,Positive,None,None,None,None,None,None,None,None,None,None,None,Positive,shared (3 annotators),test,False
R606,2,Purplle,d2c,5,f6c9ca34-d1e4-42dc-8f2d-fc811dbd2992,Bahut jada acha he very good 👌😊😊😊😊,Positive,None,None,None,None,None,None,None,None,None,None,None,Positive,shared (3 annotators),test,False
R607,2,Purplle,d2c,2,2df7c26c-fc59-436b-80c9-0058491f1ce5,this app not achcha hai ye app support nhi karta hai es app me contact number de jis Se support kar sake abi tak order nhi aaya hai tarikh per tarikh bad jati hai or nahi support milta hai,Negative,Negative,None,None,None,None,None,None,None,Negative,Negative,None,Negative,shared (3 annotators),test,False
R608,2,Snapdeal,platform,4,f9b0452d-e0d5-4ce5-afe1-61d1378cd3e5,bhut acha tha product ...,Positive,None,None,None,Positive,None,None,None,None,None,None,None,None,shared (3 annotators),test,False
R609,2,Nykaa,platform,1,665e0ce3-95b8-4ca7-b3a8-bf03f206275f,duniya ka sbse ghatiya app khud bolte hai or jb poof dikhao to khud hi deny krte hai ki no hmare side se asa bola hi nhi gya to be honest isse ghatiya bekar app costumers support khi nhi hai disgusting app i never use this app again they are biggest layers...🤮🤢,Negative,None,None,None,None,None,None,None,None,Negative,Negative,None,Negative,shared (3 annotators),test,False
R610,2,Myntra,platform,2,62ef9d62-1b7c-4a0c-889f-84da93b79ced,Pagal app hai jo search kro o nahi aata Is app ko download mat kijiy ga bakwas app hai 👿👿😡😡😡,Negative,None,None,None,None,None,None,None,None,None,Negative,None,Negative,shared (3 annotators),test,False
R611,2,Bewakoof,d2c,2,fa974ad6-8be0-462a-87df-23f489e404f3,items kuch jada expensive hai agar quality ko dekha jae to .. sabhi products ki quality k hisab se price jada h,Negative,None,Negative,None,None,None,None,None,None,None,None,None,None,shared (3 annotators),test,False
R612,2,Purplle,d2c,3,5ae0dbcd-f2ac-4a83-9bf3-0875bb55af52,aapke dwara pahle bahut acche free baby gift aate the chai kaise bhi shopping karo ab pata nahin kyon a free baby gifts mein only marksheet dete Ho Jo bilkul Bhi Mujhe comfortable aur achcha nahin lagta Hai,Negative,None,None,Negative,None,None,None,None,None,None,None,None,None,shared (3 annotators),test,False
R613,2,Flipkart,platform,5,bddfa7fb-14d1-459a-8fcc-f157fe1c976e,bahut achha app Hai koi bhi cheej 50% off hai,Positive,None,None,Positive,None,None,None,None,None,None,None,None,Positive,shared (3 annotators),test,False
R614,2,AJIO,platform,2,9b30a219-c80e-47d7-b772-c0b24e998e49,mene 1product purchase Kiya but usme cancel dikha rha tha or vo delever ho gya or febric bhot bekar nikla mere pesse waist ho kue ki usme return ka koi operation nhi aaya mene complaint bhi ki but kn hua 😐😐,Negative,None,None,None,Negative,None,None,Negative,None,None,None,None,None,shared (3 annotators),test,False
R615,2,Shopsy,platform,2,7d276cd7-80db-4898-a5ec-b8aa5409c234,achcha nahin Hai call nahin lagta,Negative,None,None,None,None,None,None,None,None,Negative,None,None,None,shared (3 annotators),test,False
R616,2,Myntra,platform,5,d766df0f-ff72-43b8-83b2-8d3d9fe76087,Ye App bahut acha he soping ke liye thanks so much,Positive,None,None,None,None,None,None,None,None,None,None,None,Positive,shared (3 annotators),test,False
R617,2,Blinkit,platform,1,364d008a-8b69-47fa-b759-e3bc5ced5a02,Esame saman wapasi ka sistam nahi he Saman lene ke bad mistek se dusra saman aa jay to wapas nhi karta,Negative,None,None,None,None,None,Negative,Negative,None,None,None,None,None,shared (3 annotators),test,False
R618,2,Amazon India,platform,3,7d5cc755-b62f-4e3f-85d5-429cef6e443d,achha hi magr utna nhi :) :]?,Neutral,None,None,None,None,None,None,None,None,None,None,None,Neutral,shared (3 annotators),test,False
R619,2,Lenskart,d2c,5,c835ff23-ad4c-4855-9636-8e7f1dbb11ee,maine app ko downloding kar diya hai aur sab kaam kar diya hai dosto app bhi kal lonive aap,Positive,None,None,None,None,None,None,None,None,None,Positive,None,None,shared (3 annotators),test,False
R620,2,Myntra,platform,4,0e21bb0e-1346-4fd0-a209-529460505002,Bahut mast hai Bhai bahut fast delivery karta hai,Positive,Positive,None,None,None,None,None,None,None,None,None,None,Positive,shared (3 annotators),test,False
R621,2,Flipkart,platform,4,a5f6325f-3334-4e94-b85d-620bb22e1d6e,best app aap istemal karo,Positive,None,None,None,None,None,None,None,None,None,None,None,Positive,shared (3 annotators),test,False
R622,2,Blinkit,platform,4,7224e115-92d6-4b55-8e7d-5fb716de58df,main apna pura address daal rha hun fr bhi bar bar keh rha hai ki complete address daalo....issee fix kro,Negative,None,None,None,None,None,None,None,None,None,Negative,None,None,shared (3 annotators),test,False
R623,2,Purplle,d2c,3,50e3e515-87a0-4322-9f73-e4de8f27b251,Ye bahot acha aap hai par isme ak problem hai ye 200 se Kam ke saman ho to AK pis nhi dete 2 3 hote hai please is problem ko thik kijiye,Mixed,None,Negative,None,None,None,None,None,None,None,None,None,Positive,shared (3 annotators),test,False
R624,2,Snapdeal,platform,4,4c9ee8de-58b1-4031-8fcb-6dfab67f8b4f,You both Ye Wadiya Yeh papa shopping karna bahut achha hai,Positive,None,None,None,None,None,None,None,None,None,None,None,Positive,shared (3 annotators),test,False
R625,2,AJIO,platform,5,573b07c6-dfa8-499a-8bea-12a5feb12b49,Yah bahut real aur sahi hai iska istemal jarur,Positive,None,None,None,None,None,None,None,None,None,None,None,Positive,shared (3 annotators),test,False
R626,2,Meesho,platform,3,dcf15465-fe82-4b18-aaf0-154f39ab28bc,Ye app hamne download kiya hai but is app me photo jldi dikha hi nhi rha hai ham ise shopping kaise krenge aur delivery bhut slow hai hamne 26 july ku order kiya delivery time 6 August ko hai iski delivery bhut hi slow hai aur isme jada jada product kharab aa rhe hai kuch hi product shi aa rhe hai,Negative,Negative,None,None,Negative,None,None,None,None,None,Negative,None,None,shared (3 annotators),test,False
R627,2,Amazon India,platform,1,1333f589-c034-4b62-8cc5-2510ec674129,mera order aa hi nahi raha hai me 3 baar ek product ko order kar chuka hun or ye aake hi nahi de raha Tommorow Tommorow kar raha hai my worst expirence on Amazon,Negative,Negative,None,None,None,None,None,None,None,None,None,None,Negative,shared (3 annotators),test,False
R628,2,Snapdeal,platform,3,c833ab78-e254-4235-a39f-f650655a9c1f,app is good but.... meine galti se return request dal dii...and meine bahot try Kiya lekin vo return request cancel nahi ho rahi..or koi option bhi nahi mil rhaa...,Mixed,None,None,None,None,None,None,None,None,None,Negative,None,Positive,shared (3 annotators),test,False
R629,2,Swiggy,platform,3,1398fe68-c460-42fa-9925-1b8b4deb149d,price to thik h par inki harkate sahi nhi h,Negative,None,Neutral,None,None,None,None,None,None,None,None,None,Negative,shared (3 annotators),test,False
R630,2,Lenskart,d2c,1,d739e0fd-25b9-4d4c-8cb8-552cb48518ea,Bekar hai ek waranty ke naam par Dhoka dete hai ye log,Negative,None,None,None,None,None,None,None,None,None,None,None,Negative,shared (3 annotators),test,False
R631,2,Meesho,platform,4,538294e8-67bf-4473-bad7-b6867acb941f,Meshoo ek achchi app h but isme rojana 8 PM pe ek sell chalti h 9 rupees vo fake order hi nhi hota or home delivery nhi hoti 3 km dur lene jana padta h products ko kuch bhi kar lo 9 rupèes sell me order nhi hoga,Mixed,Negative,None,Negative,None,None,None,None,None,None,None,None,Positive,shared (3 annotators),test,False
R632,2,Bewakoof,d2c,4,b15ea373-22f6-461b-907c-fab78cfb143b,Muja mara refer and earn ka point nahi Mila pending ma ha,Negative,None,None,Negative,None,None,None,None,None,None,None,None,None,shared (3 annotators),test,False
R634,2,Shopsy,platform,4,070eaa0d-46e4-43f5-b5d1-ac19fbfc645f,product to ache milte hai lekin online payment hi hota hai n ki cash on delivery 🚚 😔😔😢,Mixed,None,None,None,Positive,None,None,None,Negative,None,None,None,None,shared (3 annotators),test,False
R635,2,Zepto,platform,1,15e8af24-a7ac-4135-bc3d-3af15403c9f8,Open hi nhi ho rha he bar bar location mang rha he or loketion pr ruka hua he,Negative,None,None,None,None,None,None,None,None,None,Negative,None,None,shared (3 annotators),test,False
R636,2,Meesho,platform,1,2d9da649-554f-49bb-8016-613c57f60370,miso pe ak dusre ko comment krne ka option do pls ham comment me baat kr sake,Negative,None,None,None,None,None,None,None,None,None,Negative,None,None,shared (3 annotators),test,False
R637,2,Swiggy,platform,5,df2c0533-caa7-44ba-8a5a-f3dd3697cf0b,bahut acchi hai aap Jo bhi Mera message padh rahe hain kripya download Karen aur iska Anand Liye,Positive,None,None,None,None,None,None,None,None,None,None,None,Positive,shared (3 annotators),test,False
R638,2,Meesho,platform,4,939420c4-e70e-4ac0-8989-ec27f1e98cb6,badiya hai meesho budget friendly products lekar aata hai middle class family ke liye,Positive,None,Positive,None,None,None,None,None,None,None,None,None,Positive,shared (3 annotators),test,False
R641,2,Shopsy,platform,4,bb2fd3ff-2759-4d86-a431-fc10cfef150d,bahut acha app nais ❤️ sarvis,Positive,None,None,None,None,None,None,None,None,None,None,None,Positive,Arpita,train,False
R645,2,Amazon India,platform,3,42ca81b1-431d-45b6-b076-4458a266974f,"Delivery gaon tak nhi pahunchti,delivery boy nazdiki shehar se phone karke kehta hai,aa kr le jao varna return kar diya jayega.",Negative,Negative,None,None,None,None,None,None,None,None,None,None,None,Arpita,train,False
R648,2,Flipkart,platform,5,317e82ba-6fd3-46e7-88cf-15cd615a1509,yah a bahut achi chilje bahut cam dam par milti he,Positive,None,Positive,None,None,None,None,None,None,None,None,None,Positive,Arpita,train,False
R649,2,Snapdeal,platform,1,8ec688c0-a86d-4227-a5d1-1a064d255cbe,bil kul khrab he ritan nhi hote,Negative,None,None,None,None,None,None,Negative,None,None,None,None,Negative,Arpita,train,False
R650,2,Snapdeal,platform,2,d448013a-cffe-4aa6-a26d-ebbc712bfa15,bahut faltu app h isme jo dikhata h wo deta nhi h...alag product aur purana product dete h,Negative,None,None,None,Negative,None,None,None,None,None,Negative,None,None,Arpita,train,False
R653,2,Bewakoof,d2c,5,4a43a508-5ac2-4286-a1a1-ccac46af08aa,v nice quality me kaafi saalo se use kr hi y app,Positive,None,None,None,None,None,None,None,None,None,None,None,Positive,Arpita,train,False
R655,2,AJIO,platform,2,9aa4ad56-faee-4aa1-be45-6069d670d0b0,ghatiya discount aur bakwaas app,Negative,None,None,Negative,None,None,None,None,None,None,None,None,Negative,Arpita,val,False
R656,2,Swiggy,platform,4,b4f941f9-4587-4c5a-a605-150d0c87f234,Sweety ki service bahut acchi devildriver partners of bahut acche Hain bahut jald se jald service dete Hain thankyou,Positive,Positive,None,None,None,None,None,None,None,None,None,None,Positive,Arpita,train,False
R662,2,Flipkart,platform,2,41f30ea6-d0b9-46fe-b96e-53b853039657,cash on delivery nhi aa raha hai 😡,Negative,None,None,None,None,None,None,None,Negative,None,None,None,None,Arpita,train,False
R669,2,Myntra,platform,2,d7d552c3-83d6-40b3-af90-48384e34e43f,The worst possible experience with the delivery partner. I ordered a shirt and it didn't arrive the delivery partner never contacted me I tried calling him but he kept giving me excuses and finally cancelled it by himself without informing me. The second time I ordered the same shirt the delivery date showed 12 sept and the delivery partner did call me and said yes I'll delivery it today by night time and suddenly I got a msg that I've requested a return when I didn't.,Negative,Negative,None,None,None,None,None,None,None,None,None,None,None,Arpita,train,False
R671,2,BigBasket,platform,2,d86fd940-561c-417d-9fb3-70b9bfe9b095,It was a very great experience for me until the lockdown started. I somehow managed to place my order after waiting for a long time. I payed for my order using my debit card but for some reason the order got cancelled and they never gave me refund. I tried calling but I never got any response i even wrote to them but they couldn't care less. Worst experience ever. They took my Rs 3000 and i still see they contacting me. This made me uninstall their app.,Negative,None,None,None,None,None,None,Negative,Negative,None,Negative,None,None,Arpita,train,False
R675,2,Shopsy,platform,2,07e29069-49e3-4958-bc35-151414f6a962,Shopsy app Achcha Hai Magar ismein cash on delivery Nahin Hai iske liye main do star de raha hun,Neutral,None,None,None,None,None,None,None,Negative,None,None,None,Positive,Arpita,train,False
R677,2,Purplle,d2c,1,bd56905b-18b5-472f-a555-966f66deb5bb,very very very very very very very very very very very very very very very very very very very very very very very very very very very very very very very very very very very very very very very very very very very very very very very very....worst app hai ye ....koi kaam nhi karta hai ye sab ...1 order ki thi mai ....15 din ho gaya ..abhi tak order delivery nhi ho raha hai ...aur naa hi cancel ho raha hai ...paisa bhi refund nhi kar raha hai 🤬🤬🤬🤬🤬🤬🤬🤬🤬🤬🤬🤬🤬🤬🤬🤬🤬🤬🤬🤬🤬🤬🤬🤬🤬🤬,Negative,Negative,None,None,None,None,None,Negative,None,None,None,None,Negative,Arpita,train,False
R678,2,Blinkit,platform,3,1ec9a76f-b053-4a6c-8943-0499c1841b67,"aap has so much variety of different different things and delivery boy has make a little bit mess 😕. it's my first order and I am an teenage it's easy to use aap. for last minute it's a best,but blinkit should keep the delivery person by their behaviour.my mother loves the quality of food.but some local brands was not on blinkit like Olivia blinkit should keep it.in short quality,price,aap is good but the delivery person is not 🚫, it's so rude,not on time and his phone was also busy thank you",Mixed,Negative,None,None,None,None,None,None,None,None,None,None,Positive,Arpita,train,False
R683,2,Meesho,platform,2,ce8a720e-b6af-46e2-85af-5026cd2a1cca,Aaj main messho download kiya ismein ₹9 sale Chal Rahi Thi To Main order ki seal Mein Ek sunglasses order Kiya 9 rupaye ka aur jab delivery boy Aaya to usne Kaki Norway Mein Nahin Milega To Mujhe yah pata karna ki kyon Nahin Milega Humne to ₹9 order kiya tha,Negative,Negative,None,None,None,None,None,None,None,None,Negative,None,None,Arpita,train,False
R689,2,Swiggy,platform,2,16c4bbc3-71ae-4af4-b517-28f444ab2831,Bahut der me ordar hu hai magar ho gaya,Neutral,None,None,None,None,None,None,None,None,None,Negative,None,None,Arpita,train,False
R692,2,Nykaa,platform,1,4ccaf2f1-0642-4a24-9861-a492fc44a106,"worst worst worst worst aap in the history didn't even refund my full amount , why you are robbery customers money my all payment was 247rs and refund me only 168 and I didn't even take time to cancel the order just order and regretted it so within 5 minutes I cancelled the order ,so why the hell are you deducting the money . terrible most horrible aap ever. and there also so many bad events happened but I just ignored it but this time I can't. I recommend not to order recklessly like me .",Negative,None,None,None,None,None,None,Negative,None,None,None,None,Negative,Arpita,train,False
R693,2,Purplle,d2c,3,c55a634a-9bdc-45aa-bad7-625328473ba4,achha hai bas return krna chahti hu product ko mere shade ka nahi hai dusra lena hai apne shade number i overy ka par asani se purple aap me ho nahi rha hai kya karu kitne time se try kr rhe hu,Negative,None,None,None,None,None,None,None,None,None,Negative,None,None,Arpita,train,False
R695,2,Blinkit,platform,5,21d298f8-fa65-43f7-8a49-bb9debd3c27a,bahut bahut hi jada sahi ha,Positive,None,None,None,None,None,None,None,None,None,None,None,Positive,Arpita,train,False
R696,2,Flipkart,platform,3,d583e20a-b893-438d-b992-91734009a8aa,yah company bahut hi saste saste product deti hai aur acchi quality ki deti hai kripya karke is company se sabse kuchh bhi saman le to ISI product se le ismein product achcha se milta hai,Positive,None,Positive,None,Positive,None,None,None,None,None,None,None,Positive,Arpita,train,False
R697,2,Amazon India,platform,2,78179647-6228-4dbb-85e9-19574d255197,mere is aap par acaunt nhi ban raha ne,Negative,None,None,None,None,None,None,None,None,None,Negative,None,None,Arpita,train,False
R703,2,Lenskart,d2c,2,b1b2e05d-482b-4504-87dd-1fe54bfa5156,Bkwas hay offer ka koi labh nahi milta hay,Negative,None,None,Negative,None,None,None,None,None,None,None,None,Negative,Arpita,train,False
R705,2,Purplle,d2c,1,b3a3b861-a5bc-4464-9a4a-a4297c00f165,Bhod hi gatiya app he es app par frod hota he koi be bhai been is app se odar na kare,Negative,None,None,None,None,None,None,None,None,None,None,None,Negative,Arpita,train,False
R707,2,Meesho,platform,4,280230dc-df88-4cf1-9afc-07e3a12cfbad,sab kuchh achcha milta Hai,Positive,None,None,None,None,Positive,None,None,None,None,None,None,None,Arpita,train,False
R708,2,AJIO,platform,4,7d573f74-9143-4ca4-ac41-9d01569bfa5b,accha lga cash on delivery hain,Positive,None,None,None,None,None,None,None,Positive,None,None,None,Positive,Arpita,train,False
R712,2,Meesho,platform,5,559e5c16-5cd3-42a9-843e-09e9e9025809,hlo sar mana instagram pe jines or sweater order Kiya tha vo Mila he nahi or mana payment v kardiya hai na order Mila na he payment vaapis mali,Negative,Negative,None,None,None,None,None,Negative,None,None,None,None,None,Arpita,train,False
R719,2,Swiggy,platform,5,5de2c132-5d57-4158-a487-e44400f2edde,bahut hi accha app Hai sare log isko download Karen aur isase order kijiye,Positive,None,None,None,None,None,None,None,None,None,None,None,Positive,Arpita,train,False
R720,2,Bewakoof,d2c,2,ec27fe13-860d-4ae1-846f-340d7ba1feb6,"Flipkart, Amazon, Meesho, Snapdeal, Shopclues Jiomart jaisa aur dusra koi bharosemand app nhi h. Bewakoof wakeyi me Bewakoof banane wala app h.",Negative,None,None,None,None,None,None,None,None,None,None,None,Negative,Arpita,train,False
R721,2,Blinkit,platform,5,c6ecd3f5-47c0-46f2-ab82-54ba23269388,bahut tez odar and bahut madad gaar he ye bahut khusi he,Positive,Positive,None,None,None,None,None,None,None,None,None,None,Positive,Arpita,train,False
R727,2,Swiggy,platform,4,9c63a57f-985d-4eed-a6e6-1fd2191d6af4,0thana achcha hai Namak mirch bhi theek hai,Positive,None,None,None,None,None,None,None,None,None,None,None,Positive,Arpita,train,False
R731,2,Purplle,d2c,1,200f745c-a3e6-4962-9ec7-a3ae2856e439,"Itna bakwas aap hai, order delay karta rehta hai phir khud hi cancel aur sath hi sath refund bhi nhi hoti amount. Scam hai. i will report against this App if refund is not received",Negative,Negative,None,None,None,None,None,Negative,None,None,None,None,Negative,Arpita,train,False
R732,2,Flipkart,platform,4,d2f80c4e-a43e-4397-bce9-297125c5c85b,esame jab bi diskaunt ata he cesh on dilivari ka opsan band ho jata he,Neutral,None,None,None,None,None,None,None,Negative,None,None,None,None,Arpita,train,False
R738,2,Bewakoof,d2c,1,4a6dd78e-9c7a-46ba-a684-435c5e8af40f,chor h ye app paisa refund bol ke refund nahi kiya,Negative,None,None,None,None,None,None,Negative,None,None,None,None,None,Arpita,train,False
R739,2,Myntra,platform,1,c4d5a1ce-bad3-4d9c-a2ce-c168aa1bf06b,Yah doston kripya karke Mitra app ka upyog Na Karen Mitra ek bar hathi aur bahut hi bekar hai yah aapko dhoka deta hai jyada Paisa vasool karta hai aur iske Jo delivery hua hai vah commission mangte,Negative,None,None,None,None,None,None,None,None,None,None,None,Negative,Arpita,train,False
R744,2,Amazon India,platform,1,05c0eef0-23a8-487c-aac4-e0ba3028f74c,bakwaas app hai refund to bhul hi jao phele khud message karte hai ki order pick krenge fir khud hi cancel Kar dete hai aur aesi poor quality ka samaan hai I will uninstall this app and I will say everyone uninstall this app Time ke saath saath Amazon ki quality bakwaas hoti jaa rahi hai so Amazon # AB aur mat dikhao . # cheap app # no customer satisfaction # poor quality # no refund # time waste ................................................................. khud message karte hai ki...,Negative,None,None,None,Negative,None,None,Negative,None,None,Negative,None,None,Arpita,train,False
R752,2,Shopsy,platform,3,b98f9fd5-33aa-4302-8c7a-3cbdcfc114d9,achcha hai delivery bahut let hoti hai,Neutral,Negative,None,None,None,None,None,None,None,None,None,None,Positive,Arpita,train,False
R755,2,Zepto,platform,5,5eace000-a609-40ee-9557-095121bb1a4b,Free cash use nhi kar pa rhe hai,Negative,None,None,None,None,None,None,None,None,None,Negative,None,None,Arpita,train,False
R760,2,Myntra,platform,2,9a0a7669-4bb0-46c9-8909-97ccc5e0041f,"my experience with the exchange was a disaster. First they sent me the wrong size and then when I exchanged the jeans with my size, the delivery partner came and told me that jeans can't be exchanged because seal number is matching but i only had the jeans which was given to me and after one day they got me my real size jeans but again the delivery partner came and told me to return the jeans which i got in return and gave me the first one again and told me he will give my size jeans tomorrow",Negative,Negative,None,None,None,None,Negative,None,None,None,None,None,None,Arpita,train,False
R766,2,BigBasket,platform,1,13a2cb67-2ca6-41b5-9df1-433209046010,mere pass iska coupon tha first order per 160 something inko wapas karna tha lekin inhone wapas hi nahin Karen na vah mere ko cashback aaya yah fake claim karta hai to aaina se order nahin karunga main bhi delete kar raha hun delete,Negative,None,None,None,None,None,None,None,None,None,Negative,None,None,Arpita,train,False
R771,2,BigBasket,platform,4,05021ab0-2984-4f57-9c22-be20d40ed6d0,ye aap bahut acha hai qualitiy ways 10 on 10 hai deliveryman behavior achcha hai,Positive,Positive,None,None,Positive,None,None,None,None,None,None,None,None,Arpita,train,False
R774,2,Blinkit,platform,2,dcad6c56-3408-4bcf-8c26-d71e09d785a6,50 ka diet coke blinkit pe 105 ko milta hai!!! Sahi hai yrrr🫠🤌🏻,Negative,None,Negative,None,None,None,None,None,None,None,None,None,None,Arpita,train,False
R775,2,Purplle,d2c,1,60b30f9c-05a4-4c91-8ee1-0b18c1646754,"No one should use this app, it is a very useless app😡.. main kuch saman order ki thi aur prepaid bhi thi ..woh saman meri pass aayi na meri paise..sirf mere sath nahi hoti hai yeh sab ki Sath hoti hai bilkul bakwas app hai.. agar app kuch order karte ho pehle Paisa mat do yeh log furd hai yeh app bhi.. agar app ka problem hai yeh log kuch nahi sunte hai..app costumer care se bhi baat nahi kar paoge kuch nahi hai pura ka pura ghatia app hai..meri Paisa mujhe wapas karo .😡😡",Negative,None,None,None,None,None,None,None,None,Negative,None,None,Negative,Arpita,train,False
R776,2,Purplle,d2c,5,bb62c3f1-9d2a-4baa-b4a4-b3769b3a178a,Bhai appp bhot mast hi but listen itna bakwaas hi ki bar 2 dusre din update karna padta hai,Neutral,None,None,None,None,None,None,None,None,None,Negative,None,Positive,Arpita,train,False
R783,2,AJIO,platform,1,7749c350-a682-4c33-b8b3-bd6d4c7a78b6,I think very bad kyuki jo Flipkart pr jis prodect ka 500rs hai vo yha pr 1500rs se jyada ki kimat bta rhe hai.,Negative,None,Negative,None,None,None,None,None,None,None,None,None,Negative,Arpita,train,False
R788,2,Lenskart,d2c,1,f03b23ba-1572-46fa-9e08-ac66b1861266,kuch bhi samaj nahi aa raha tha bilkul bekar,Negative,None,None,None,None,None,None,None,None,None,Negative,None,Negative,Arpita,train,False
R792,2,Swiggy,platform,1,f135e492-1d01-4eec-ab9c-a0ae1c6b30e0,apne aap hi oder cancel kar dete hai swgy wale,Negative,None,None,None,None,None,None,None,None,None,Negative,None,None,Arpita,train,False
R793,2,Flipkart,platform,4,f5e58773-3cb8-4d98-a0f7-7afa1bedcd2a,bahut achha hai soping karne k liye e,Positive,None,None,None,None,None,None,None,None,None,None,None,Positive,Arpita,val,False
R795,2,Snapdeal,platform,5,8940d25d-86b6-4eb3-9f0f-c3029ebe28d9,very nice app and bahut accha product milta hai,Positive,None,None,None,Positive,None,None,None,None,None,None,None,Positive,Arpita,train,False
R798,2,Snapdeal,platform,4,460543c3-3a0a-498b-8c05-d6306cd659ee,mujhe laga ye fake app hai but is time iski service bahut achi hai,Positive,Positive,None,None,None,None,None,None,None,None,Positive,None,Positive,Arpita,train,False
R799,2,Purplle,d2c,3,bb3c1ada-9e0e-43e1-965b-ca6070994b2b,bhai yeh app achi hai for cosmmetics and hair products and skin products ke liye but inki jo order delivery dene service hai vo bhot hi bekar hai agr apko order shadofax ya blue dart se milta to thik but agr apko elastic run se mile to bhai apka order App tak pohche ga hi nahi vo vaps return ho jayega so inki order delivery krne ki service ki vajah se mene apna account bhi delete mar diya so iske baad to me kabhi is app se kuch nahi mangvaungi.,Negative,Negative,None,None,None,None,None,None,None,None,None,None,None,Arpita,train,False
R804,2,Blinkit,platform,1,664dc01b-74bf-4b5c-a706-f4aef9a48d6e,bakvass h........ Or paisa bhi jyada leta h........ Or timing issue to h hi,Negative,None,Negative,None,None,None,None,None,None,None,None,None,Negative,Arpita,train,False
R805,2,Amazon India,platform,4,5bb3ad6a-5950-420d-9503-94d4fb01befe,Amazon ka app leg hota hai baki sab best hai,Neutral,None,None,None,None,None,None,None,None,None,Negative,None,Positive,Arpita,train,False
R807,2,Flipkart,platform,4,1329c56d-014a-4b91-8f07-b1b765a1e25e,bhot acha eep he leki mene 4 star isliye diye kyu ki kuch chije bdl kr bhi di jati he,Neutral,None,None,None,None,None,Negative,None,None,None,None,None,Positive,Arpita,train,False
R809,2,Purplle,d2c,1,5c920ff1-1a80-45a7-880f-2d9db4eee306,Pta ni kyu ek problems aa rhi card me kuchh ni show kr rha,Negative,None,None,None,None,None,None,None,Negative,None,Negative,None,None,Arpita,train,False
R810,2,Blinkit,platform,4,1c21d5c8-3152-4ee2-a04d-e922462caf3c,bhut acha hai bilnkit ap best price,Positive,None,Positive,None,None,None,None,None,None,None,None,None,Positive,Arpita,train,False
R813,2,Snapdeal,platform,5,f37e4055-f0d6-4923-9ea5-52045c08923c,han yah bahut achcha hai in company ke product amazing and perfect rahte hain aur Mera insta per ek page hai aapko promotion Karna Ho to hamen product bhej kar shorts video vagera banva sakte hain and company ko meri taraf se acche product bahut bahut dhanyvad team member ko workeron ko 💝,Positive,None,None,None,Positive,None,None,None,None,None,None,None,Positive,Arpita,train,False
R817,2,BigBasket,platform,1,32c07f5e-faed-4ba3-b7a0-aee6d1f6507f,"location bhi set nahi ho rahi hai sabsi bekar aap hai yea yali , kis ne yea vali aap banayi hai , wo i san bhi pagal hai",Negative,None,None,None,None,None,None,None,None,None,Negative,None,None,Arpita,train,False
R818,2,Amazon India,platform,3,b41ad33f-8d59-4e1e-8297-9bccb87e020a,"Blu dart ke madhyam se aane wala saman ghar tak nahi pahchata,12 km jana padta hai jabki ghar mera main rod ke kinare hai.laki or jagah se aane wala ghar se pahuchata hai.saman wapas abhi tak 3 me ek bhi nahi hua.",Negative,Negative,None,None,None,None,None,None,None,None,None,None,None,Arpita,train,False
R819,2,Snapdeal,platform,5,aa399673-4505-4c8c-82f7-5b213df21785,bahut acha product mila h,Positive,None,None,None,Positive,None,None,None,None,None,None,None,None,Arpita,val,False
R822,2,Snapdeal,platform,4,55da0831-4cd3-4e7a-a260-04890eb987d2,Bahut badiya samn milta he,Positive,None,None,None,Positive,None,None,None,None,None,None,None,None,Arpita,train,False
R823,2,Swiggy,platform,1,5b04f6c1-a7f3-4dc1-90b3-38659cbc4809,price is poor 50₹ item 200 mia mil raha hai,Negative,None,Negative,None,None,None,None,None,None,None,None,None,None,Arpita,train,False
R825,2,Flipkart,platform,1,97e6fc2a-d9c5-4eae-8fb0-e582946f7f24,mene aaj tak jitne bhi odar kiye bo isi kod par aa gaye ish baar mene teen odar aek shath kiye or khate se pese bi keta diye tbhi se aep nahi khul raha he or odar dene wala mera pin kod galat beta raha he,Negative,None,None,None,None,None,None,None,None,None,Negative,None,None,Arpita,train,False
R827,2,Myntra,platform,3,c3af42a5-42ae-484f-bf47-8d7910714679,Bahut lege karta hai tumhara app,Negative,None,None,None,None,None,None,None,None,None,Negative,None,None,Arpita,val,False
R832,2,Snapdeal,platform,4,53ac8916-3ff5-4b5b-a1df-4701cc28795f,Hame ye app bhut achha lga,Positive,None,None,None,None,None,None,None,None,None,None,None,Positive,Arpita,val,False
R834,2,Lenskart,d2c,2,aee69228-c75c-4333-805d-175697a1fa69,lens quality good but app me glitch bohot h.,Neutral,None,None,None,Positive,None,None,None,None,None,Negative,None,None,Arpita,train,False
R838,2,AJIO,platform,5,986b44f5-2b1d-434b-a019-577fb1a03519,Bahut mahenga hai mere liye bekar hai,Negative,None,Negative,None,None,None,None,None,None,None,None,None,Negative,Arpita,train,False
R839,2,Purplle,d2c,2,0fd5694c-0007-44e9-8303-226d9a0b623d,very 😔 Bad experience my product Delivery so late 6 august ko order Kiya tha aj 11 august hy ab tk order received nhi hua😔. is app pe ye mera first order hy,Negative,Negative,None,None,None,None,None,None,None,None,None,None,None,Arpita,train,False
R842,2,Shopsy,platform,4,d9211338-f168-4000-a0cb-2726ec8b750d,bahot accha app hai low price main acche product mil jate hain.,Positive,None,Positive,None,Positive,None,None,None,None,None,None,None,Positive,Arpita,train,False
R843,2,Nykaa,platform,5,5f5162bc-81e3-4bc0-95b4-f00534052230,⭐⭐⭐⭐⭐ Amazing shopping experience! Nykaa app is super easy to use. Products hamesha authentic aur original milte hain. Delivery bhi bahut fast hai aur packaging ekdam premium hoti hai. Highly recommended!,Positive,Positive,None,None,Positive,None,None,None,None,None,Positive,Positive,None,Arpita,train,False
R844,2,Amazon India,platform,5,d8b86a52-25ff-41e6-9481-59924e5a1174,"i suggest people don't go with Amazon, there is no customer care person for any help, very pathetic to return or replacement and there are lots of gap between return or replacement, no one can understand you there. Finally frustrate hoke hame refund ke liye apply karna padta hai.",Negative,None,None,None,None,None,None,Negative,None,Negative,None,None,Negative,Arpita,train,False
R848,2,Bewakoof,d2c,2,48126b2f-090c-4c28-8279-7872b48362aa,Apne name key tarah hi ghatiya hai bewakoof hai,Negative,None,None,None,None,None,None,None,None,None,None,None,Negative,Arpita,train,False
R859,2,AJIO,platform,2,33d31d9f-0a5a-4420-89fd-772541a470f1,worst app phle to mujhe purana use kiya huaa chappal diya phir exchange ka option v nhi ab return kiye to lene v nhi aa rha roz delay ho rha bht bekaar service hai,None,None,None,None,Negative,None,None,None,None,None,None,None,Negative,Arpita,train,False
R868,2,Lenskart,d2c,1,62a5f9c4-e3b4-477f-aade-b0d92c381b33,"buy one get one free ka ka offer lga kar aur ek hi chasma dete hai 500 ka hi cart me 2 chasma add krte hai 500 dikhta hai cart me jane ke baad 2,2 hajar ka ho jata hai fir buy one get one free ka offer dete hai 3000 hajar offer me ghata dete hai ye hai inlogo ka offer nhi lene layek hai 500 ka chasma dikha kr 2000 me bta rhe hai 2 chasma add kiye dono ka paisa le rhe hai Kuch bhi nhi kam kr rhe hai nhi lene layek hai lenskart se chasma",Negative,None,None,Negative,None,None,None,None,None,None,None,None,None,Arpita,train,False
R878,2,Amazon India,platform,4,d31ee4e3-16af-4bb2-b9b7-0b2bab918a85,"ACHHA APP HAI, MAGAR DELEVERY TIME SE NAHI HOTI HAI, BAHUT DERI LETT HOTI HAI ..??",Neutral,Negative,None,None,None,None,None,None,None,None,None,None,Positive,Arpita,train,False
R883,2,Myntra,platform,4,68979001-7ecb-4954-9f96-236925ee3631,Bhot sahi aata hai mal,Positive,None,None,None,Positive,None,None,None,None,None,None,None,None,Arpita,train,False
R884,2,Myntra,platform,2,3c77a2b8-4820-4a3a-acd6-4b79e70cf79c,"I am rating this app 2 stars because they manipulate ratings which is unfair. Reward ka lalach dekar achhi ratings lete hain customers se aur reward bhi nahi dete, kehte hai better luck next time. Maine Bahut saare products ke reviews dekhe hain, rating hoti hai 5 stars aur review me likha hota hai worst product, pathetic, etc.",Negative,None,None,None,None,None,None,None,None,None,Negative,None,None,Arpita,val,False
R886,2,Myntra,platform,4,31e32271-4d8f-419e-9d1f-5c63179d1520,ye com.frod karti h is com.ne mera paisa kha gayi h,Negative,None,None,None,None,None,None,None,None,None,None,None,Negative,Arpita,train,False
R891,2,Shopsy,platform,3,929047cc-1aa5-4cb7-8e3c-4888d9ed6b37,order Delay Bar bar bar delay hota hai order,Negative,Negative,None,None,None,None,None,None,None,None,None,None,None,Arpita,train,False
R894,2,Shopsy,platform,3,2403c263-cc77-46b1-be9a-ad93b6428027,Saman saste mein dikha raha hai lekin jab ham karne ja rahe to Paisa bahut mahanga mang raha hai kuchh kariye,Negative,None,None,None,None,None,None,None,None,None,Negative,None,None,Arpita,train,False
R903,2,AJIO,platform,5,5151a5da-d5be-4e12-8cc7-d416f5e1aa2c,ye bhut hi ghtiya aap hai order nhi de rha hai 🥹 download na kre,Negative,None,None,None,None,None,None,None,None,None,None,None,Negative,Arpita,train,False
R904,2,Amazon India,platform,4,e5230f9d-cdab-40ee-9b18-a2e0013c23ac,nice aap my favourite aap,Positive,None,None,None,None,None,None,None,None,None,None,None,Positive,Arpita,val,False
R907,2,AJIO,platform,4,42dca0bf-7b62-43cd-8513-cbdefe4a0e45,"This online shopping app is good because I have ordered so many products from this site products r fabulous. But this time I am disappointed😞. I have ordered 1 jumpsuit 2 weeks ago. When it reached it to me it was too big size, there is no other size so I decided to return. I oped for return, one of the delivery partner reached me 9th july and took the return parcel and went. Same night he called me and said product cannot be returnd. Tomrw hewill return back to me, but still no updates.",Negative,Negative,None,None,None,None,None,Negative,None,None,None,None,Positive,Arpita,train,False
R908,2,Shopsy,platform,5,189d2994-3822-43c7-af47-36ab800fc9fc,Hame paise nahi de raha hai,Negative,None,None,None,None,None,None,Negative,None,None,None,None,None,Arpita,train,False
R909,2,Snapdeal,platform,3,432769fa-7999-46a9-b284-4f550c7e0463,Weri good snapdeal com n1sopng AAP is good snapdeal fast aap,Positive,Positive,None,None,None,None,None,None,None,None,None,None,Positive,Arpita,train,False
R910,2,Shopsy,platform,1,3b3f4214-426b-4f6b-8d72-bc0f37d787b2,bed app loot macha rakhi hai 360 rupye per 130 delivery charges lete hai,Negative,None,Negative,None,None,None,None,None,None,None,None,None,Negative,Arpita,train,False
R911,2,Zepto,platform,1,5ecd75e1-0877-4d9c-84fd-857493bb455d,"bhai log don't use this app, chor type staff and rider hai zepto mai aur bahut hi kharab customer care hai",Negative,Negative,None,None,None,None,None,None,None,Negative,None,None,Negative,Arpita,train,False
R912,2,Amazon India,platform,2,b66cbe43-ad44-43d4-8a19-9f4799cbb14a,Jaise Dikhai Deta Hai Vaisa item Nahin Hota,Negative,None,None,None,Negative,None,None,None,None,None,None,None,None,Arpita,train,False
R913,2,Flipkart,platform,5,4a1c08fe-4d25-4d09-9aba-b90b9f9836d0,sabse bekar app hai maine isliye 5 star diye Kyuki aap bhi download kre😂😂😂,Negative,None,None,None,None,None,None,None,None,None,None,None,Negative,Arpita,train,False
R914,2,Myntra,platform,5,527231aa-2810-478a-a5c6-91a8a22dbccd,badhiya app Hai quality acchi milati hai,Positive,None,None,None,Positive,None,None,None,None,None,None,None,Positive,Arpita,train,False
R915,2,Lenskart,d2c,5,6e99edb7-4b19-4e56-8972-61bd7912f658,lanskart aap is best aap best aap is for lanskart,Positive,None,None,None,None,None,None,None,None,None,None,None,Positive,Arpita,train,False
R920,2,Zepto,platform,5,d807f50c-ec28-4238-bf9e-dc09b29242a5,Bhut hi acha app hai,Positive,None,None,None,None,None,None,None,None,None,None,None,Positive,Arpita,train,False
R923,2,Flipkart,platform,1,1431f0b4-acf6-4f04-bc8f-0e84a76dd2cf,Main Ek RC car order kar raha hun varshikar order Nahin ho rahi ho to Kaise order Karen,Neutral,None,None,None,None,None,None,None,None,None,Neutral,None,None,Arpita,train,False
R928,2,Snapdeal,platform,3,034200af-84f7-49ee-94af-69e4bca21495,Bahut hi badiya app hai,Positive,None,None,None,None,None,None,None,None,None,None,None,Positive,Arpita,train,False
R930,2,Purplle,d2c,5,cf40a793-fa99-491b-ae00-3869cbd174f8,"Bohat achaa App hai ,hmesha sale reta hai 👍",Positive,None,None,Positive,None,None,None,None,None,None,None,None,Positive,Arpita,train,False
R935,2,Snapdeal,platform,2,389f5164-967c-4450-9c5f-26048392b565,product pe par day price change hota hai..Not show exchange option yeh bhi ek bada problem hai replace ka option to hona hi chahiye jaise baaki Aur online shopping app mein hoti hai,Negative,None,None,None,None,None,None,Negative,None,None,None,None,None,Arpita,val,False
R936,2,BigBasket,platform,5,939d2f70-5a6a-41a6-a8f0-6802efa6821b,bhut der se saman aata bilkint wale toh 5 min me le aate hai,Negative,Negative,None,None,None,None,None,None,None,None,None,None,None,Arpita,train,False
R940,2,Meesho,platform,4,d9d66a05-36df-4861-8719-1c935e619a8a,good aap h shopping ke liye,Positive,None,None,None,None,None,None,None,None,None,None,None,Positive,Arpita,train,False
R950,2,Meesho,platform,1,2b6544f6-7529-4937-8476-7800cf58e37c,Bahut gatiya app 2_3 baar oder kar diya par dilevery nahi kar hai aur to aur apne aap hi delivery cancel kar dete hai aur dilevery boy ko phone lagao to battmiji kar te hai aur 4_5 baar to me campalen kar chuka hu koi samadhan nahi hua 👹👹 please is app ko koi download nhi karna 😢😢,Negative,Negative,None,None,None,None,None,None,None,None,None,None,Negative,Arpita,train,False
R952,2,Bewakoof,d2c,4,d49c936b-7eac-4f92-9bdf-167435de7410,app badhiya per bahut mahanga hai Ham Garib log kahan jaenge,Neutral,None,Negative,None,None,None,None,None,None,None,None,None,Positive,Arpita,train,False
R954,2,Myntra,platform,1,e8ec6cf9-4177-4206-a94c-8190e3850f08,"Order #1341817 prepaid hai, app par “Delivered” dikha raha hai but mujhe mila hi nahi. Delivery partner ka call nahi aaya aur OTP bhi share nahi kiya. Customer care bhi AI screening ke baad issue resolve nahi kar raha. Kya Myntra se order karke prepaid payment karna meri galti hai? Please investigate",Negative,Negative,None,None,None,None,None,None,None,Negative,Negative,None,None,Arpita,train,False
R960,2,Shopsy,platform,4,98489982-b0c5-4ddc-9910-65cbf0f7c9d0,Ek number ka bakvas aap hai pahle Kam rate dhikhate haior bad me payment ke time jyada dikhate hai,Negative,None,Negative,None,None,None,None,None,None,None,Negative,None,None,Arpita,train,False
R961,2,Shopsy,platform,4,afa7ccf3-2a6c-481a-909f-f8600ffeb503,bas is par Jo reat rahata hai oo wala nahi hota hai aur Jo saman 245 ka rahata h oo wala 467 ka ooadar karna par ho gata hai 😔,Negative,None,None,None,None,None,None,None,None,None,Negative,None,None,Arpita,train,False
R963,2,Amazon India,platform,1,b6f8131f-826b-4ff9-9254-522cbb9ae71d,bahut he bekar hi ab rifand nahi hota hi paisa saman milta nahi hi aur di khata hi delewar ho gaya hi ghatiya app hi,Negative,None,None,None,None,None,None,Negative,None,None,Negative,None,None,Arpita,train,False
R964,2,Shopsy,platform,3,327e76d2-5780-427e-bf55-2f7b717da903,Aodar nahi aa raga hai,Negative,None,None,None,None,None,None,None,None,None,Negative,None,None,Arpita,train,False
R970,2,Shopsy,platform,5,d6b512c9-1434-411e-abf7-5ba1bdfbdcc7,Best shopping app I have ever tried... Every product is at a low price... Literally an amazing app.... Every product has a quality price.... justttt fantastic 🤩🫶🌷🤌 lagbhag 5 saalo se maine shopping kiya is app se... pehele bohot jyada improvement huwa h... or bht acha h🥹✨,Positive,None,Positive,None,Positive,None,None,None,None,None,None,None,Positive,Arpita,train,False
R976,2,Shopsy,platform,1,a6bfb924-93ff-485f-97d3-e55b66c49839,fir bhi achcha hi hai,Positive,None,None,None,None,None,None,None,None,None,None,None,Positive,Arpita,train,False
R982,2,Flipkart,platform,3,41cfe858-8438-4a02-a6f8-805a81240303,"rate 499 bataaya,, payment 544 li gayi,, ye mera first order tha,,,, baaki aage dekhte hai,, product ki quality kaisi hai,,, agar achhi hui to fir lenge nahi ho...........",Neutral,None,Neutral,None,None,None,None,None,None,None,None,None,None,Arpita,train,False
R983,2,BigBasket,platform,2,9e3c3861-98be-4331-a507-d619608d41ff,acha kaam karte hai Bigbasket,Positive,None,None,None,None,None,None,None,None,None,None,None,Positive,Arpita,train,False
R984,2,Flipkart,platform,3,371473c5-5c03-42ae-9739-e3ab3cb2a485,bohot hi accha product milta hai me jyada tar yahi se khridta hu,Positive,None,None,None,None,None,None,None,None,None,None,None,Positive,Arpita,train,False
R990,2,Bewakoof,d2c,3,0b307f51-edec-44e9-a5cc-6ab2386039bc,thoda colour wala t shirt sasta range me bhi hona chahiye iske alawa shirt ka price 200 rs mahanga he,Negative,None,Negative,None,None,None,None,None,None,None,None,None,None,Arpita,train,False
R992,2,Lenskart,d2c,5,31fc9969-ce9b-46f7-af55-cd77a9ff99f9,Bahut achcha app hai bhai download karo,Positive,None,None,None,None,None,None,None,None,None,None,None,Positive,Arpita,train,False
R993,2,Snapdeal,platform,2,332f3e9f-a508-40b7-9f3a-93c02e2b09b1,ye application bikul bhi apne customer ka dhyan rakhti hai aaj 3days ho gaye hai maine jo product mangaya tha abhi tak return nahin hua .. aur kapdo ki quality kharab customer care ka bhi koi khas response nahin a raha hai. jis tarah kapda dikhaya gaya hai use tarah ki quality nahin a rahi hai meri family bhi ISI application se kapde order karte Hain Shayad ise ab install karna padega abhi jyada log Jude hue Hain sabhi se Mana karna padega yah application kam ki nahin ISI mahine Maine char orde,Negative,None,None,None,Negative,None,None,Negative,None,Negative,None,None,None,Arpita,train,False
R994,2,BigBasket,platform,2,68f6c4d2-518c-4dd3-9345-2f35fd868e8b,Bahi koi downalod mat karo pastao ge magai boat he is aap par,Negative,None,None,None,None,None,None,None,None,None,None,None,Negative,Arpita,train,False
R996,2,Swiggy,platform,3,4a0d6472-e38b-472c-ad49-ff6b6a851017,ok ok but inke pass change nahi hota hai,Neutral,Neutral,None,None,None,None,None,None,None,None,None,None,None,Arpita,train,False
R998,2,Amazon India,platform,5,f6803d07-eb19-4b50-ba98-f402860fab92,aap mujhe acche Lage bhai ml,Positive,None,None,None,None,None,None,None,None,None,None,None,Positive,Arpita,train,False
R1012,2,Myntra,platform,5,5ff9da77-074e-4292-a668-11350e18fd33,This is good app jo dikhta hai wahi aata hai ......,Positive,None,None,None,None,None,None,None,None,None,None,None,Positive,Arpita,train,False
R1013,2,Blinkit,platform,4,3e3b6ea3-0d07-486f-80ad-74496922c050,"amazing delivery app,fast delivery only 15mins fast responds, no adds, it's best for save more time, but Cash on delivery should not be available every time, that's why it's a big problem. My request is har kisi ke paas online payment available nhi hoti, so I request you to make cash on delivery available. Thank you.",Positive,Positive,None,None,None,None,None,None,Neutral,None,None,None,Positive,Arpita,val,False
R1023,2,Snapdeal,platform,1,dfcbb31d-d13f-4b47-9512-2458e6e9ed88,This was my first and probably my last experience here in snap deal. Firstly one of my order got cancelled by itself. 2nd they deliver me in different packaging on different day to wich the courier charged me 50rs per package. I ordered 10 item so I lost 500rs in return. What's the point of ordering to save me some money?? But overall the product was in good discount and price range was okay okay so if you like it go ahead. For me I'm uninstalling.,Negative,None,Neutral,None,Positive,None,None,Negative,None,None,None,Negative,Negative,Arpita,train,False
R1025,2,Lenskart,d2c,3,5c8fa7b8-81b0-4a4e-9eaf-946a4cfe02ac,good... but when spectacles mil jayega mujhe... store wale person ka experience acha nahi hai... they not told me properly for frame... hamare paas nahi hai.. aap dusre store se le Lo...,Neutral,None,None,None,None,None,None,None,None,None,None,None,Positive,Arpita,train,False
R1028,2,Swiggy,platform,3,8e8ec9be-4ea1-482b-9297-e4538e330139,swiggy ekadam achcha nahin Hai 40 minute lagata hai order dene mein sab 25 minut mein deta Hai to yah 40 minut mein dete Hain order,Negative,Negative,None,None,None,None,None,None,None,None,None,None,Negative,Arpita,val,False
R1030,2,Swiggy,platform,5,508a5a42-61cd-48c0-865d-97c9bde74725,Mai khud deliveri boy ka kam karta hu very. Nuc,Positive,None,None,None,None,None,None,None,None,None,None,None,Positive,Arpita,train,False
R1034,2,Flipkart,platform,2,42d35e9a-8376-40c8-9972-7821f9692c92,Me 2 Sal se shopping kar hu Flipkart se lekin Aaj Tak return nhi kiya hu Jab Flipkart Customer care se return wale baat karta hun to O Baton Mein uljhane Rakhta Hai Bus ho jaega ho jaega last Mein bus paisa barbad Hota Hai Flipkart Se Achcha To amazon aap hai Jo acchi service deta hai,Negative,None,None,None,None,None,None,None,None,Negative,None,None,None,Arpita,train,False
R1036,2,Purplle,d2c,5,6d940a14-56ad-49ac-a72b-e157006a607a,Bahut hi badhiya application Nahin,Negative,None,None,None,None,None,None,None,None,None,None,None,Negative,Arpita,train,False
R1038,2,Meesho,platform,2,525fe9bb-4971-41c0-9834-4b5615a0c0ff,Mera order Kiya hua product hame abhi tak nahi mila dilevery ka date bhi expire ho gya hai ye aap utne bharose ke layak nahi hai fixed date pe bhi parsal nahi milta hai,Negative,None,None,None,None,None,None,None,None,None,Negative,None,None,Arpita,train,False
R1039,2,Purplle,d2c,2,b6e754e0-8e83-49f3-9b65-74fb427c795f,Aap ko isme cash on delivery rakhna tha,Neutral,None,None,None,None,None,None,None,Neutral,None,None,None,None,Arpita,train,False
R1040,2,Amazon India,platform,4,74117eb5-feed-41e4-99dd-245c20e98d34,is app mai 1000 ke niche ki kimmat pe bhi EMI milna chahiye or EMI debit card pe bhi milna chahiye,Neutral,None,None,None,None,None,None,None,Neutral,None,None,None,None,Arpita,train,False
R1041,2,Meesho,platform,4,45226fab-0f82-4806-98b3-1c40347f5364,well u guys are literally amazing providing everything in max money and my orders are arriving early and even if I get some issues with that product u guys are responding very quickly and refund bhi jaldi he dal dete!!! and messho sa shopping karka acha laga !!!,Positive,Positive,None,None,None,Positive,None,Positive,None,None,None,None,Positive,Arpita,train,False
R1042,2,Snapdeal,platform,3,a925910a-51b9-4ece-8219-40146c3be082,"quality wise product acha hai, time se pehle deliver hota hai. 👍(par jaise order karo, turant hi price fluctuate ho jate hai) ek advice hai ap customer - suitable time slot bhi add kare. takki ussi date/time pe chiz mil toh jayegi.",Neutral,Positive,Neutral,None,Positive,None,None,None,None,None,None,None,None,Arpita,train,False
R1053,2,Meesho,platform,2,2efd8798-1324-4016-8ec8-832fa48ea4aa,Bahut hi ghatiya Hai Paise koi bhi download Mat Karna iski delivery bahut let hoti hai to sahi Hote Kari Jave Hai yah delivery ke liye kya Kahate Hain ki koi delivery Nahin,Negative,Negative,None,None,None,None,None,None,None,None,None,None,Negative,Arpita,train,False
R1055,2,Blinkit,platform,3,9b4cdeb9-7d35-466c-b7a9-2dbadfde85f1,"i select the product to buy.. And after 10 minutes blinkit automatically increases the demand and says ""due to high demand add more product for free delivery.. 😆 What a joke.. Typical thug mentality.. I just empty the cart.. And i dont buy anything... 😆 Simple.. Sudhar jao blinkit customers bewakoof nahi hain..",Negative,None,None,None,None,Negative,None,None,None,None,None,None,None,Arpita,train,False
R1065,2,AJIO,platform,1,a0c15c47-a6f9-4282-aef2-b4d1f2b3646b,faltu app h costume ki koi prvahi nhi h dealer se inka sahi se koi contact hi nhi h 2 jeans order Kiya alg alg or dono alg alg house where Se Aaye lekin dono ne hi gaplebaji krr di mene 98% cotton jeans mngvaye inhone bheje 78% dusra 68% vala jb mene costume care se baat ki jo dealer hai use aap baat karke yah problem solve karo ki usne wrong product bheja h lekin bolte h sidha return kr do fr fayeda kya yeh time waste krne ka h 🤯🤬🤬🤬🤬🤬,Negative,None,None,None,Negative,None,None,None,None,None,None,None,Negative,Arpita,train,False
R1070,2,AJIO,platform,1,b2f63d2a-b68a-45c0-a286-0fd358d874e6,itna fee's chahiye ye isme ...koi order mat karna,Negative,None,Negative,None,None,None,None,None,None,None,None,None,None,Arpita,train,False
R1073,2,Blinkit,platform,5,250a8c79-d820-4223-96ea-e049f1db3a39,hi guest Maine billing kit se order Kiya Hai Dekho 10 minut dikha karke kitne der mein a raha hai,Negative,Negative,None,None,None,None,None,None,None,None,None,None,None,Arpita,train,False
R1074,2,Amazon India,platform,3,ef5d9e12-fdbc-424c-9a7f-1939551ae8cb,"this app is good to buy something online overall ,but if I registered my bank account and number to them then tha app is lagging more than before , I am very disappointed about this , if I want to pay some small amount like ₹10 aur some large amount, the. also laging QR scanner on karne pe timing bohot leta h , mera network airtel ka h data sahi chalta hai , aur app mein updated kar rakha h phir bhi ye problem aa rhi hai , please solve this issue otherwise,I will unwantedly deregister or delete",Neutral,None,None,None,None,None,None,None,None,None,Negative,None,Positive,Arpita,train,False
R1079,2,Meesho,platform,5,4caa6a42-5420-40cc-8548-e793deeb3350,meesho bahut hi accha aap hai,Positive,None,None,None,None,None,None,None,None,None,None,None,Positive,Arpita,train,False
R1080,2,Meesho,platform,3,e160de13-2471-4246-98ba-5ccab4f82db1,Product bahut kharab diya ek bar or vapis nahi kara har kuch hi rakh diya purana mal baki hamesha aesa nhi aata lekin ek bhi bar kharab na aaye aayr to bapis ho,Negative,None,None,None,Negative,None,Negative,None,None,None,None,None,None,Arpita,val,False
R1081,2,Meesho,platform,3,879438ef-4e56-42b1-9d4a-a9fa4dda59aa,"Mere Meesho Pay Later ka payment due hai, lekin payment karne ka option app mein show nahi ho raha hai. Main payment karna chahti hoon, lekin technical issue ki wajah se payment nahi kar pa rahi hoon. Please meri complaint/ticket immediately register karein aur mujhe official payment method provide karein. Payment delay meri taraf se nahi hai.",Negative,None,None,None,None,None,None,None,None,None,Negative,None,None,Arpita,val,False
R1086,2,Purplle,d2c,3,f62128fb-6919-43e9-9979-6ce8be670537,isme install karte time kuch makeup 5₹mai dikhaye but aisa bilkul bhi nahi hai,Negative,None,None,None,None,None,None,None,None,None,Negative,None,None,Arpita,train,False
R639,2,Amazon India,platform,4,c06cc833-e4c9-4155-af7b-81ab12f63120,This aap is very good ..but delivery man not wear masq ..😟😟😟😟.....Recently me not get my Refund 550/- it's very unfortunate from this aap ...this review from Babli Chakraborty,Mixed,Negative,None,None,None,None,None,Negative,None,None,None,None,Positive,Harsh,train,False
R640,2,BigBasket,platform,1,ab2e557e-e0f5-4e8f-957a-1907b9e72ef8,Jodhpur me yeh service nhi hai,Negative,None,None,None,None,Negative,None,None,None,None,None,None,None,Harsh,train,False
R642,2,Swiggy,platform,3,ec36928d-db6f-4a74-95a3-c9290f8dc631,swiggy bahut achcha app hai sabhi log download karo,Positive,None,None,None,None,None,None,None,None,None,None,None,Positive,Harsh,train,False
R646,2,Lenskart,d2c,3,3d4bf530-f20d-40ce-9ea1-a4e4f35db28d,now bug aa rahi hai abhi,Negative,None,None,None,None,None,None,None,None,None,Negative,None,None,Harsh,train,False
R658,2,Amazon India,platform,1,1f409b80-b60b-4e57-86ab-24d04c6a071f,cash on delivery nhi leta aisa kyu mujhe bataye 😠😠😠😠,Neutral,None,None,None,None,None,None,None,Neutral,None,None,None,None,Harsh,val,False
R660,2,Myntra,platform,5,54dfa46b-9865-492e-91d7-ce14514dffab,Bahut achcaha app hai yah branded kapde bag jute pent sart sab kugh yha par branded milta hai koi dhoka dhadi nahi hoti hai sabse achcha kaam cash on delivery ka kam hai it's locked down me kyuki disre app par yah suvidha ublabd nahi hai Amazon prime par cash on delivery ki suvidha nahi hai or myntra par yah shuvidha uplabd hai mujhe bahut achcha online shopping app lga myntra app,Positive,None,None,None,None,None,None,None,Positive,None,None,None,Positive,Harsh,train,False
R663,2,Flipkart,platform,1,5d7750a9-b8e6-4e77-8e4d-a2f0eed6f3cd,order bahut let ata hai,Negative,Negative,None,None,None,None,None,None,None,None,None,None,None,Harsh,train,False
R665,2,Blinkit,platform,1,f1b8e9df-b36e-4728-b12d-8d07b50b5bb1,Sabse ganda app hai 18 rupaye ka chips dete Hain bad mein delivery ke paise lete Hain,Negative,None,Negative,None,None,None,None,None,None,None,None,None,Negative,Harsh,val,False
R666,2,Zepto,platform,5,838eb34e-062a-4b7a-9970-0f268a820d03,bhut acha hai sab log dawnload karo,Positive,None,None,None,None,None,None,None,None,None,None,None,Positive,Harsh,val,False
R667,2,Myntra,platform,2,b87b00ac-1bba-46da-ba80-640643bbca04,Ye jo dikhate aur bechate hai oosme bada antar hota hai,Negative,None,None,None,Negative,None,None,None,None,None,None,None,None,Harsh,train,False
R670,2,Lenskart,d2c,5,349f6da2-a195-488e-af35-aa90f1ab008b,Lenskad apps bahot hi acha hae isse lenacahie ji,Positive,None,None,None,None,None,None,None,None,None,None,None,Positive,Harsh,train,False
R672,2,Flipkart,platform,4,d9ef029e-38c6-4ede-a548-15b7bd5a22c0,Delivery mein jo pahle refund Dete Hain vah Wapas Nahin Hota Hai To Ham Kya Karen delivery Bhi Nahin Hoti Hai bank balance cut Jata Hai parantu hamare pass delivery Nahin pahunchi aur na vah bank balance Wapas Aata Hai Kya Karen bataiye kripya Karke aap is tippani apni Puri koshish karen ki Hamare refund Wapas Ho aap Hamari Samiksha per vimarsh Karen Aur steepening Ko Aage pahunche Taki Hamari Samiksha par koi kaarvayi Ho,Negative,Negative,None,None,None,None,None,Negative,Negative,None,None,None,None,Harsh,train,False
R681,2,Shopsy,platform,5,cbb2a9af-d859-40c3-931d-002fd7466f77,yah bahut badhiya hai aur naye naye offer aata Hai thank you,Positive,None,None,Positive,None,None,None,None,None,None,None,None,Positive,Harsh,train,False
R682,2,Snapdeal,platform,3,05e8f839-5295-4702-b5aa-a84609030727,fast delivery products maza nhi aya 2 Dilevry white blu paint manbaya quality sahi nahi hai. isliye not interested snapdeal,Mixed,Positive,None,None,Negative,None,None,None,None,None,None,None,None,Harsh,train,False
R686,2,Flipkart,platform,4,c29151d0-eacb-4e5a-91ac-a71a549ad00e,kaam dilevri me dile hota hai aur auder riject ho jata hai,Negative,Negative,None,None,None,None,None,None,None,None,None,None,None,Harsh,val,False
R687,2,Amazon India,platform,4,9e73944e-7745-46fa-87c5-d1b97c0a0e94,my cash delivery ka option kyu nahi aa raha hai mujhe wo product chahiye bahut jaruri hai please help me,Neutral,None,None,None,None,None,None,None,Neutral,None,None,None,None,Harsh,train,False
R691,2,Nykaa,platform,5,bc744b77-ec91-4c26-950a-ff499650e80f,order same date par nahi aate hai,Negative,Negative,None,None,None,None,None,None,None,None,None,None,None,Harsh,val,False
R698,2,AJIO,platform,4,6cabe03b-6a5a-4f57-a0a2-1953e5e40480,istemal karne ke baad Kaisa hota Hai,Neutral,None,None,None,Neutral,None,None,None,None,None,None,None,None,Harsh,train,False
R701,2,BigBasket,platform,2,a4252c49-6c08-43c2-b354-d6f33279729e,aaj mene apni 1 or number se 1 laddu gopal ji ki bras ki murti order ki 2 bje or time btaya 5 bje higa pr jb 6 bja to order cancal ho gya comoeny ki taraf se ab btao me ab kha lene jau dusri murtii or itna time kharab kiya wo alag hmare hindu aastha ka mjak bna diya,Negative,Negative,None,None,None,None,None,None,None,None,None,None,None,Harsh,train,False
R709,2,Flipkart,platform,3,6cc440d5-26a6-413f-b06c-a5b8614eabdc,rasiyn aodr nhi ho sakta hai bhai or behno,Negative,None,None,None,None,Negative,None,None,None,None,None,None,None,Harsh,train,False
R716,2,Flipkart,platform,1,cbf4a451-ceb4-4109-b538-69c6e2d22b66,"only one way rkha hai aap unse bat kr nhi skte bs digital chat kr lo, jis din order delivery hai us din pure time uska ghar par wait kro ki kab aaega aur nhi mile to cancel, chutiyapanti h bs",Negative,Negative,None,None,None,None,None,None,None,Negative,None,None,None,Harsh,train,False
R722,2,Shopsy,platform,4,50c0cb07-38d0-4630-9635-4705535ce3be,bahut achcha app hai per prize money bad mein bada dete Hain request ki same price money rakho,Mixed,None,Negative,None,None,None,None,None,None,None,None,None,Positive,Harsh,train,False
R736,2,Purplle,d2c,5,6fd7c11f-d43c-45ea-a662-002ff7c4a006,yha se bht achhe product received hote h... 😎😎,Positive,None,None,None,Positive,None,None,None,None,None,None,None,None,Harsh,train,False
R737,2,Shopsy,platform,4,6fcf5893-3d56-4dae-a0ce-308dc7e67339,Yah bahut acchi hai aap abhi Maine char star diye Hain agar Mera order Ghar per a jaega to main ek aur star de dungi,Positive,Neutral,None,None,None,None,None,None,None,None,None,None,Positive,Harsh,train,False
R741,2,Swiggy,platform,4,36eff288-7c55-44b1-b005-053d756322b8,Nice hai par grocery ka mere me nahi aata hai app me,Mixed,None,None,None,None,Negative,None,None,None,None,None,None,Positive,Harsh,train,False
R745,2,Flipkart,platform,4,351af54c-08e4-4db0-bddd-cb474ba8471a,Flipkart ek achcha app hai,Positive,None,None,None,None,None,None,None,None,None,None,None,Positive,Harsh,train,False
R746,2,Snapdeal,platform,3,f7c6dec6-3edf-457d-8eef-f93b88f9228f,"hello .. snapdeal, no doubt you have great deals and best product,,but if sometimes we have to return and exchange the product ..... itni bar return ka bol chuki hu but ab Tk return parcel pickup nhi hua and exchange parcel bhi pickup nhi hua ....like seriously bro ...roj kehte h aaj pickup hoga ..but me pichle3 din se Wait kr rhi hu ...sabke pass itna time nhi hota ki aapke roj Roj wait kre...please pickup the parcel as soon as possible.....",Mixed,None,None,Positive,Positive,None,None,Negative,None,None,None,None,None,Harsh,train,False
R748,2,Flipkart,platform,2,8284b295-19bb-4e64-8795-50ec92fda0d7,cash on delivery nhi hoti he yaar,Negative,None,None,None,None,None,None,None,Negative,None,None,None,None,Harsh,val,False
R749,2,Shopsy,platform,4,157e6b3d-5eff-4ec4-9fe4-a4fb1e709051,Agar Aap jis din kapra ka kimat jayada lene lge us din se hm shopsy chalana band kr denge or dusre ko bhi band krne ke liye bolenge,Negative,None,Negative,None,None,None,None,None,None,None,None,None,None,Harsh,train,False
R750,2,Blinkit,platform,4,bf0085d0-d1ca-40cb-bcf9-9f68fb1fedc1,Good aap but change nhi hota inpe,Mixed,None,None,None,None,None,None,Negative,None,None,None,None,Positive,Harsh,train,False
R754,2,Meesho,platform,1,ba6430c9-882f-4091-bb3b-32baf33931ab,sahi address pai order nahi dete our without permission order cancel karate hai aur complete karaneke bad koi bhi acha se sarvice nahi dete ...( pagal log),Negative,Negative,None,None,None,None,None,None,None,None,None,None,None,Harsh,train,False
R756,2,AJIO,platform,4,1d0d0303-b77f-4cc7-aa27-474b14719350,"Quality bahut hi top ka hai,lekin sman automatically cancel ho ja rha hai reson ye aata hai ki quality sahi nahi hai,mera ajio se ye request hai ki koi bhi product show ka rne se pahle ye dekh le ki wo sman available hai ki nahi,kyu ki isse bahut sara time waist hota hai aur hame kaam ka smay nikal ke yahi sab check karna parta hai,baki sab bahut bahriha hai, quality is superb.",Mixed,None,None,None,Positive,Negative,None,None,None,None,None,None,Positive,Harsh,train,False
R757,2,Blinkit,platform,5,b568cdc2-cd75-401d-8bba-d4541471922c,iyha bhot aach aap hai,Positive,None,None,None,None,None,None,None,None,None,None,None,Positive,Harsh,train,False
R758,2,Shopsy,platform,3,d1429549-719a-4c4b-97a1-15c2c15eaefa,bahut achcha app hai delivery Nahin leta,Mixed,Negative,None,None,None,None,None,None,None,None,None,None,Positive,Harsh,train,False
R759,2,Nykaa,platform,5,3889bd91-2806-4960-b5aa-623f3621c76f,Ye bhot aacha log be vja hi nykaa ko badnam kar rhe he ye mekap ke San ke liye bhot hi aacha me aapse kheti hu ye aap dounlod kijiy bhot hi aacha aap he,Positive,None,None,None,None,None,None,None,None,None,None,None,Positive,Harsh,train,False
R761,2,Flipkart,platform,5,967064b3-380e-41fe-b218-58bf4f3e08d0,bahut badhiya hai sasti Dam sasti rate hua app,Positive,None,Positive,None,None,None,None,None,None,None,None,None,Positive,Harsh,train,False
R770,2,Zepto,platform,1,46902ad4-bef5-43fe-9adb-e5efa2b3d7f4,please don't use this application 🙏 bekar hai,Negative,None,None,None,None,None,None,None,None,None,None,None,Negative,Harsh,val,False
R777,2,Snapdeal,platform,1,d76d7adc-9a9a-42ad-8c28-aaddcdd7dfb6,photo alag product alag aur quality bhi kharab aa rahi h,Negative,None,None,None,Negative,None,Negative,None,None,None,None,None,None,Harsh,train,False
R778,2,Snapdeal,platform,1,cd9bb313-6f19-4c9d-82b5-026cb72c6bfc,ek number ki chor company hai mangate kya aata kya hai paison ki loot chalti Hai is per cheater ekadam,Negative,None,Negative,None,None,None,Negative,None,None,None,None,None,Negative,Harsh,val,False
R779,2,Myntra,platform,3,c6b6003c-2fa3-483c-8a00-0567a59ed7a9,Very nice lekin cash nahi hai kyu ATM kyu rakh de hoo,Neutral,None,None,None,None,None,None,None,Neutral,None,None,None,None,Harsh,train,False
R781,2,Amazon India,platform,4,02962804-926d-4a28-8f11-b19c7a18e340,Aapka man delivery time par nai kar ra ha Muj amarjence ha Saman aaya huaa ha lakin delivery nai kar raha,Negative,Negative,None,None,None,None,None,None,None,None,None,None,None,Harsh,train,False
R787,2,Myntra,platform,2,085a0412-6439-4785-b150-64a2ede7b67b,i've using myntra very long time before experience was good but now days quality issues are there .. also.my recent order i get a kapde ka tukda which was not my order .. i told toh delivery person tht what is this he said complain kro aap .. but not processed now.. bad experience for back some days,Negative,None,None,None,Negative,None,Negative,None,None,Negative,None,None,None,Harsh,train,False
R789,2,Purplle,d2c,1,67dd1dc0-8076-4ff7-af51-2f3965a127ca,delivery 7 tarikh ko bol kar 14 tarikh Ho Gaya Abhi Tak Nahin aaya hai Bina Puche delivery cancel kar dete Hain Sahi location Dalo to Fir Bhi yah galat location per jakar Dete Hain galat location Dali ho to change karne ke bad bhi galat location per jakar delivery Dete Hain Uske bad agale location per cancel kar dete Hain,Negative,Negative,None,None,None,None,None,None,None,None,None,None,None,Harsh,train,False
R790,2,Meesho,platform,4,1edcba69-0252-48eb-a6c7-5338a3a255f0,dekhte Hain Jo order Kiya vah deliver product achcha hai ya nahin FIR rating denge,Neutral,None,None,None,Neutral,None,None,None,None,None,None,None,None,Harsh,train,False
R801,2,Shopsy,platform,3,6c35646c-ce24-493b-8c10-99cb0adf5c0a,address change bol raha hai bar bar,Negative,Negative,None,None,None,None,None,None,None,None,None,None,None,Harsh,train,False
R806,2,Blinkit,platform,1,31ab8e2a-026c-4a76-bf06-57da52e0832f,"delivery karne me achha hai, but jo blink it ke godown me pata nahi kya issue hai, product packaging and product also damaged and kisine used kiye ho wese aa rahe hai bahot time se",Mixed,Positive,None,None,Negative,None,None,None,None,None,None,Negative,None,Harsh,train,False
R808,2,Flipkart,platform,3,d905a939-d4b9-4381-9836-a7b0e3298d28,bhot acha aap he mst he,Positive,None,None,None,None,None,None,None,None,None,None,None,Positive,Harsh,train,False
R812,2,Meesho,platform,1,649e2296-30fe-47be-a767-a15fa9509a13,Maine Jo bhi mangaya sab low quality aya hai,Negative,None,None,None,Negative,None,None,None,None,None,None,None,None,Harsh,train,False
R816,2,Zepto,platform,5,e0c2dd28-25e9-479a-a465-edde931c27d6,zepto Jaisi company bahut acchi hai nice,Positive,None,None,None,None,None,None,None,None,None,None,None,Positive,Harsh,train,False
R820,2,AJIO,platform,1,20d43088-a1b2-47e6-9372-64436d65ab7d,Ek dam ghatiya aap ise download kar apna dimag kharab na kare ye itna ghatiya aap hai isse jyada koi ghatiya aap nhi hai ise bann karna chaiye,Negative,None,None,None,None,None,None,None,None,None,None,None,Negative,Harsh,train,False
R821,2,Flipkart,platform,5,c4ad8d09-bd64-4f69-977d-5264d1c1c6b0,ghar par parsal nhi aata hai please 🥺 ghar pe parsal bheja kre,Negative,Negative,None,None,None,None,None,None,None,None,None,None,None,Harsh,val,False
R824,2,Myntra,platform,1,c164c9af-45b3-4dfd-b7f2-9a93a0e76310,isse acha to mesho he is pe pese bahut jada batate he pe mesho par kam ret me sahi saman milta he myntra aap se jaydha rupay lagye he aap aek bar mesho se mangava ke dekho,Negative,None,Negative,None,None,None,None,None,None,None,None,None,None,Harsh,train,False
R826,2,Shopsy,platform,3,72d42133-467a-4df6-a8f0-ec1b5b242760,jyada game nahin Hai ismein,Neutral,None,None,None,None,None,None,None,None,None,Neutral,None,None,Harsh,train,False
R831,2,Shopsy,platform,1,0dbbdb25-eb31-4e77-ae38-6a482ede6897,bahut bekar app hai time Pe delivery nahi karta hai ganvo me order hi nahi dete,Negative,Negative,None,None,None,None,None,None,None,None,None,None,None,Harsh,train,False
R833,2,Swiggy,platform,5,b44a3922-7eaf-48ff-bee5-449edaad537c,Delivery Mal jaldi hota hai aurat jyada,Positive,Positive,None,None,None,None,None,None,None,None,None,None,None,Harsh,train,False
R836,2,Purplle,d2c,2,3b058442-40ca-4282-bd21-b38b7717a92f,Worst experience ever vry disappointed with Purple App...As a regular customermaine 525 ka recently order Kiya but I received empty bottle lakme CC cream 9 to 5 and return request bhi asa koi option nahin hai jo mention kare and request baar baar cancel kar rahe hai 3rd time try kiya me ase condition me koi Call ka support nahin vry disappointed 😔 mere paise waste 200 Rs. please purple don't break our trust as regular customer I want my refund 😞,Negative,None,None,None,Negative,None,None,Negative,None,Negative,None,None,None,Harsh,train,False
R837,2,Lenskart,d2c,1,e01e7582-fb85-4875-a263-24a051be8b1b,Fraud hai mere paise abi tk nhi return huye 2 mhine ho gye,Negative,None,None,None,None,None,None,Negative,None,None,None,None,Negative,Harsh,train,False
R845,2,Blinkit,platform,5,50b3008e-9448-4280-bb06-fc07d2da6f33,bahut accha and branded samaan hai,Positive,None,None,None,Positive,None,None,None,None,None,None,None,None,Harsh,train,False
R846,2,Snapdeal,platform,5,83b2c7b2-7630-48dd-871f-b9a99bb202a7,good aap online shopping only one aap Snapdeal,Positive,None,None,None,None,None,None,None,None,None,None,None,Positive,Harsh,train,False
R851,2,BigBasket,platform,5,3616420f-c69c-4632-b829-7646921d638a,Bahut hi badhiya app hai,Positive,None,None,None,None,None,None,None,None,None,None,None,Positive,Harsh,train,False
R852,2,Bewakoof,d2c,1,1f547061-539d-438a-9644-1bd73d7c0438,sabse bakwas aap h ye kisi bhi chiz ki koi responsibility nhi h,Negative,None,None,None,None,None,None,None,None,None,None,None,Negative,Harsh,train,False
R853,2,Amazon India,platform,1,b981359b-6152-404b-9247-1b9815f1a302,ek to mere ko galat product prapt hua jab return kiya product vikreta ko wapis mil gaya lekin mere ko mera rupay wapas nahi kiya please mera rupay wapas kaein turant jo mene account number diya hai wo ekdam sahi hai amazon rupay wapis karne me koi support nahi kar raha please mera please mere 950 rupay turant wapis kare mein bahut tansion mein hoon,Negative,None,None,None,None,None,Negative,Negative,None,Negative,None,None,None,Harsh,train,False
R855,2,BigBasket,platform,2,6e6e52dc-86f7-4d08-bb2e-e4a407ab5bac,aap log order kbhi kbhi galat de dete ho,Negative,None,None,None,None,None,Negative,None,None,None,None,None,None,Harsh,train,False
R856,2,Shopsy,platform,2,12566af8-4ca0-4b5d-bf3d-e64af03c23ce,"very bad and bad product quality,exchange krna bhi bekar",Negative,None,None,None,Negative,None,None,Negative,None,None,None,None,None,Harsh,train,False
R857,2,Shopsy,platform,3,6def506c-043c-4496-a9d5-004d4a4e705b,Mera home page bhi khul raha hai,Neutral,None,None,None,None,None,None,None,None,None,Neutral,None,None,Harsh,train,False
R858,2,Amazon India,platform,3,7f0a7f75-a7ce-4ff3-98d6-379cc2cc529d,Amazon bahut Sundar app hai,Positive,None,None,None,None,None,None,None,None,None,None,None,Positive,Harsh,train,False
R860,2,Myntra,platform,4,81e8e4d5-083c-4253-9a75-c899a6f3dd87,mera ab tak ka experience bahut achha hai,Positive,None,None,None,None,None,None,None,None,None,None,None,Positive,Harsh,train,False
R870,2,Purplle,d2c,5,40dd40d9-436d-42de-8143-49b3011c95cf,I love this app is aapp se mene 10.000 se jyada ki shopping krli bhut discount bhi deta h y app.or good vibes are best,Positive,None,None,Positive,None,None,None,None,None,None,None,None,Positive,Harsh,train,False
R871,2,BigBasket,platform,4,254f7be3-fa29-4c84-a863-716238575a5b,pushkar mai bhi samne dena chalu karo,Neutral,None,None,None,None,Negative,None,None,None,None,None,None,None,Harsh,train,False
R873,2,AJIO,platform,1,4972e30f-b6a4-4a4a-913e-c1ae92c27560,Worst delivery service hai ajio ka kabhi time pe delivery ni hota,Negative,Negative,None,None,None,None,None,None,None,None,None,None,None,Harsh,train,False
R874,2,Blinkit,platform,3,06bd1f12-1a18-425d-a6ac-c69a52e69498,khaane Wali cheejen to thik hai par electronics ka sampan mat khariden koi bharosa nahi jo ye sampan Bechtel hai usually care center hai bhi ki nahi.aas pass ki dukaan se khariden.,Negative,None,None,None,Negative,None,None,None,None,Negative,None,None,None,Harsh,train,False
R877,2,Flipkart,platform,2,2b86fbab-0c9c-4cd3-8dab-8d303cf8ae26,this is very fraud companies for this is not deliver produced my product today 15/2/26 8 pm today not deliver very baad is money fraud so is nothing shiping not sopingg this is fraud companies thanks aaj 17/02/26 ordar puchya ha 2 day leather jis din ko date data ha use din diya karo ok danbaad,Negative,Negative,None,None,None,None,None,None,None,None,None,None,Negative,Harsh,val,False
R879,2,Meesho,platform,4,d498e6c0-ba97-49dc-837f-93ef8a056fbf,Meesho product delivery late karta hai. Reseller ke dwara kiye order ko cancelled kar diya jata hai. Aisa kyon ho rha hai please answer memeesho. This is a rong d Today. OK👺,Negative,Negative,None,None,None,None,None,None,None,None,None,None,None,Harsh,train,False
R880,2,Flipkart,platform,4,79e5c550-3cee-4253-ac03-c86feb2cb219,flipkart sahi hai pr grahko se surksa fees nhi leni saman sahi se bhejvana ap ka kam hai.,Negative,None,Negative,None,None,None,None,None,Neutral,Neutral,Positive,Neutral,Neutral,Harsh,val,False
R881,2,Meesho,platform,2,b248577e-50ce-43d9-9dcf-eddc97f40bfd,Meesho xpressbees time par delivery nahi de raha hai mene costumes ke order par order kiye hue hain lekin koi bhi parsel time par deliver nahi ho raha aur xpressbees se what's app par delivery ke liye message aata he lekin delivery nahi hoti or order cancil dikha deta meesho mene color queen ķe compact powder or lipgloss potli purse order kiya jo mujh tak pahuche Bina hi cancil ho rahe hain,Negative,Negative,None,None,None,None,None,None,None,None,Negative,None,None,Harsh,train,False
R885,2,AJIO,platform,4,eb38ec8d-e32c-48f3-b6b2-a2f812ba6560,Ambani ji bahut bahut dhanyawad,Positive,None,None,None,None,None,None,None,None,None,None,None,Positive,Harsh,train,False
R887,2,Myntra,platform,4,c549dfd2-1cb6-470e-a2c7-3678a82e9a84,Myntra application Myntra application is a good application but ye kaam nahi kar rahi help me ye open nahi ho rah a,Positive,None,None,None,None,None,None,None,None,None,None,None,Positive,Harsh,val,False
R888,2,Meesho,platform,2,1abe44d7-f6c5-4a4d-abf1-bb303b799bd0,mene I phone order Kiya tha asli nhai tha 😞not for way 🚫,Mixed,None,None,None,Negative,None,None,None,None,None,Negative,None,Positive,Harsh,val,False
R892,2,Amazon India,platform,5,4080058b-cc24-4a16-a672-f173a29f4eef,mujhe yaha soping karne me acha lag raha h TQ Amazon,Negative,None,None,None,None,None,None,None,None,None,Negative,None,None,Harsh,train,False
R893,2,Swiggy,platform,1,77c1ff1e-4ea1-4709-8e44-8f2ef573bc5a,"Hamare yahan to delivery available hi nahi he ye kaisa app he jo hamare yaha delivery nahi karta hai dusre app jese ki MEESHO,SHOPSHI yah app to hamare Yaha per delivery bhi karte he or ye app Yaha par delivery hi nahi karta he😡😡😡",Positive,Negative,None,None,None,None,None,None,None,None,None,None,Positive,Harsh,train,False
R896,2,Bewakoof,d2c,3,83057643-f889-4765-9a5e-406620a81d83,very expensive clothes👚 but quality is very 😊 lekin ek t-shirt 1000 ki 1200💲👛 Marji aapki hai aap le bhi sakte nahin bhi per ek baat bata deti hun chahe mahange Ho lekin acchi quality hai✨🧸🧿,Neutral,None,Negative,None,Positive,None,None,None,None,None,None,None,Neutral,Harsh,train,False
R898,2,Zepto,platform,5,4562a9e2-91ac-4152-a44e-0665d87b7d78,"Ye app bahut, achha hai kuch bhi mahangai ye AAP, thus minute ke Andar aapke ghar Tak pahunchti hai AAP sub.Log is app.Ka upyog kar sakte hain bahut , he achha app hai dhanya",Mixed,Positive,None,None,None,None,None,None,None,None,None,None,None,Harsh,train,False
R899,2,Snapdeal,platform,5,8faf9054-2265-426d-95de-ea96c94730ba,SP mein se nahin ho rahi hai,Positive,None,None,None,None,None,None,None,None,None,None,None,Positive,Harsh,val,False
R901,2,Swiggy,platform,4,18802251-5ebe-4cf0-8b1e-361fc5daae79,yah sabse badhiya app hai mujhe bahut acchi lagi bhai ise khana order karo to achcha khana bhejta hai kam samay rahata hai 2 minut ke andar mere Ghar per khana lag jata hai 💓💓💓,None,Positive,None,None,Positive,None,None,None,None,None,None,None,None,Harsh,train,False
R905,2,Snapdeal,platform,4,2cc3614f-b2c1-4469-b11a-e69a22c3f2d6,App best hai par delivery person ka behavior bilkul kharaab hai Isliye mai app uninstall kar raha hoon,Positive,Negative,None,None,None,None,None,None,None,None,None,None,Positive,Harsh,train,False
R906,2,Lenskart,d2c,2,1f945c51-5a71-4d65-8a64-b56d4d739785,jo prescription eye test ka diya tha..usse number change kr ke lence beja jisse problem hoti hai,Mixed,None,None,None,Negative,None,None,None,None,None,None,None,Positive,Harsh,train,False
R919,2,AJIO,platform,5,98769157-1ead-4dd6-b5bf-34f33f46dd95,mere NGO account per cash on delivery ki suvidha band kar rakhi hai jo shuru karvane ki koshish karen,Negative,None,None,None,None,None,None,None,Negative,None,None,None,None,Harsh,train,False
R924,2,Purplle,d2c,1,ecb0ac4c-27de-477b-9395-4812ad060241,"Sabse ghatiya app,kuch nhi milta isme",Neutral,None,None,None,None,None,None,None,Neutral,None,None,None,None,Harsh,train,False
R926,2,Swiggy,platform,2,5d7c221d-f598-48b6-a877-b8900bb2c8a8,time par delivery nhi krta aur food bhi kam aata h,Negative,Negative,None,None,None,None,Negative,None,None,None,None,None,Negative,Harsh,train,False
R931,2,Purplle,d2c,3,97a96bf7-6bcb-4bad-99a0-03ca8d91bb47,"three star because sale... i understand konsi sell hai hai, example - ek body lotion 300₹ hai or marketing yani original price 600 . then offer is buy 1 get 1 free and pay only one product original price to real price to 600 hai or jab do khareed rahi hu to 600 diya mene uska one product ka 300 to vaise hi do ka 600₹ hua isme sale kaha hai offer kaha hai 😔😔😔 i am very disappointed",Negative,None,None,Negative,None,None,None,None,None,None,None,None,None,Harsh,train,False
R932,2,Blinkit,platform,2,a1702b59-cf14-4827-96ea-647aca09b93b,blinkit lalsot me nahi h,Negative,None,None,None,None,Negative,None,None,None,None,None,None,None,Harsh,val,False
R934,2,Purplle,d2c,2,9adf99e4-e249-44fa-9d21-f27aabbb256d,product hi jaldi return Nahin hota option se nahin aata abhi Maine ek order kiya tha aur mujhe vah return karna hai but option se nahin a Raha,Negative,None,None,None,None,None,None,Negative,None,None,None,None,None,Harsh,train,False
R937,2,Shopsy,platform,4,9dde7629-eaae-42c1-897c-f65b4fc979ef,"good app for shopping, bas Money return ki facility bhi provide karwa dete to best app ho Kata.",Negative,None,None,None,None,None,None,Neutral,None,None,None,None,None,Harsh,val,False
R938,2,Meesho,platform,5,3fd4e531-fd4a-4350-bc6f-9044100e2c6e,bhut bdhiya h ye aap,Positive,None,None,None,None,None,None,None,None,None,None,None,Positive,Harsh,train,False
R941,2,Flipkart,platform,4,4cc18325-3e55-497b-9349-397d4dcfd345,pesa mera 25 FSA huaa hai cesh on delivery nhi Deka rha hai Mera 25 pesa pesa huaa hai,Positive,None,None,None,None,None,None,None,None,None,None,None,Positive,Harsh,train,False
R942,2,Amazon India,platform,3,0f272d90-371e-4601-a376-685d9658e022,customer care number kya hai batao,Negative,None,None,None,None,None,None,None,Negative,None,None,None,None,Harsh,train,False
R944,2,Meesho,platform,2,0ef35842-8b12-49bf-bd90-741d6e94eed2,"Earlier I used to love this aap it is very useful and the products are also good the dilevery is always on time, but the problem is that they are cancelling my order since 10/5/24 and I am placing my order again and again but not receiving the products. The helpline number given is also wrong which makes a big trouble for me to order anything form this aap. Please solve this issue as soon as possible.",Neutral,Negative,None,None,None,None,None,None,None,Negative,None,None,None,Harsh,train,False
R945,2,Zepto,platform,3,bbd62bd9-6218-4980-b792-999ec89398e4,I don't want to use your AI assistant I have faced burst experienced with this also I am giving this app 3 stars because you have promised there is no any hidden charges they will know any hidden charge but aap Laga rahe hain,Mixed,None,Negative,None,None,None,None,None,None,Negative,None,None,Positive,Harsh,val,False
R946,2,BigBasket,platform,2,fd42d76c-398c-4b8a-869c-673e09c4d61a,Mera account open nhi ho rha hai,Negative,None,None,None,None,None,None,None,None,None,Negative,None,None,Harsh,train,False
R947,2,Flipkart,platform,2,447ba8fa-b5ed-4ea7-a20d-abda541345e2,ha lekin hamare ghar tak nahi aata,Negative,Negative,None,None,None,None,None,None,None,None,Negative,None,None,Harsh,train,False
R955,2,Shopsy,platform,1,48bc3b82-bf18-49a1-8ffa-75c01d4eb803,worst experience... don't ever trust this app .. my return was picked up but even now I'm not getting my refund. I'm requesting everyone please don't buy any product from this app.. they are fake ... meesho aap is the best aap.. til now there is no problem.. I ordered for the first time from shopsy but got the worst experience.. I'm going to delete this aap forever....,Negative,None,None,None,None,None,None,Negative,None,None,None,None,Negative,Harsh,train,False
R957,2,Lenskart,d2c,4,6f3fbb04-c29b-4120-91ee-6711fb0caa3c,LensKart hamesha hi helpful Raha mein Kai salon se yahan se apne chasme banwati hun per abhi Maine apni mummy papa ka chasme banvaya jo ki Gunda deliver hona tha 15 din mein delivery hi nahin ho rahi hai ab clear Bata bhi nahin rahe hain tracking id per deliver dikha raha hai ham log Kya Karen kuchh samajh mein nahin a raha hai,Negative,Negative,None,None,None,None,None,None,None,Negative,None,None,None,Harsh,train,False
R962,2,Snapdeal,platform,2,9c8a4bbc-be0c-420f-8edd-da5bfc84bea9,Kemai km 27c ka trimar mangwaya tha to kanghi dusre trimar ka de diya,Negative,None,None,None,None,None,Negative,None,None,None,None,None,None,Harsh,train,False
R965,2,Swiggy,platform,1,522fc68c-918c-4202-aeed-e8ed08145357,bekar hai aap saman galat dete hai,Negative,None,None,None,None,None,Negative,None,None,None,None,None,Negative,Harsh,train,False
R967,2,Myntra,platform,5,e8f27cfc-b0cb-4b2e-9485-88120a178075,mujhe ye aap bahot pasand hai,Positive,None,None,None,None,None,None,None,None,None,None,None,Positive,Harsh,val,False
R968,2,Purplle,d2c,1,51635958-bd42-406f-8fa1-21857fc91e9e,I am using app first time salected product 4 calculation ki jgh pr jab jate to enke according value kuch thi or mene calculate Kiya to money extra thi matter ye nhi krta ki 7 ya 8 rupees extra the lakin pta to chale kis reason se extra money le rahe h very bad,Negative,None,Negative,None,None,None,None,None,None,None,None,None,None,Harsh,train,False
R972,2,Flipkart,platform,3,b13d9f48-2223-496a-b365-48f237c8c551,Achcha hai per hai is per jo bhi order karo Achcha a jata hai per Dam bahut jyada rahata hai rate bahut jyada rahata Achcha hai per is per jo bhi order karo Achcha a Jata Hai per Dam bahut jyada rahata hai rate bahut jyada rahata hai but jo bhi Kuchh order karo Achcha Hi Mata hai Koi Gadbad Nahin Hai aur Main ummid Karti Hun Ki Aage Jo Bhi Main order Karun acche hi de,Mixed,None,Negative,None,Positive,None,None,None,None,None,None,None,Positive,Harsh,train,False
R973,2,Purplle,d2c,1,43aa970d-7447-49ff-b747-bdba705ee388,mere pass refund nhi hue bhut beker app h,Negative,None,None,None,None,None,None,Negative,None,None,None,None,Negative,Harsh,train,False
R974,2,Snapdeal,platform,4,37cf3942-bc12-4ee4-a623-dddc8b687310,koi bhi product order nahin Ho Pa raha hai,Negative,None,None,None,None,None,None,None,None,None,Negative,None,None,Harsh,train,False
R975,2,Shopsy,platform,2,ce57a572-bc1f-4a1c-85af-2aa3870d7ebc,Data bahut khatm ho raha hai iske Karan kya hai aap itna data consume kyon kar rahi hai 5 minute use karte hain to 500MB data use kar leti Hai,Negative,None,None,None,None,None,None,None,None,None,Negative,None,None,Harsh,val,False
R989,2,Meesho,platform,4,d4f5230a-a631-4a25-8d4e-2f52c53e6e5e,meesho first order pr 70% percent off ka offer deta he agr hame koi order apna first order kr rhe he or vo baad me kuch din baad cancel ho jaye to fir agr ab koi new product ham mangaye to us pr hame 70% percent off nhi milayega pr vo bhi to first order hi Hena to kyu nhi milta,Negative,None,None,Negative,None,None,None,None,None,None,None,None,None,Harsh,train,False
R995,2,Snapdeal,platform,5,0ff89c07-b461-4b7a-954e-1f3ced651d8f,muje yah aap bahot accha lagta hai,Positive,None,None,None,None,None,None,None,None,None,None,None,Positive,Harsh,train,False
R997,2,Myntra,platform,1,4e7eb7de-ac17-425a-a075-edc1af4aa0a2,one of the worst app in my life ...first time order korechilam wrong pursel diyeche .. return korar somoy harressment hote hoi....faltu app,Negative,None,None,None,None,None,Negative,Negative,None,None,None,None,None,Harsh,val,False
R999,2,Blinkit,platform,3,c05ba803-5ecf-4d86-898e-90868159829d,very good bhut acchi sbjiya aayi hai,Positive,None,None,None,Positive,None,None,None,None,None,None,None,None,Harsh,train,False
R1003,2,Swiggy,platform,2,9d49c5e8-dbac-4e5e-9e99-1acdb439ddde,offer hi nhi h price bhut high h,Negative,None,Negative,Negative,None,None,None,None,None,None,None,None,None,Harsh,train,False
R1004,2,Swiggy,platform,2,a67fefba-d328-46d7-8fa4-2292f6d6be3e,Kya yeh tanumanji tak aata h just puching tell me hindi,Neutral,Neutral,None,None,None,None,None,None,None,None,None,None,None,Harsh,train,False
R1007,2,Amazon India,platform,1,86472255-404a-4ddb-be20-5b6f4560ddaf,mujhse bohot bdi glti hui jo mene ghatiya amazon se kuch order kiya do baar exchange kr chuki sirf kurta hi mil rha h jbki poora set order kiya or custumer care contact bh nh ho rha h ik show rack order ki usme sirf cover mila vheeee,Negative,None,None,None,None,None,Negative,Negative,None,Negative,None,None,None,Harsh,train,False
R1008,2,Meesho,platform,3,6a8f2cab-00d4-4780-b863-3c2092c3ec07,Ha app to achha h or isse riseling Bhi hoti h pr ham jb saman mngvate h to hamare ghar dene h or hme 2 kilo mitar dur bulate h or Asa krne se bhot bar hamne ritrn Bhi kr diya ki Nhi lena hme itni dur kon jata h itni dur jane se to achha ki Ham bazar se hi le aye unko jha ka pta dete h vhi ana chahiye asa krne se app jyada chlega,Mixed,Negative,None,None,None,None,None,None,None,None,None,None,Positive,Harsh,train,False
R1009,2,Myntra,platform,3,a5cc3db3-d5b6-404c-aaed-c0327e990509,Mere to sabhi orders time pr delivered hote h ....Aur kapdon ki quality bhi achi aati h ... ye belive krne bala aap h,Positive,Positive,None,None,Positive,None,None,None,None,None,None,None,None,Harsh,train,False
R1010,2,Purplle,d2c,3,fd016126-6428-4423-8cf4-c9f400ae371e,delivery time acha nahi hai bilkul bhi mujhe kafi wait karna padta hai delivery time thik kariye plz,Negative,Negative,None,None,None,None,None,None,None,None,None,None,None,Harsh,train,False
R1015,2,Swiggy,platform,3,35539e8f-9857-4b11-914c-75586aacde10,Mujhe swiggy se niwedan kar ke kahta hu ki order karta hu lekin delevry wale jaldi apect nahi karte hai or 25 minute ka hai to pure 1 hurse lagta hai bohat hi laprwahi karta hai lekin company ki taraf se koi galti nahi,Negative,Negative,None,None,None,None,None,None,None,None,None,None,None,Harsh,train,False
R1018,2,Lenskart,d2c,2,28faa883-8b3f-460a-9192-a09a9d8c5056,lens ko change karne ke liye mana kar diya?,Negative,None,None,None,None,None,None,Negative,None,None,None,None,None,Harsh,train,False
R1019,2,Purplle,d2c,1,313a9c60-fa11-4f36-97ca-17eda5ed3c66,worst app cash on delivery is not available if want then you have order of over 500rs what lalachpan is this.kabhi kuch available nhi h kabhi kuch nhi h,Negative,None,None,None,None,Negative,None,None,None,None,None,None,Negative,Harsh,train,False
R1021,2,Flipkart,platform,3,3426213b-6c74-4d88-9506-d61bcca21824,Knpusion hai thoda abhi. but dekhte hai kais a product aata hai,Neutral,None,None,None,Neutral,None,None,None,None,None,None,None,None,Harsh,val,False
R1022,2,Amazon India,platform,4,76445797-fea9-4707-9566-8c7b490d1792,Pay on delivery shuru ki jaaye main aap per aise vishwas nahin kar sakta mere boss se order cancel ho gaye aur mere paise chale Gaye please pay on delivery shuru ki jaaye,Negative,None,None,None,None,None,None,None,Negative,None,None,None,None,Harsh,train,False
R1024,2,Bewakoof,d2c,2,1f97f9b3-f154-4298-9e29-187a5016354b,wallet payment use nhi kr pate he customer service bhi bakwas he,Negative,None,None,None,None,None,None,None,Negative,Negative,None,None,None,Harsh,train,False
R1029,2,Purplle,d2c,3,ae04b6e4-a9e8-4294-ab7b-f79b1d7db57a,only purple app use Karo sab 💋💋💋💋💋💋💋💋💋💋💋,Positive,None,None,None,None,None,None,None,None,None,None,None,Positive,Harsh,val,False
R1031,2,AJIO,platform,2,172c655b-b03e-4818-acce-5be342d1c9c5,Kuchh dikkat hai abhi bhi,Negative,None,None,None,None,None,None,None,None,None,Negative,None,None,Harsh,val,False
R1032,2,Lenskart,d2c,5,70dde5c8-5a7e-42d9-8342-b3b178efba25,Kya aapke pass computer par work karne wala antiglare chashma hai,Neutral,None,None,None,None,Neutral,None,None,None,None,None,None,None,Harsh,train,False
R1037,2,Purplle,d2c,4,74796991-4d05-4011-b6ad-cd78d96e73eb,nice product bahut Achcha hai,Positive,None,None,None,Positive,None,None,None,None,None,None,None,None,Harsh,val,False
R1046,2,Lenskart,d2c,5,0f9f611b-3515-4a88-88d8-b2f8e930193a,Ye app bahut hi achachha hai jladi dawonlod kro,Positive,None,None,None,None,None,None,None,None,None,None,None,Positive,Harsh,train,False
R1050,2,Snapdeal,platform,3,a639b204-5608-4be1-8645-8107d6580ae0,Product jitne achche dikhaye hate h utne achche h nahi,Negative,None,None,None,Negative,None,None,None,None,None,None,None,None,Harsh,val,False
R1054,2,Purplle,d2c,2,f94243a5-5fc7-444a-8ec6-bf844925aac9,mujhe koi free product nhi Mila order Karne pat,Negative,None,None,Negative,None,None,None,None,None,None,None,None,None,Harsh,train,False
R1056,2,Amazon India,platform,5,49c45bc9-3b8b-4d9a-8181-330f27b3c0d1,"One of my favourite, Amazon, online shopping karne ki baat hi alag hai. Amazing shopping experience. Excellent service. Excellent, unique and useful app. Chahe kuch mann-chahe achhe items ho ya products, mobile se lekar daily needs ki zaroorat ke hur sabhi samaan, with good quality at affordable prices, at your fingertips on this app.",Positive,None,Positive,None,Positive,None,None,None,None,None,None,None,Positive,Harsh,train,False
R1078,2,Amazon India,platform,2,7258c4a5-fc67-4a52-82fb-39c67018d0c5,Amazon app cash back nhi mil rha he offer ke hisab se koi bhi schim lagu nhi ho rhi he refar ka bhi koi cash back nhi mil rha he,Negative,None,None,Negative,None,None,None,None,None,None,None,None,None,Harsh,val,False
R1083,2,Shopsy,platform,1,daa9d4a2-3bd7-4151-9878-793f83eafd61,iske ender game bhi nahi chalta he,Negative,None,None,None,None,None,None,None,None,None,Negative,None,None,Harsh,train,False
R1084,2,Flipkart,platform,5,1b046b7a-d844-4c77-a4ef-cb4c0bd8fd2b,nice bahut achcha app Hai order jaldi a jata Hai is per,Positive,Positive,None,None,None,None,None,None,None,None,None,None,Positive,Harsh,train,False
R1085,2,Amazon India,platform,2,bdf7a3cc-6ab7-4b08-9a93-d7d66be68741,Maine ek mobile win kiya jo mujhe aaj tak nahi mila kho to uska screen shot bheju,Negative,None,None,None,None,None,Negative,None,None,None,None,None,None,Harsh,train,False
R1088,2,Swiggy,platform,4,9a2d7984-68c7-4847-8592-849a827c7fe1,fast delivery gud discount and 99 and 69 store also available not need to download Instamart separately and but there is a problem Instamart can't reach 4th mile but it can deliver to 3rd mile there is just 1km distance i want justice yaarrrrrrr,Mixed,Positive,None,Positive,None,Negative,None,None,None,None,None,None,None,Harsh,train,False
R651,2,Purplle,d2c,5,571d6149-67f0-475d-9c07-57fa9dc609a6,the app was really really good main app se jyda better price m milta h sb kuch I love this app it's really really good I have no words to explain I'll suggest that must go for this app and it's products well done purple go like this only we love you purple we are with uhh and thank uhh for fast delivery ❤️ I have received my order just in 2 days 🎀😺❤️,Positive,Positive,None,None,None,None,None,None,None,None,None,None,Positive,Punit,train,False
R652,2,Shopsy,platform,1,f803e1a1-5aa3-4a24-b5ab-bef123222a45,chor h ye inhone mujhe order bhi nhi diya or mark kar diya deleverd,Negative,Negative,None,None,None,None,None,None,None,None,None,None,None,Punit,val,False
R659,2,Zepto,platform,5,ea35a816-6660-4f1f-8940-36f38987fce5,bahut achcha test hai aur bahut jaldi delivery hoti hai,Positive,Positive,None,None,Positive,None,None,None,None,None,None,None,None,Punit,train,False
R661,2,Lenskart,d2c,3,89dedad2-4502-4290-a3c8-28855b245b6e,lenskart kitna achha chasma mil rahai ao jaldi se lelo,Positive,None,None,None,Positive,None,None,None,None,None,None,None,None,Punit,train,False
R664,2,Lenskart,d2c,2,b023efab-6dbb-40f7-8c06-944ef7d36d72,main shop par teen char bar visit kar chuka hun shopping kar lo carry bag short mein chashme ke sath yah clean cloth Tak nahin milta Se achcha hai ek local Shop se jao vahan clean cloth 3 4 mein de dete Hain,Negative,None,None,None,None,Negative,None,None,None,None,None,None,None,Punit,train,False
R668,2,Amazon India,platform,4,26a7a3c4-2695-4c8f-a6f1-4a93e869f355,Bahut ghatiya aps h mdrcd koi daunlod mt krna,Negative,None,None,None,None,None,None,None,None,None,None,None,Negative,Punit,val,False
R673,2,Zepto,platform,5,6eead018-65dc-4b93-a62d-f410511350bd,Bahut hi achcha apps hai best achcha chal raha hai,Positive,None,None,None,None,None,None,None,None,None,None,None,Positive,Punit,val,False
R674,2,Flipkart,platform,1,854dc139-0cd2-4e23-913b-140c105a28c7,delivery boy call nahin uthate hai,Negative,None,None,None,None,None,None,None,None,Negative,None,None,None,Punit,train,False
R676,2,Amazon India,platform,5,ea6ced80-ebe3-42a3-848f-3c9067c29aa8,bhai saab bahut he acha h,Positive,None,None,None,None,None,None,None,None,None,None,None,Positive,Punit,train,False
R680,2,Amazon India,platform,4,88626390-559d-438f-abdb-bcf7d32386d8,Hello sir dilevri karhahu par hota nhi kesh lene me thik rahega benk me thik se nhi dilevri nhi hota he pilish sir,Neutral,None,None,None,None,None,None,None,Negative,None,None,None,None,Punit,train,False
R684,2,Flipkart,platform,3,c6acf236-ed42-4a58-80bf-3b16e1496af0,ey achha laga hai mujhe,Positive,None,None,None,None,None,None,None,None,None,None,None,Positive,Punit,train,False
R685,2,Zepto,platform,3,253ef622-ed2c-4165-8836-072bcefa0a97,pehle 99 ko free delivery tha phir 199 pe delivery ab 299 above free delivery o don't recommend this app,Negative,None,Negative,None,None,None,None,None,None,None,None,None,None,Punit,train,False
R688,2,Nykaa,platform,5,d095b114-621c-47ea-b034-c45b30933945,makeup kit order kiya tha isliye Mega please bahut acche Aate Hain,Positive,None,None,None,Positive,None,None,None,None,None,None,None,None,Punit,train,False
R690,2,Meesho,platform,1,bfdc3870-a380-4795-8088-046f9f62b6ba,gavo tak saman q nhi pahuchaya jata,Negative,None,None,None,None,Negative,None,None,None,None,None,None,None,Punit,train,False
R694,2,BigBasket,platform,4,cbded50d-2452-4a51-8852-0817965942e1,location se nahin de raha hai dusre jagah ja raha hai iske liye ek p*** star kata hun bus,Neutral,Negative,None,None,None,None,None,None,None,None,None,None,None,Punit,val,False
R699,2,Blinkit,platform,4,c2f2ac31-089a-4810-b3db-aa997924f925,Bahut bahut bahut badhiya hai,None,None,None,None,None,None,None,None,None,None,None,None,Positive,Punit,train,False
R700,2,Meesho,platform,2,4165629b-ed77-42a7-8d56-881dbf5c3ad6,"I don't know what is happening with this app. Pahale delivery acchi thi but now they have poor delivery. Firstly they do not have their onw delivery service guy. Secondly if in case your product has not arrived on time and if you contact their customer service, even they don't know and the contact of delivery person. I short after making an order this app doesn't track anything properly. Poor customer service. It has happened with me number of time but still they have not changed anything.",Negative,Negative,None,None,None,None,None,None,None,Negative,None,None,None,Punit,train,False
R702,2,BigBasket,platform,2,cda08a94-53e5-4622-a29c-e9cca635f0b6,Sir ji hamare dewas me delevary kab shuru karege,Negative,None,None,None,None,Negative,None,None,None,None,None,None,None,Punit,train,False
R704,2,Blinkit,platform,1,c5c7c9a8-1200-4885-a19a-0b8fb799e0e2,341030 par Delivery Nahi Karta hai Achha Nahi Hai app 😢😢😢😢😢,Negative,Negative,None,None,None,None,None,None,None,None,None,None,None,Punit,train,False
R706,2,Flipkart,platform,3,faba2269-04d0-4776-bf67-953971b8a517,bahut hi badhiya platform hai,Positive,None,None,None,None,None,None,None,None,None,None,None,Positive,Punit,train,False
R711,2,Myntra,platform,2,91cff895-e097-4f0a-92f7-eef47df1bca3,Bahot badhiya app hai lekin price me upar niiche hai Flipkart se wahi products 50se100 rupe jayda hai myntra me,Mixed,None,Negative,None,None,None,None,None,None,None,None,None,Positive,Punit,train,False
R713,2,Myntra,platform,2,4cc70ad7-1a51-4ad4-8ae1-201d347c1501,Mera shopping page khul Nahi raha hai koi solution batao,Negative,None,None,None,None,None,None,None,None,None,Negative,None,None,Punit,train,False
R717,2,Myntra,platform,3,52480d42-fe38-460e-87b9-e0ea4c3ca92e,Bahut acche bahut achcha hai per sari chijen bahut mahangi milati Hain Jo kisi Garib ke budget mein nahin agar yah sasta saman mile to isase achcha ek dusra nahin 🥰🙏🥰,Mixed,None,Negative,None,None,None,None,None,None,None,None,None,None,Punit,train,False
R718,2,Meesho,platform,3,efe2ef7e-7b84-4c59-9faa-e04c8617f16d,Bhai Maine misso se jacket mangaya tha vah galti se XXXL order ho gaya tha maine return Kiya to request amanya kar Diya mujhe XL jacket ki jarurat hai bhai agar return Kiya to theek hai nahin to misuse khariddari band ho jayegi kyunki return karne ka Sahi option nahin dete Hain size ka sirf defect color wrong item ka option hota hai,Negative,None,None,None,None,None,None,Negative,None,None,Negative,None,None,Punit,train,False
R723,2,Myntra,platform,1,1eb025f4-2c7c-4c3f-a37d-5e6fb2415f7d,bahut khrab aap he ritarn nhi leta he,Negative,None,None,None,None,None,None,Negative,None,None,None,None,Negative,Punit,train,False
R724,2,Flipkart,platform,4,91dde0d6-ca94-4686-a02b-0d676547fbac,Flipkart app is not working properly. Flipkart ke har option par multiple time bar click Krna padta he tab work krta he. so please resolve this issue.,Negative,None,None,None,None,None,None,None,None,None,Negative,None,None,Punit,train,False
R725,2,AJIO,platform,4,36e00b07-cdfe-4b8d-8b51-641fa985fd51,review photos km hoti h product ki and offers bhi ab km aate h but quality best h,Mixed,None,None,Negative,Negative,None,None,None,None,None,None,None,None,Punit,train,False
R726,2,Shopsy,platform,5,f706298d-1cb8-4b04-bac4-2c2ae4d2f645,yah bahut achcha Hai isko sabhi Ko download kar rahe hain,Positive,None,None,None,None,None,None,None,None,None,None,None,Positive,Punit,val,False
R728,2,Meesho,platform,2,6eb2255a-11f6-467a-8b1d-d0fcac98a0a0,Meesho me sabse jyada problem cod block hone ki h esliye log kam nhi krna chahte mene bahut selling kiya meesho se jab mere costomer jyada hue tab meesho ne mera cash on delivery band kr diya Please meesho just open my cod option.,Negative,None,None,None,None,None,None,None,Negative,None,None,None,None,Punit,val,False
R729,2,BigBasket,platform,5,c8999d72-9736-47b0-b29a-6f2316f4a43b,Shriman Big basket bahut bada dhokebaj Hain Kyunki Main Subah order Diya hun vah Abhi Tak Nahin aaya hai tu aur uska time tha aur abhi cancel ho gaya hai abhi aur order kiya hun to 7:30 se 8:30 Tak aaega vah bhi aaega ya nahin Vahi Jaane,Negative,Negative,None,None,None,None,None,None,None,None,None,None,None,Punit,train,False
R733,2,Meesho,platform,4,e99a142f-2223-44f3-9086-e10f46ee10f7,app is good but payment ka tarika wrong hai online payment good but cash on delivery is bad coz they want extra charges I'm not happy this payment system please change this system I'm regular customer in this app agar aapne yeh system change nahi Kiya toh I'm uninstall this app.,Neutral,None,None,None,None,None,None,None,Negative,None,None,None,Neutral,Punit,val,False
R734,2,Swiggy,platform,5,49532e77-645a-47de-ab63-e7184d6ef735,Shandaar product aur time bhi 30 minutes tak lagaa,Positive,Positive,None,None,Positive,None,None,None,None,None,None,None,None,Punit,train,False
R740,2,Blinkit,platform,5,c6486c7d-34da-45ed-a134-7de443d1e36b,bahut badhiya raat ko turant mil gaya,Positive,Positive,None,None,None,None,None,None,None,None,None,None,None,Punit,train,False
R742,2,BigBasket,platform,5,fd080646-8f4f-4af8-8407-a890d44a7657,Is app ko banane Wale Ko Salam hai Mera thodi hi der mein sab kuchh pahuncha deta hai,Positive,Positive,None,None,None,None,None,None,None,None,None,None,None,Punit,train,False
R743,2,Purplle,d2c,2,defd1d56-a8ac-46fb-8389-d9b2ed490610,3 days ho gaya .....cancel ka payment ajj tak refund nahi hua he..na koi coustomer care ka number he...ghatiya he,Negative,None,None,None,None,None,None,Negative,None,Negative,None,None,None,Punit,train,False
R747,2,Purplle,d2c,5,8d2554d5-c753-42c7-80d2-e27ffa315ad8,From my point of view it is the best app for me like the best best app for me ❤️ 1. Delievers the product on time 2. Packaging is 😘 chumeshwari 💝 3. Budget friendly 💗 4. Track shipments 5. Delievery boys are so respectful ☺️ Literally I have no words bohat bohat achi app hai perfect for me ☺️💗💗,Positive,Positive,Positive,None,None,None,None,None,None,None,None,Positive,Positive,Punit,val,False
R751,2,Meesho,platform,5,b30dafc1-8827-4b64-b2ba-238f9952bd56,"mesho...what a app I humble request to you all please download this app shop for faction clothes,books, handmade things for decoration. if you don't know how can you shop easily so,you can safely try thiss aap, or evan if you have a defective piace or other any problem to realate the product so, this aap helps you in shopping to changing the product... this app has a helpful return policy...so we are very thankful to mesho and I love it.",Positive,None,None,None,None,None,None,Positive,None,None,None,None,Positive,Punit,train,False
R753,2,Amazon India,platform,2,3210183a-6d71-4933-b82e-c7ed1059d48b,Yah account mein mobile mein khul nahin raha hai,Negative,None,None,None,None,None,None,None,None,None,Negative,None,None,Punit,train,False
R762,2,AJIO,platform,2,752b2cb8-d291-4238-8445-a1d1ec64431e,Aap 1000rupees se kam ke order par delivery charge lete ho usko jaldi se jaldi band karo,Negative,None,Negative,None,None,None,None,None,None,None,None,None,None,Punit,train,False
R764,2,Lenskart,d2c,4,cfe58d13-cc40-4b5f-a148-cf1842d21b0f,okok... 20k steps chalne per bhi lens wale chashme 1600... jyada h i think still ok,Neutral,None,None,None,Neutral,None,None,None,None,None,None,None,None,Punit,train,False
R765,2,Snapdeal,platform,3,16b804fd-a9d9-473b-b97b-8ab43dc570a1,Snapdeal online shopping ke liye ek acchi apps hai,Positive,None,None,None,None,None,None,None,None,None,None,None,Positive,Punit,val,False
R768,2,AJIO,platform,1,45393f79-004c-4a16-ac74-ac1bf69f6045,Ye to bhai logo ko lute rha hay koi download na kre,Negative,None,None,None,None,None,None,None,None,None,None,None,Negative,Punit,train,False
R769,2,Shopsy,platform,4,dcd0e86c-120f-4b83-b8fb-4eb4295a301a,Mujhe ye aap bahut acha laga kyoki isme vo sab product hai jo ki sabhi shoping aap me nahi hai,Positive,None,None,None,None,Positive,None,None,None,None,None,None,Positive,Punit,train,False
R772,2,Purplle,d2c,3,67199692-6951-4a3b-b549-8f1c961d7b6a,ye aap aapko gift ke naam pe expired ya near to expire product dega aur mene konse shade ka compact powder mangaya vo nahi mila dusra Mila jo mere skin se match nahi kar raha ..mene return exchange ke liye apply Kiya to kab return hoga ye nahi dikha raha aur jo 1 rupee sale h vo aa hi nahi rahi h juth h sab 1 rupee me nahi milega 1 din me delivery ho jayegi bol ke 4 5 din delay karte h ..aur product kuch ache the aur gift wale to expired,Negative,Negative,None,Negative,Negative,None,None,Negative,None,None,None,None,None,Punit,train,False
R773,2,Myntra,platform,5,666b2989-3c86-4e20-9d0e-d88dbc8a39b8,Bahut banhiya kapda milta hai.,Positive,None,None,None,Positive,None,None,None,None,None,None,None,None,Punit,val,False
R780,2,Zepto,platform,1,20f02b63-5b0f-4a85-8597-45c254c8e11a,Bhai chal nahi rha he pelese help,Negative,None,None,None,None,None,None,None,None,None,Negative,None,None,Punit,train,False
R784,2,BigBasket,platform,3,d09cebd0-cebe-4ad9-b4cf-e197a6cf3031,Thank u Bigbasket Your are my Trusty Dost🤭 Mujhe ache chizee or offer's bhi mil jaate hai 💗💗 lots of love dost,Positive,None,None,Positive,None,None,None,None,None,None,None,None,Positive,Punit,train,False
R786,2,Amazon India,platform,4,7d153a15-0095-4fb3-b602-bc74aa4f1508,Is shopping app bhot si khamiya he ye app products home tk lane kei price direct nhi batata order karne bad batata he isliye ise 4*⭐star,Neutral,None,Negative,None,None,None,None,None,None,None,None,None,None,Punit,train,False
R791,2,Swiggy,platform,2,63dbcb97-2f8f-49cf-bb7a-afe0cc7bebc0,coastaly hai veg thali ka rate batata hai 89 aur pay me 220 aata hai,Negative,None,Negative,None,None,None,None,None,None,None,None,None,None,Punit,train,False
R794,2,Shopsy,platform,3,610c75e1-5131-422e-89e1-9644f4e80cd8,Dusre App Me Is Se Low Budget Me Same Products MIL Raha Hain,Negative,None,Negative,None,None,None,None,None,None,None,None,None,None,Punit,train,False
R797,2,Shopsy,platform,3,0c2b4dab-22d5-417c-a468-f8afe1fa875d,Aap is good but isme free shipping riten exchange nhi hota is liye sab bahot sad hai,Mixed,None,None,None,None,None,None,Negative,None,None,None,None,None,Punit,train,False
R800,2,Zepto,platform,4,0b4d8413-0113-457e-927c-85ca82d29ad1,very helpful app but jo dilivery dene ate hai vo slow voice main bhi aa skte hai na but I love this application i really like it ❤️❤️👍👍😤🥰😅👍😖,Positive,Neutral,None,None,None,None,None,None,None,None,None,None,Positive,Punit,train,False
R802,2,Swiggy,platform,1,9362263b-5e5f-4706-893a-91080d0bbee8,swiggy instrmart me handling fee bhi lete Or kharab aata to refund bhi nhi ker te flipkart minutes bhot accha hai es se koi fee nhi ab to order bhi nhi ker te swiggy instrmart se flipkart minutes is good,Negative,None,Negative,None,Negative,None,None,Negative,None,None,None,None,None,Punit,train,False
R803,2,Bewakoof,d2c,2,596053b5-8e2a-4232-b65f-3b3778694196,"Kapde ka design theek tha, lekin quality patli nikli. Daily wear ke liye strong material nahi hai, jaldi kharab ho sakta hai. Expect kiya tha thoda mota aur durable fabric milega, par disappoint hua.""",Mixed,None,None,None,Negative,None,None,None,None,None,None,None,None,Punit,train,False
R811,2,Lenskart,d2c,5,5da59b4d-40ca-495a-ab06-298f2e8c19a5,bahut achha hai test bhi achhe se kiya koi dikkat nahi hai achhe se treat kiya,Positive,None,None,None,None,None,None,None,None,None,None,None,Positive,Punit,train,False
R814,2,Meesho,platform,4,d230ada5-d09c-413c-acfc-ff38f6f4b423,Dilevery time par nhi ho rhi hai 16 September ko dikhaya gya hai ki aapka product deliver ho jayega lekin aaj 18 September ho gya abhi bhi mujhe mera proudect nhi mila hai isliye me pure 5 star nhi de rha hu agar aisa hi chalta rha to ham dusre app se shopping karna start krenge.... Jo bhai meri baat se sehmat hai vo like kre... 👇👇👇👇,Mixed,Negative,None,None,None,None,None,None,None,None,None,None,None,Punit,train,False
R815,2,Meesho,platform,1,d245ceb1-a475-4117-8255-d7be370b33d5,order hamesha cancel hota hai not good in anything,Negative,None,None,None,None,None,None,None,None,None,Negative,None,None,Punit,train,False
R828,2,Blinkit,platform,3,f93747af-9344-44e8-a2c4-c71576abf2b4,Jo time delivery ka app dikhata h usase kahi jyada time lete h aap log,Negative,Negative,None,None,None,None,None,None,None,None,None,None,None,Punit,train,False
R829,2,Purplle,d2c,1,7de572cc-5c15-422e-a250-b1db5512dfb9,Service bahut buri hai. Mera parcel nhi aaya isliye maine order cancel ker diya. Aur is app ko bhi uninstall ker rhi hu.,Negative,Negative,None,None,None,None,None,None,None,None,None,None,None,Punit,val,False
R830,2,Purplle,d2c,1,7d9c01eb-7a34-4dcd-8308-2da62c0aa489,"Mera order 6 August ko ane vala tha lekin abhi tak nahi aya hai kab doge ,😒 har bar asa hi hota hai sahi tarik ko delivery nahi karte hai",Negative,Negative,None,None,None,None,None,None,None,None,None,None,None,Punit,val,False
R835,2,Shopsy,platform,1,a24e751a-1597-4186-890e-fae7ef2f7127,maine zorawar rechargeble fen order Kiya tha or maine payment UPI se kiya 20may delivery date thi abhi tak mujhe na to parsul mila or nhi refund payment ye bahut bura h,Negative,None,None,None,None,None,None,None,Negative,None,None,None,None,Punit,train,False
R840,2,Shopsy,platform,4,29ae15f9-91d2-46c1-a41d-6ae4c3983afa,bhut hi achha hai ye app,Positive,None,None,None,None,None,None,None,None,None,None,None,Positive,Punit,train,False
R841,2,Flipkart,platform,3,c9641d3e-af71-4d52-af63-8adddb17369b,"Mai yahi kahna chahunga ki hmare auder ko najarandaaj na, kare bohot bura lagta hai jab taime pe auder nahi, aata 😭 kabhi kabhi to lagta hai Fifkart delete kar du 2 se 3 bar mera auder nahi aaya 😓 mai auder deta hoo to uske paise chukane ka bhi aukat rkhta hoo 😞😣😭",Negative,Negative,None,None,None,None,None,None,None,None,None,None,None,Punit,train,False
R847,2,Flipkart,platform,2,b01675f4-5d97-40e2-a119-2670058de106,"app, hi kharab hai koi bhi chij online karo to 20 20 kilo mitar dur bulate hain ,,",Negative,Negative,None,None,None,None,None,None,None,None,None,None,None,Punit,train,False
R850,2,Purplle,d2c,4,7d550882-c0a6-4133-a7ba-958c94e3b3b5,bohot achi app h ye,Positive,None,None,None,None,None,None,None,None,None,Positive,None,Positive,Punit,train,False
R854,2,Amazon India,platform,2,e957aaf2-281b-4098-850d-3eddd46e4c77,download hone mein bahut time lag raha hai,Negative,None,None,None,None,None,None,None,None,None,Negative,None,None,Punit,train,False
R862,2,Flipkart,platform,3,f14d84c0-177a-42f4-a0a6-df2a8d4b8298,bahut achcha hai lekin Flipkart ka delivery boy yad aaye Na vah bahut ghatiya hai acche se baat nahin karta aur delivery time per nahin deta,Mixed,Negative,None,None,None,None,None,None,None,Negative,None,None,Positive,Punit,train,False
R864,2,Lenskart,d2c,1,64a53e6a-99f0-4f61-99db-a5872f1f3c58,i am purchase glasses after 1 week noise pad gyab ho gya apna ap chalta chalta,Negative,None,None,None,None,None,None,None,None,None,Negative,None,None,Punit,val,False
R865,2,Lenskart,d2c,2,58d16e57-56b0-4afa-9e09-8057ce599a8f,ismein cash on delivery nahin hota Hai Paisa leke bhag bhi sakta hai Khali Naam Ka bada bada company hota hai kam ka nahin,Negative,None,None,None,None,None,None,None,Negative,None,None,None,Negative,Punit,train,False
R866,2,Blinkit,platform,2,6596000d-853c-4d7f-b215-851ffb69b500,bohot delayed aati hai oder,Negative,Negative,None,None,None,None,None,None,None,None,None,None,None,Punit,train,False
R867,2,Purplle,d2c,1,01c438fd-e633-4908-b166-909ebc0a25a5,Maine product 28 aug 2026 me order Kiya Tha abhi tk order nhi aaya hai na hi ye log refund kr rhe hai mera paisa na hi cancel kr rhe hai order bar bar expend kr rhe hai . jb aaplog sahi se customer ka help nhi kr sakte to app q chala rhe hai band kre app ko jb itna issue ho rha hai product dne me . aisa hi chalta rha na to purple aap band ho jayega. and koe is app se kuch nhi lega,Negative,Negative,None,None,None,None,Negative,Negative,None,Negative,None,None,Negative,Punit,train,False
R869,2,Amazon India,platform,5,1ecfad98-fd0c-4463-833d-279fe3f6b231,bahut achcha app Hai Amazon,Positive,None,None,None,None,None,None,None,None,None,Positive,None,Positive,Punit,train,False
R872,2,Shopsy,platform,5,9a5f778c-329e-47b5-9962-9d10da5dccb5,shopping karne ke liye achcha app hai,Positive,None,None,None,None,None,None,None,None,None,Positive,None,Positive,Punit,train,False
R875,2,Meesho,platform,5,51eaa63c-ac94-49cf-9bfe-38a17fdf3749,bahut accha hai is sebi jij achi aati he aegr koi jij kerab aay to us vapis ritn ker ke dusri jij kerid sekt he very nice meesho aap me sebi products meesho se hi megvati hu 😊👍 thanks meesho 🤗,Positive,None,None,None,Positive,None,None,Positive,None,None,Positive,None,Positive,Punit,train,False
R876,2,Flipkart,platform,5,36d569db-4a42-440c-a17a-2e46f3835c96,yah app bahut achcha hai shopping karne ke liye,Positive,None,None,None,None,None,None,None,None,None,Positive,None,Positive,Punit,train,False
R890,2,Flipkart,platform,4,0cb75f5d-dbd0-4fb2-b2d9-cef4160b1017,achcha review Ham tabhi dalenge Jo hamara product achcha hoga to,Positive,None,None,None,Positive,None,None,None,None,None,None,None,None,Punit,train,False
R897,2,Snapdeal,platform,1,f04ab16d-79a5-4830-b2a7-b65297b996e0,very bed return service order kro to return me refund nhi mile ga,Negative,None,None,None,None,None,None,Negative,None,None,None,None,Negative,Punit,train,False
R900,2,BigBasket,platform,2,5a2662ad-e9d6-40f1-ad34-fd6e8ef09e63,Customer care ke bande foreigner hai kya jo call kar ke hindi me baat karne se line transfer Karte hai hindi language wale ko. Main kolkata ki baat kar raha hu.,Negative,None,None,None,None,None,None,None,None,Negative,None,None,None,Punit,train,False
R902,2,Purplle,d2c,1,ad63175a-22c7-4443-a108-968c8b1f460d,chor return hota hi nahi,Negative,None,None,None,None,None,None,Negative,None,None,None,None,None,Punit,train,False
R917,2,Snapdeal,platform,2,d8315146-7d28-4784-a09b-9069adfc5d15,good but open nhi hot hai,Mixed,None,None,None,None,None,None,None,None,None,Negative,None,None,Punit,train,False
R918,2,Purplle,d2c,2,4a41e3fc-1e65-427d-9e27-e0e884f2c53a,mere paas vivo t4x hai aur January se jab se maine t4x phone liya h tab se ye app mere phone me open nahi ho rhi na ho chal rhi hai... maine sab krke dekh liya cache clear data clear uninstall update sab kr liya lekin ye app nahi chal rahi. main kya karu?,Negative,None,None,None,None,None,None,None,None,None,Negative,None,None,Punit,train,False
R921,2,Snapdeal,platform,1,b3b1ed26-b4a8-4e7a-8ba0-680117c5678e,"NEVER SHOP THIS AAP 😭 🙅🏻‍♀️👎🏻🙅🏻‍♀️👎🏻🙅🏻‍♀️I placed the order quite a while ago, but I still haven't received it; the delivery date got pushed back, and the price increased as well. I have never seen such poor delivery service before—it was a terrible experience for me...AT THE END -never shop this aap 🙅🏻‍♀️👎🏻👎🏻👎🏻",Negative,Negative,None,None,None,None,None,None,None,None,None,None,None,Punit,train,False
R925,2,Shopsy,platform,5,d744421a-830a-4067-8593-3dca42835ddb,to be honest shopsy ko isliye prefer karungi once i got the bad product but inke log itne achhe hai ki mera product refund in logo se easily without any misbehave ke kardiya I'm so glad to shopping with shopsy it's so much better than meesho,Mixed,None,None,None,Negative,None,None,Positive,None,None,None,None,Positive,Punit,train,False
R927,2,Snapdeal,platform,3,a985e784-b808-412f-9170-38241d53d99a,product me tshirt ka chain ka issue aa raha hai....daya karke ye issue jaldi solve kijiye,Negative,None,None,None,Negative,None,None,None,None,None,None,None,None,Punit,train,False
R929,2,Blinkit,platform,3,6b7134eb-4669-4a72-925f-35a7710d6749,no cash on delivery option aur dekhte Sahi time per aata kyon nahin main nahin to aur rating kam jaega,Negative,None,None,None,None,None,None,None,Negative,None,None,None,None,Punit,train,False
R939,2,Meesho,platform,2,b8432211-598b-42af-a710-c7c6e7099081,app open hee nahi hoti,Negative,None,None,None,None,None,None,None,None,None,Negative,None,None,Punit,train,False
R943,2,Amazon India,platform,3,28ba0a21-6d60-4762-98a7-9b146119b47c,Maine item return kiya tha lekin return Lene mein bahut deri ho rahi hai customer care number se Keval delivery boy se Sampark Ho pata hai,Negative,None,None,None,None,None,None,Negative,None,Negative,None,None,None,Punit,train,False
R948,2,Zepto,platform,5,1a4c43b6-9d5e-480b-9da1-0fb5a338dc06,y product mujhe bahut badhiya Laga,Positive,None,None,None,Positive,None,None,None,None,None,None,None,None,Punit,train,False
R949,2,Snapdeal,platform,5,190d9392-e2cb-481a-8fae-3a01b3b663bb,snepdeel accha app ha product accha milta ha our apne bjat pe aap la sakte ha I am happy 😊,Positive,None,Positive,None,Positive,None,None,None,None,None,Positive,None,None,Punit,train,False
R951,2,Purplle,d2c,3,8d2f3f03-affa-4afe-ae65-f263ff646314,sare brands ke product milte to jyada achcha hota,Negative,None,None,None,None,Negative,None,None,None,None,None,None,None,Punit,val,False
R953,2,Swiggy,platform,4,c34a3450-3c67-4b08-8648-35b0c758b84f,Good hsjudufjdjdjsks ko s hun ko idly tu dekho,Positive,None,None,None,None,None,None,None,None,None,None,None,Positive,Punit,train,False
R956,2,Myntra,platform,4,d370bef4-5977-4e56-8fe1-715858e1d819,Aacha app ha AAP es se koi be branded itam Manga sakte ho koi dhoka wala kaam nhe ha,Positive,None,None,None,Positive,None,None,None,None,None,Positive,None,Positive,Punit,train,False
R958,2,Purplle,d2c,5,0e559957-d134-4aa6-8330-d9a5b73f98bf,this app is really so good i love it 💞🙌🏻 mene jesa socha tha usse bohot behtar hai i think ke meesho se zada accha ye hai 🙌🏻🙌🏻,Positive,None,None,None,None,None,None,None,None,None,Positive,None,Positive,Punit,train,False
R959,2,Swiggy,platform,3,a756b0b8-4910-4730-a13d-579f5129836f,Hp chamba me to koi delivery hoti hi nhi hai ☹️,Negative,Negative,None,None,None,Negative,None,None,None,None,None,None,None,Punit,val,False
R966,2,Snapdeal,platform,3,f42bf0cf-fb41-47ef-ae2f-14dd49b6d6da,product return nahi ho raha tha lekin complain ke baad hogya aur customer service ka behaviour bahut achha laga mujhe iska sabse best customer service hai iss app ka sukriya madad ke liye 😊 lekin delivery ka issue hai address per service available hone ke baad bhi address tak nahi pahuchaya jaata hai product.,Mixed,Negative,None,None,None,None,None,Positive,None,Positive,None,None,None,Punit,train,False
R969,2,Flipkart,platform,4,ffe7cc7b-c8ea-4691-9f69-2722b9468c6f,badhiya hai Thoda mahanga Hai,Neutral,None,Negative,None,None,None,None,None,None,None,None,None,Positive,Punit,train,False
R971,2,Shopsy,platform,3,93a7f61e-2d18-4763-9d37-287a8873b8b8,Ekdam ghatiya app hai images se product sarch karne wala nahi ata hai aur paise bhi badh jaate hai,Negative,None,Negative,None,None,None,None,None,None,None,Negative,None,Negative,Punit,train,False
R979,2,Amazon India,platform,1,07c8219c-ad2e-4976-b3d4-c1c4ea722384,bekar app he pese lekar bhi saman delivery nhi krta Or oder cenecel kr deta he🤬😡🤬,Negative,Negative,None,None,None,None,None,None,None,None,Negative,None,Negative,Punit,train,False
R980,2,Meesho,platform,4,cbeb1c88-590b-4f44-ba0a-e8f5ef9ab464,very useful app. ♥️ aap mein so player store se download karke usmein aapki location address bhar car. miso ko chalana seekh sakte hain. aur yah bahut useful app hai mujhe yah app Amazon Myntra shop c se bhi achcha Laga. Maine misho se bi se bhi jyada chijen order Karen.. aur miso se paise bhi Kama sakte hain apni chijen bache car. aur ismein chijen return bhi ho sakte hain. meesho abhi download kijiye aur order kijiye. main kuchh Na kuchh naya aur Karti rahti hun. meesho per kam dam per chijen.,Positive,None,None,None,None,None,None,None,None,None,None,None,Positive,Punit,train,False
R985,2,AJIO,platform,1,b4c35821-0c69-4646-860c-e1f0036a2ce6,🤮🤢 bad app ye oder bar bar change kr deta ha oder time pr nhi ata isse acha to flipboard or Amazon ha 🤢 main 20 din pehle oder Kiya tha ab tak nhi aya Mera oder ajio walo apne app ko thik Karo,Negative,Negative,None,None,None,None,None,None,None,None,Negative,None,None,Punit,train,False
R986,2,Snapdeal,platform,4,41cd0c0b-b0a5-42bb-b08d-23428b18a389,product achcha hai perfume ka,Positive,None,None,None,Positive,None,None,None,None,None,None,None,None,Punit,val,False
R987,2,Purplle,d2c,3,6f0a380e-0a5d-4172-8d58-94ebd252b21c,Jaise hi discount Dete Hain vaise To dikhte Nahin Hai purple pe,Mixed,None,None,Negative,None,None,None,None,None,None,None,None,None,Punit,train,False
R988,2,Myntra,platform,5,903d566f-f73e-491a-9d5a-7f47e228bc47,accha ap he bahut cash milta he bahut,Neutral,None,None,None,None,None,None,None,None,None,Positive,None,None,Punit,train,False
R991,2,Meesho,platform,3,37188c42-2a81-4716-a94a-f40f4a83f5db,Messho m jo bhi order kr rhi hu vo available nhi ho raha hai jaha m rehti hu lekin maine pehle bhi bhot order diya h vo aa gye the unhi products ke order ab diye h pr nhi aa raha hai plz.. Help me Messho,Negative,Negative,None,None,None,Negative,None,None,None,None,None,None,None,Punit,val,False
R1000,2,Blinkit,platform,5,915a1547-d807-45aa-b7f3-28608effceff,"Bahut acchi app hai bahut jaldi se Saman Ghar a jata hai aur sabse achcha yah Laga ke Ramzan special Maine Kisi bhi online app per nahin dekha Jo mujhe blinkit per dekhne Ko Mila to Main usko Naam dungi mohabbat ki dukaan,🥰🥰🥰🥰♥️♥️♥️♥️♥️♥️♥️",Positive,Positive,None,None,Positive,None,None,None,None,None,Positive,None,None,Punit,val,False
R1001,2,Shopsy,platform,4,2e27bc4e-8970-475b-8133-60ad6185f3cc,jab bhi main account wale option per click karta hun to wo khulta hi nahin hai,Neutral,None,None,None,None,None,None,None,None,None,Negative,None,None,Punit,val,False
R1005,2,Shopsy,platform,4,79a25c16-c5b5-4250-8660-f46e5c024252,Jaisi chij dikhate Hain utane paise ki vahi chij kam paise mein batate hain aur order karne per direct paise badh jaate Hain aise kaise ho sakta hai bhai Aisa nahin hota Hai pahle to order karne ke bad paise badha diye 😿😿😓😓,Negative,None,Negative,None,None,None,None,None,None,None,None,None,None,Punit,train,False
R1006,2,Amazon India,platform,1,57ee772d-8989-4e85-88dd-ecf5a0971db8,Cash on dilevary NAHI HA sabse gahtiya app HAI world ka 😒😒😒😒😥,Negative,None,None,None,None,None,None,None,Negative,None,Negative,None,None,Punit,train,False
R1011,2,Swiggy,platform,2,12c450d9-5b23-4bf7-96af-2b12c607009f,Okay hai lekin Sahi Nahin kah Sakte delivery boy saaf Suthra Nahin Rahte veg or non veg ek hi Bank Mein Lekar delivery Karte Hain,Mixed,Negative,None,None,None,None,None,None,None,None,None,None,None,Punit,train,False
R1014,2,BigBasket,platform,1,844141ee-bfb2-4a69-be60-c9198d25d0e1,Lokesha mep bahut dikat hotahe Edaras sev nahi hota or bigbasket opan nahi hota,Negative,None,None,None,None,None,None,None,None,None,Negative,None,None,Punit,train,False
R1016,2,Flipkart,platform,5,6e00fb91-82d9-4882-8c77-47a8324dfd6b,yaar mujhe samajh nahi aa raha mai kya karu iss aap ka mai up Maharajganj ghughuli ka rehne wala hu aur mujhe poco x7 pro lena hai lekin iss jaha mai rahta hu waha delivery hi nahi available ho nahi dikha raha Gorakhpur ka location dala waha bhi delivery available nahi hai iss problem ko fix karo plz,Negative,Negative,None,None,None,Negative,None,None,None,None,None,None,None,Punit,train,False
R1017,2,Purplle,d2c,1,f0537d85-3462-49a3-88fb-a75e60b103c4,is app me jo deals h vo dikhate kuchh or h or hoti kuchh or h 8 rupee ki chij ke uper charges lgakr use 200+ rupee me bechte h koi deal nhi h,Negative,None,Negative,Negative,None,None,None,None,None,None,None,None,None,Punit,train,False
R1020,2,Shopsy,platform,4,89616474-dd75-454e-9d4b-af675f61fb10,a very denger app matlab is per her koi saman baut sasta he,Positive,None,Positive,None,None,None,None,None,None,None,None,None,None,Punit,train,False
R1027,2,Meesho,platform,4,86782f2c-6136-4aba-80c2-889a4cf9a7b2,Oder time par nahi aata hai,Negative,Negative,None,None,None,None,None,None,None,None,None,None,None,Punit,train,False
R1033,2,Swiggy,platform,4,b951f920-4fd5-40b1-adb0-c019d8e6f1a8,Coupon apply hi nahi ho rhe hai,Negative,None,None,Negative,None,None,None,None,None,None,None,None,None,Punit,train,False
R1035,2,Shopsy,platform,3,65638b57-2adb-4246-8682-2f7073992b71,avi aayi nhi jab aajayege to bta dooga ok,Neutral,Neutral,None,None,None,None,None,None,None,None,None,None,None,Punit,val,False
R1043,2,Amazon India,platform,4,c701e3b0-6955-4098-9e52-e2c174c20931,ye bhi acha nahi laga,Negative,None,None,None,None,None,None,None,None,None,None,None,Negative,Punit,train,False
R1044,2,Snapdeal,platform,5,24b93f85-d2b3-4603-a33a-3e7905a95035,bahut bahut achha saman milta hai aap log bhi jarur order kijiye 👌👌,Positive,None,None,None,Positive,None,None,None,None,None,None,None,None,Punit,train,False
R1045,2,Swiggy,platform,2,1250bd48-7df3-4762-b71e-4cf7d957da9e,bruh sab bahut mushkil se mil rha hai and order delivery time bhi zada hai (45min)😞,Negative,Negative,None,None,None,Negative,None,None,None,None,None,None,None,Punit,train,False
R1047,2,Shopsy,platform,2,392e51b8-99ae-4fe1-bf89-844101c8c133,Isase bahut jaldi se jaldi order a jata hai subah order karo sham ko order a jaega Maine order karke dekha tha subah mangaya tha sham ko Tak jaisa order chahie vaisa milega sasta mahanga gold bhi mil sakta hai asli wala dhanyvad order lete rahiye karte rahiye dhanyvad main Krishna sar namaskar,Positive,Positive,None,None,Positive,None,None,None,None,None,None,None,None,Punit,train,False
R1048,2,AJIO,platform,2,5df1a6b1-95dd-4531-8189-9b776ad1551e,phle paisa kam btata ho bad me jyada leta ho not good,Negative,None,Negative,None,None,None,None,None,None,None,None,None,None,Punit,train,False
R1051,2,Flipkart,platform,4,79bcfc34-8bdc-4269-8bac-61df13726d3e,Agar Mera Saman galat Aaya To Main aapko zero star dunga,Negative,None,None,None,None,None,Negative,None,None,None,None,None,None,Punit,train,False
R1052,2,Lenskart,d2c,1,fec5fcde-b5b7-4d24-8762-42571cd5e4f2,Sir isme 3d try on option nai hii,Negative,None,None,None,None,Negative,None,None,None,None,None,None,None,Punit,train,False
R1057,2,BigBasket,platform,1,09e8256d-f289-43bf-ab0d-681907ad1af9,per aapka rate jo hai bahut jyada hai,Negative,None,Negative,None,None,None,None,None,None,None,None,None,None,Punit,train,False
R1058,2,Lenskart,d2c,5,f0ea7286-e203-4686-8168-24947121eb95,bahut achcha app hai bahut saste mein yahan per glasses milte Hain aur bahut kuchh ho rahe the,Positive,None,Positive,None,None,None,None,None,None,None,Positive,None,None,Punit,val,False
R1059,2,Flipkart,platform,2,a012129b-2a97-41b7-959a-582bb7a04a4c,aaj daunlo d kiya hai,Neutral,None,None,None,None,None,None,None,None,None,Neutral,None,None,Punit,train,False
R1060,2,AJIO,platform,5,3ac98431-d915-4bbf-91f0-2ba674b248fb,bahuthi Acha aap hai soping ke liye,Positive,None,None,None,None,None,None,None,None,None,Positive,None,None,Punit,train,False
R1061,2,Snapdeal,platform,3,673d032a-c549-4dd3-811d-6c3353c1f540,Bhai asa kyo karte ho order cancel bhi nahi kar sakte hai,Negative,None,None,None,None,None,None,None,None,None,Negative,None,None,Punit,train,False
R1063,2,BigBasket,platform,2,e7692bde-3edc-46b8-ae42-ff4971cc2f03,12 minutes delevary time dekar order 35 minutes me de rahe hai,Negative,Negative,None,None,None,None,None,None,None,None,None,None,None,Punit,train,False
R1064,2,Zepto,platform,1,4ce52eeb-b248-4778-9474-253a3c1d8024,Sabse ghatiya app hai Address details,Negative,None,None,None,None,None,None,None,None,None,Negative,None,None,Punit,train,False
R1066,2,Myntra,platform,1,a8eb00e2-646b-4e18-b130-94d6f8f1ab37,Boht gatiya app hai mene product magwaya tha lekin kuch or hi nikla or waps return bhi nhi le rhe hai,Negative,None,None,None,Negative,None,None,Negative,None,None,None,None,None,Punit,train,False
R1067,2,Amazon India,platform,3,db14e807-fd4b-4a23-b2e5-5d1400f5e674,Bhai Maine fen liya ek din bhi nhi Chalayan hai aap return Karo nhi to consumer me complete dalunga,Negative,None,None,None,Negative,None,None,Negative,None,None,None,None,None,Punit,train,False
R1069,2,Blinkit,platform,1,a216fed4-ddbb-427b-a1fd-4e52e5175a41,blanket ke product ek blanket ke paper bag mein bhi nahin deti Hai aisi hath mein pakda Kar chale jaate delivery boy,Negative,Negative,None,None,None,None,None,None,None,None,None,Negative,None,Punit,val,False
R1071,2,Swiggy,platform,1,10ef8811-57dc-4f70-b2e4-c35a31f54cc2,meri ID logout ho gai hai ab Dobara login Nahin ho raha hai,Negative,None,None,None,None,None,None,None,None,None,Negative,None,None,Punit,val,False
R1072,2,Amazon India,platform,2,bb21a712-0208-4891-a81d-b54a4e21d69d,Ye ek bahut achha app hai,Positive,None,None,None,None,None,None,None,None,None,None,None,Positive,Punit,val,False
R1077,2,Nykaa,platform,2,e3e3e9c8-9cde-4adb-a19b-84eb15331b6c,They have the most pathetic delivery service When I first downloaded Nykaa I had no problem with the delivery service. It was very good But last time they told me the delivery agent could not reach me.they didn't even call me and it went on for four days and lastly I had to cancel my orders. Other app's delivery agents didn't had any problem with contacting me. I'm very disappointed and I hope you guys can fix it.,Negative,Negative,None,None,None,None,None,None,None,None,None,None,None,Punit,train,False
R1082,2,Lenskart,d2c,1,ee4c36e5-37df-4b14-89d6-f36e0f116cbb,eak star bhi nahi dena tha 🤣🤣,Negative,None,None,None,None,None,None,None,None,None,None,None,Negative,Punit,train,False
R1087,2,BigBasket,platform,3,d9983888-9177-4a76-af91-d7e87a9b22d5,bhai cash on delivery nhi leta gusa ajata hai ekdum kharab hai chlo koi bat nhi bache hain,Negative,None,None,None,None,None,None,None,Negative,None,None,None,Negative,Punit,train,False
