id,review_id,app,group,stars,type,set,annotator,text
R489,a9f79edb-1eab-41d9-8c89-f6f309d4521b,Myntra,platform,2,hinglish,shared,ALL,ab uninstall kr rhi hun myntra credit ka limit lga diya hai
R490,ab258fbc-7da8-4e94-9861-803687f23251,Purplle,d2c,1,hinglish,shared,ALL,Purple ek bad bekar aap h es se mene 5 bar order kiya h 7000 h pr ek bar bhi delivery nhi huei h order ki har bar undelivered hi hota h jb delivery nhi krni hoti h to order hi q lete h kuch kre order lete h to deliver bhi kiya kre es se castomer pareshan hote h
R491,a3f0fd19-3194-44e0-abff-9f6df4657e2d,Flipkart,platform,2,hinglish,shared,ALL,login nhi ho raha hai jald theek kare
R492,7af60f8b-8ac3-49d2-87ad-66ff3a5f6b53,Lenskart,d2c,1,hinglish,shared,ALL,Ye china company hai Quality 3rd class hai Don't buy Lenskart Don't waste your Money
R493,22fb5f8b-b84b-42f6-aea5-7aa132b561ee,Purplle,d2c,1,hinglish,shared,ALL,galti se bhi is app se kuchh mat khareed lena Maine order kiya tha aur phone pay bhi kar diya tha aur ek ek din karke date aage badhaye Ja Rahe the FIR isliye maine cancel Kiya order aur mere paise bhi mujhe wapas nahin mile aur is app mein itna bekar hai ki ismein call karke kuchh poochh bhi nahin sakte kya hai kya nahin aur yah bhi hai ki agar aapko Koi product inhone bhej diya hai aur vah aapko pasand nahin Aaye to aap pasand nahin aaya to bhi aap use return kar hi nahin sakte
R494,31321722-6d11-432a-9fdb-bb898534ac89,AJIO,platform,4,hinglish,shared,ALL,Branded chije kharidne ke liye bahut hi achha app h
R495,2fffd9f1-6467-498d-a3bf-d4c69e15c3d2,Swiggy,platform,3,hinglish,shared,ALL,Mera are me food delivery b ka optiona nahi hai
R496,243cd797-68e5-4f7d-b11d-7032490ef946,Purplle,d2c,1,hinglish,shared,ALL,"bhut hi bekar aap hai koi bhi delivery time se nahi hoti hai..abhi tk 4 dino se mera order nahi aarha hai.. or online pese bhi le liya hai...order cancel karne pr cancel bhi nahi hota or refund bhi nahi hota.. ""please don't use this aap"""
R497,ce3754db-69a8-4d9b-95a2-a890c06bc195,AJIO,platform,4,hinglish,shared,ALL,My jio Taslima Gymkhana 6 history Jay Somnath refrigerator price of syska se kiya Jata Hai Humne Pee Ke Jaana Hai Mushkil kar raha hoon mujhe acha laga
R498,652f3cb6-a61b-48df-a87b-842061cac2a2,Meesho,platform,3,hinglish,shared,ALL,Meesho abhi tk to thik tha but ab ap order company se hi cancel and return kr dete he mere order delivered nhi kr rhe ho kya vajh he or bhut dino tk panding me ho jate he plz btaiye
R499,ad38ebff-5d7e-4484-a613-6b8384fb5685,Myntra,platform,3,hinglish,shared,ALL,"product acche nahi lag rhe hai, clothes ki quality acchi nhi aa rahi hai aur rate bhi jyada hai bar bar return krana pad rha hai as compared to meesho"
R500,407123e5-9ef5-47cd-ab11-9bfa7deffc7c,AJIO,platform,2,hinglish,shared,ALL,Y u yy j uh jjjj hn hy h NY hun hun u
R501,dd3d17f6-28dd-4043-86f2-2c4738ff895f,Snapdeal,platform,4,hinglish,shared,ALL,Delivery let Hoti hai 😈 Delivery boy raste mein aake vapis chala jata hai 😈
R502,5c177e5b-e661-4b2d-b61b-c7ebb8413c0f,Purplle,d2c,2,hinglish,shared,ALL,kyunki kaha tha ki ek rupaye mein beauty product hai lekin vah rs 1 nahin jitna ka de raha hai aur bol raha tha ki rs 1
R503,c38d4ec1-dc05-4cb9-9e0c-2cfd544b0d74,Swiggy,platform,5,hinglish,shared,ALL,Bahut achcha app hai yeh mujhe apne teacher ne bataya hai thanks teacher🌹🌹🌹🌹🌹🌹👨👨👨👨👨
R504,a499d7cc-9ba3-4f15-870a-0684cfad0aac,Flipkart,platform,2,hinglish,shared,ALL,time per aap mera order pahuncha dena
R505,0ac61fb2-8aa4-4f98-a60f-e57ba2269996,Purplle,d2c,3,hinglish,shared,ALL,product ache hai but 200 price hai to 300 le lete hai ye log or gift milega karke or add karne bolte hai or add karo to price uske actual price se jyada ho jata hai delivery charge hi 60 hai mehnge product pe thoda discount hona chahiye sirf likhne se nhi hota hai atleast expensive product per 30 rupees dilivery charge lena chahiye this is why iam disappointed 😞
R506,e950f67f-b8de-4704-9640-2e03f7a9fceb,Blinkit,platform,5,hinglish,shared,ALL,ok ok hai matlab bahut bekar majak kar raha hubadhiya nahi hai
R507,0416fa7a-033c-48d7-9937-764141f97157,Purplle,d2c,4,hinglish,shared,ALL,packing acchi thi product bhi acche Hain but ek problem hai delivery ki delivery wale Ne mujhe 11:00 call karke 2:00 aaya dene
R508,7403ab9a-c836-4448-819d-175fbbd025a6,Snapdeal,platform,2,hinglish,shared,ALL,"Earlier I ordered 2 products from snapdeal. Those products are awesome. But I face problem when I ordered 3rd item from snapdeal. I don't want that product and want to cancel it, As I already paid money through UPI, they told me don't accept the delivery. Once u refuse we will inititate full refund. But it's vein. The delivery boy called me n told me that he already cancelled the product but snapdeal opted for redelivery.when I am trying to contact to the customer care they fooled me 😡😡"
R509,8bfb9373-dd68-4dad-a246-eaf30fe97f92,AJIO,platform,5,hinglish,shared,ALL,mujhe bahut achha lga ajio
R510,2e02d71b-ee3d-4b24-8f29-90210cef773b,Snapdeal,platform,4,hinglish,shared,ALL,"pehle muje mera product mil jaye fir me rating duga,ok"
R511,6ed9f878-6f3f-4472-9c6e-3715cdcc5936,Purplle,d2c,5,hinglish,shared,ALL,ye daulut nhi ho rah hai
R512,ef765a02-50ff-43ad-aba3-6b7bda59bdc6,Myntra,platform,3,hinglish,shared,ALL,"Worst experience ever. I have been a regular customer of Myntra, but a very big scam happened to me. I ordered a Levi's long pant and shirt on prepaid. The delivery agent did not call me, and I did not receive any email. But it is showing “delivered” in my account. I called customer care many times, but they only keep giving me new time and dates. Until today, I have not received my items. At least they should tell me which delivery office the parcel went to. This is a very big scam with me.."
R513,d78e0dd5-bc6d-4eb0-a280-7d5c14e8e448,BigBasket,platform,1,hinglish,shared,ALL,bekar app ha ye time me order nahi a ate h isme
R514,dd0d4d4c-851b-467d-bbe1-54df04530684,AJIO,platform,4,hinglish,shared,ALL,abhi to sab shi h lekin dekhte h thoda aur use karke
R515,c6ed9a77-fa39-41fa-8a74-06d96bfe1590,Lenskart,d2c,5,hinglish,shared,ALL,ye app bahut achha hai aap 👍 bhi download kre
R516,613f19f4-6578-48d7-8098-f654adc7b357,Meesho,platform,3,hinglish,shared,ALL,meesho pe kuch order karne jao to login karne batara bar bar so koi help karo is problem ko solve karne me
R517,067d8f33-ded9-4ec4-aa22-4081774f5e7e,Bewakoof,d2c,2,hinglish,shared,ALL,Products are great but their delivery partners are scamming their customers. (Actually BEWAKOOF bana rahe hai). Their courier partners are printing fake invoices and charging for prepaid orders too. Please be careful guys. Check your packages and your payment info in the respective app before paying the courier guy.
R518,a31f5da2-e709-48b8-9211-c08befb388f6,Swiggy,platform,3,hinglish,shared,ALL,panir roti order kiya tha but roti acchi nahi aayi bhut bekar thi
R519,712901e7-5790-4a69-b443-0486ae0bb5b2,Purplle,d2c,1,hinglish,shared,ALL,Sir ye app download nai ho rha ha
R520,508bb05e-f300-4e86-92a8-916c8ceebea1,BigBasket,platform,1,hinglish,shared,ALL,very Bad service Big basket order mat karna is aap sa mere Sath dhokha dhadi Hui Hai Maine order kara tha order mein Koi Mila nahin aur delivery boy aaya tha usne order confirm karke store per wapas chale gaya order mein Ko Mila nahin Hai isliye koi bhi order mat kariye is app se
R521,9cebd494-27fb-46c6-9515-50319b0b3799,Nykaa,platform,5,hinglish,shared,ALL,Order kiya hai aane ke bad batata hu
R522,356017fd-3650-4b95-807e-5c4ee95ef211,Shopsy,platform,2,hinglish,shared,ALL,Bahut aachha lagta hai hame
R523,219e062f-bd91-4ca3-9837-22c94b7abb93,Swiggy,platform,1,hinglish,shared,ALL,bhot hi bekar service hai koi chat support nahi ekdam bakwass service
R524,f3bb14aa-5e84-4400-96ba-f6e9ded793e4,BigBasket,platform,1,hinglish,shared,ALL,yah location nahin batata gaon Mein 🥲
R525,b94c7cfa-8c7e-424e-a3f8-06d1498d7079,Bewakoof,d2c,3,hinglish,shared,ALL,Aapki Tshirt Mein 3XL ka size Kyon Nahin Aata ?
R526,e7372ac8-e935-49a1-a93f-61ea85db5b4a,Purplle,d2c,2,hinglish,shared,ALL,Mera order out of delivery area bta rha h refund b nhi de rhe h . please give my money or order . costumer care service is not good. second time order h Mera. address b change nhi kr rhe. ager area m delivered nhi tha to pahle hi accept nhi krna tha. mene online payment b kr diya . kuch to response Dena chahiye atleast na hi msg kr skte ho AP na hi cl kr skte ho . na hi apko koi cl aata h. product nhi mil rha to atleast cancel to krdo kuch b nhi
R527,d9c81953-b575-468a-b7b4-16a4c40d16d9,Flipkart,platform,4,hinglish,shared,ALL,"Overall quit ok app. 1. Has bugs - quite often they show large number of phones but with remark ""Currently Undeliverable at your location"" !!! this despite choosing ""Exclude out of stock"". irritating and frustrating. if you cannot deliver why are you showing it to me. for my general product info I have Google. When I come to you I want to know if can buy from you. And one off product is understandable. All products say the same. It's like telling me aapko nahi bechunga."
R528,5b7aaaba-1c37-42d2-a218-35eb0d8ecdec,Snapdeal,platform,3,hinglish,shared,ALL,Mera return wapis kab hoga
R529,4581a35e-d3ba-42e2-a768-fa5c558a79c0,Swiggy,platform,5,hinglish,shared,ALL,Bhut hi acha app hai la jawab
R530,68f56095-0c7e-45e0-b2b9-3ec7cec1faa0,Amazon India,platform,3,hinglish,shared,ALL,Amazon application marry mobile me update nahi ho Raha Hai Mary divided make Kam nahi Kar Raha Hai
R531,480b4f29-b2f7-4d13-a437-0d75e40e57b4,Purplle,d2c,1,hinglish,shared,ALL,ghatiya delivery nhi karni customer care number nhi h kya h ye bakwas
R532,22567825-2f47-4fcb-a0e0-8709de8b905a,Purplle,d2c,1,hinglish,shared,ALL,freebie item all time *out of stock* ki wajah se proceed nhi ho raha hai .....bad experience...waste of time ...Nykaa app always best
R533,edb3eff5-e215-4549-a4e6-33f99e714f83,AJIO,platform,5,hinglish,shared,ALL,Bahut hi sunder aur bahut achha hai ji
R534,627a3ca8-a065-46b7-87d9-3b36b8e1a08a,Shopsy,platform,2,hinglish,shared,ALL,bekar App hai mera account black kar diya hai mere ballet me 200 rupaye the best hotel gaya hai is liye ise mat Download karo
R535,64783237-58ee-4874-bc68-8f9324808177,Bewakoof,d2c,1,hinglish,shared,ALL,inki product magwaya and wo khrab aae ab mujhe sahi product chahye to inke customer care wale return daal de aap exchange daal de aap kar k refund process kar rahe he mujhe mera product chahye to ab wo ni mil sakta uske lie wo mujhe offer price wapas karege n fir se me purchase karu n usme ye he single product loge to 100 extra pay karo ya same price me chahye fir se offer me lo extra tshirt jo ki ni chahye mujhe mere 2 product inki galti se galat aae he 0 star. Ticket ID - 3424415
R536,596dac5f-0e70-4df3-b87f-24e5981b691a,Snapdeal,platform,3,hinglish,shared,ALL,Snapdeal app mein my rating change karne Ko nahin milta Hai
R537,cb93b05a-be88-4049-ac10-db940f427ca8,Meesho,platform,5,hinglish,shared,ALL,messho bahut he aacha hai ye budgetly bhi hai
R538,0820c5d2-25f0-4bc0-8dd3-89580183081b,Amazon India,platform,3,hinglish,shared,ALL,achcha hai per saman mahanga bechta hai
R539,c8cabc71-018b-4c48-a7ec-8ee79b6e36e3,Bewakoof,d2c,2,hinglish,shared,ALL,Jesa naam wesa kaam Bewakoof hi bnarhe ye product rating ke time pe jb me rate krrha tha aap kuch bhi rate krro aap use change ni kr skte glti se agar aapne 5 star touch krliya then back ni kr skte aayega you already rated this product 🤣🤣🤣
R540,4c774bf4-5a62-40b0-9d12-5486ab68f75d,Amazon India,platform,2,hinglish,shared,ALL,"Good app hai but late se khulta hai, thanks"
R541,f30df968-7436-4b58-9d7c-7a66cc0497ca,BigBasket,platform,4,hinglish,shared,ALL,sahi aap hai mast hai per free delivery 149 me deta hai 🥲 per
R542,832bc3be-1212-4c5f-8836-3576d5176fe4,Purplle,d2c,2,hinglish,shared,ALL,"very disappointed. pehle bolte hai ki free gifts bhi denge aur phir order confirm hone k baad, they cancel out the free gifts"
R543,6500021f-6be2-4c5c-b1e5-8c7b8d9f02e3,Flipkart,platform,3,hinglish,shared,ALL,flip kart band hone wala hain kya customer care number bhi nhi or searching se camra bhi gaayab hain
R544,77b119b1-0fa0-4c34-a864-cc0e3385bf04,Lenskart,d2c,2,hinglish,shared,ALL,muze emi option chahiye tha wo nahi mila
R545,5c1fba16-38e9-4c91-abe3-042447da7175,Myntra,platform,5,hinglish,shared,ALL,Bhut acha ap or or kapde bi ache aate h I love this AAP Myntra online shopping clothing are very good and quality is amezing Delevery bi bhuy hi fast hai es online apps par so yh apps bhut hi badiya h or sab es apps ko download kre or ghar bethe apni pasand ki har ek chiz ghar pe la sakte h Mynty apps par dast delivery bhi h or charge bhi bhut kam h Total m
R546,a68a434c-23d6-4d5d-ab15-2851576cd572,Blinkit,platform,1,hinglish,shared,ALL,bekar h use kiya sanam late hai
R547,4f94f893-6935-4bee-b5fe-f6249d4e03ce,Zepto,platform,4,hinglish,shared,ALL,Gwalior mp me kab shuru hoga jaldi karo
R548,50fb03ef-f1a2-4c86-80ac-e7ee2a040173,Swiggy,platform,4,hinglish,shared,ALL,price wise bhut acha h Swiggy
R549,7704429e-8f33-4868-9736-d559ec434462,Myntra,platform,1,hinglish,shared,ALL,ge ghatiya app h koi bhi product ka pickup karne nhi aata. Or helpcenter se baat karte h to kahte hi ki pickup ho jayega
R550,0030695d-f6df-40f3-85b4-3b1768b0e05c,Snapdeal,platform,1,hinglish,shared,ALL,Bahut hi ghatiya app hai Mera paisa refund nahi kar raha hai Customer service center wale bade hi battameech hai sale kameene chor Sale kam se kam ek mahina ho gaya refund nahi aaya kamino sharam karo
R551,732f1dd4-468c-4371-9fb5-97573b90fbb5,BigBasket,platform,5,hinglish,shared,ALL,bahut jada accha hai ye jaldi jao daunlod karo sb log
R552,97a5e92f-4d45-4896-bcc5-eb4206f8b3d6,Amazon India,platform,3,hinglish,shared,ALL,ok ok ok but bhot mnange kapde hai or quantity kam
R553,3c6e7ea8-b1a9-42de-b730-ad61374a0148,Meesho,platform,1,hinglish,shared,ALL,"ye app time prr order nhi pahuchata h .............,...... ye kisi kaam ka nhi hai.."
R554,380668c2-eb74-4b95-93b1-c27a3bd53337,Nykaa,platform,1,hinglish,shared,ALL,"sends used products, return bhi nahi lete"
R555,bb1d5e61-f4e6-47fe-9715-9198f2fa75b1,Meesho,platform,4,hinglish,shared,ALL,yah bahu achhi application hai
R556,7fc85603-a1b4-4fcc-9ff9-0daf6a24dc82,Meesho,platform,5,hinglish,shared,ALL,ha h to thik thak par ye kabhi kabhi dhoka bhi kar deta h messo
R557,bf8da996-8fd0-4902-8047-337202e0e4da,Snapdeal,platform,4,hinglish,shared,ALL,App acha he lekin delivery time bhi bahut jyada he. Delivery jald hona jaruri he.
R558,ce067f48-c56f-4b39-9840-f7c9e09f577a,Purplle,d2c,1,hinglish,shared,ALL,vary bad aap don't buy anything from this aap i ordered soo many things at a time they didn't give dot&key serum they just exchange with cheap adivasi oil when i show them they didn't give back my money also why they don't have open box delivery then
R559,52d6d5ea-ebd3-4604-aec9-9f8ac768e392,Amazon India,platform,5,hinglish,shared,ALL,bahut acha aap hai bhai
R560,a4d1c00e-2b96-4a75-9a17-d7521d68dd15,Shopsy,platform,4,hinglish,shared,ALL,shopsy bahut achcha app hai lekin usme cash on delivery ki suvidha ko band kar diya hai jo bilkul bhi sahi nahi hai please cash on delivery ki suvidha ko fir se chalu kare jisse Paytm ya anya pement Wale app use karne wale log bhi apna order kar sake please 🥺🥺🥺
R561,89cb4470-03a5-423c-bd1a-5db4b6781d91,Flipkart,platform,1,hinglish,shared,ALL,bahut acha app h yh me flipkart ka seller hu me pr day 150 saree sell krta hu mujhe bahut acha refresh mila customer ka vishwas apna bharosa
R562,5b01d4f3-3ed2-4236-b72f-e4360ee14c09,Flipkart,platform,2,hinglish,shared,ALL,bhai flipkart par oder ka opsan soh kar raha hai par oder par klik Kane par oder nahi dhekh raha hai kyu bhai
R563,7f7329c6-0f42-4096-8c59-1d435ff0de4b,Amazon India,platform,5,hinglish,shared,ALL,Yeh bahut achha hai Iske Jaisa Koi Bhi app Achcha Nahin Hai Amazon duniya mein itna Lota Achcha hai per jo bus Dekhte Rah jaane ka man Hota Hai aap bhi jaldi se jaldi download Karen aur Amazon app mein se chijen online order Karen aapke liye itna hi
R564,9e5d1f54-435a-4468-ab19-65542bf4d806,Amazon India,platform,4,hinglish,shared,ALL,Amazon per 100 rupaye ki Sadi humko Amazon wale bheji jab ki uski kimat jabki uski sari return ki hui hai aur vah sari fati Hui bhi thi wapas ki aur uske paise abhi tak Dale nahin hai 15 din hone Ko aaye Paisa abhi tak Dale nahin hai account mein customer care per humko alag alag vidhayak Di jaati hai kya ham aapke paise a jaenge Tera 14 din mein lekin aate nahin hai customer care se hum jab bhi baat karta hai kya ham aapka saman bhej denge aapke saman nahin aate Hain kyunki yah log hamare sath
R565,29ff6553-991a-4379-a865-5b823d8f7ebf,Swiggy,platform,4,hinglish,shared,ALL,Bhot hi acha app ha bhot interesting app ha humna isma food order kiya or humara food timing pa aa gya i love this aap
R566,945ad365-cd0c-487e-9b65-981e12aa91b8,AJIO,platform,4,hinglish,shared,ALL,Kuch pata nhi chalta he
R567,6befb53f-0351-421e-8a34-c5a73b92077f,Swiggy,platform,2,hinglish,shared,ALL,Yaar ye App Open nahi hot
R568,2f4a4f3a-3b29-47ed-b30e-4206dc6f856a,AJIO,platform,3,hinglish,shared,ALL,dress ka ordar le liya or size ka pucha hi nhi
R569,e7188bd0-1ef7-4618-9104-69a12beb2e0a,Amazon India,platform,2,hinglish,shared,ALL,I am really really disappointed with amazon. I usually buy books from this site. And my recent orders have been returned and cancelled without my consent. This ain't my main problem! My main problem is that one of the books in that order was for my exams which have started. And if their main problem was about the address than they should have tried to contact me. And now I am not able to cancel my remaining orders.
R570,f16b28c4-8f4b-4911-bfa4-f2293054f2bf,Snapdeal,platform,2,hinglish,shared,ALL,Abhi order kiya hai agar accha hoga to 5 star denge
R571,af755399-36de-40fd-8c57-af1baa2febd0,Meesho,platform,4,hinglish,shared,ALL,All things are good but kabhi kabhi disappoint karte hain team meesho wale
R572,88e28b01-543b-4419-bc83-89ae5a2ffd48,Purplle,d2c,5,hinglish,shared,ALL,bhot hi acha beauty products ke lie app he
R573,ba9cb091-8ed3-4970-b519-1d8c455c93a3,Amazon India,platform,2,hinglish,shared,ALL,Yeah bahut achha hai Yeh bahut accha hai kuch bhi kharidi Ja sakti hai
R574,8d64576a-e3d2-4cf8-99b0-2345269aaf16,Snapdeal,platform,4,hinglish,shared,ALL,"Lajavab aap,ham is per her prkar ki vastue karhid sakte hai"
R575,1a72ec7f-a07b-47bd-af5a-5e93e19e8304,Amazon India,platform,3,hinglish,shared,ALL,Cod ya pod na hone ke karan saman nahi kharid pa rahe he. Eliye 3 star.
R576,7493aed6-46f5-4277-b314-f487ea09e6a7,Lenskart,d2c,5,hinglish,shared,ALL,bhut acha aap h aap bhi download kre.
R577,43a8eafd-db69-445e-a8a9-f084bdc34083,Purplle,d2c,2,hinglish,shared,ALL,isme bolate Hain ki sab rs 5 mein aaega bahut badhiya. par yeto 400 se 500 rs me aa rha hai very very bad..
R578,3134c19d-0741-48f4-8a68-6bd1e02ac754,BigBasket,platform,5,hinglish,shared,ALL,mast app hai bohot discount milta hai 🫶🫶
R579,35e906eb-b58d-41c9-a6f1-df503fe73f01,Zepto,platform,1,hinglish,shared,ALL,bahut ganda service hai already mai period pain mai huu or maine icecream order ki thi inone wo bhi dilever nhi kiya very very bad behaviour
R580,55d19b0a-0c3b-48b4-b53b-a8f1eaee9cb5,Snapdeal,platform,2,hinglish,shared,ALL,Missing products lkin fund return nhe deta aap koe download nhi kre
R581,8186ad8e-7568-42dd-97c6-c2f96ed30811,Bewakoof,d2c,3,hinglish,shared,ALL,sub kuch thik hai bus jitne tarikh ko delivery dikha raha hai usi din delivery karne ko try kro ......baki sub kuch thik hai
R582,0026f510-4a58-47fb-8792-7f4864d09826,Purplle,d2c,5,hinglish,shared,ALL,"The delivery is ok for me. It is my new experience for me. My first order was the product of sunscreen. Sunscreen is a good thing after a long time I am using this sunscreen. The way purple's instructions are awesome, very clear with the product. They watch the tracking and give information that the product is very respectful and kindly confirm the product is also the same as very 👍......... For me it is the right purchase app for me and my family. Thank you for your love and care."
R583,2296af0e-66f8-4a7e-bd6f-7e8c734f9974,Meesho,platform,5,hinglish,shared,ALL,bahut achcha hai ismein offers aate rahte hain sasti rate mein achcha item
R584,112931ad-525f-43c8-b131-1e0895864cd9,Bewakoof,d2c,2,hinglish,shared,ALL,15 se 20 Dino me bhi refund nahi aaya hai 24 hour ka claim karte hai jaisa inka name hai bewakoof vahi banate hai ye sab costumer ko
R585,27a8b861-a1db-4e8a-ba82-fa06f5ec8492,Shopsy,platform,3,hinglish,shared,ALL,Baki sab thik hai pr CES on delivery available nhi hoti hmare yaha please isme sudhar keo
R586,6cf6a8a1-bc28-466a-a76b-af6a713e332a,AJIO,platform,1,hinglish,shared,ALL,Sab bekar app hy bhut mehngy becta hy sb sy bekar in sab sy to messo hy best
R587,657a88d9-f282-4959-8d9f-84bdffbad256,Snapdeal,platform,4,hinglish,shared,ALL,I love my snapdeal bahut Achcha hai
R588,32c6208f-8948-4744-bb7e-16ee8d1dad90,Myntra,platform,3,hinglish,shared,ALL,niche diye gaye han aur unka gora hona chahiye ki vah apane aap ko bhi nahi hai ki vah apane aap ko bhi nahi hai aur yah bhi kaha jata
R589,b2e992a3-0de0-4c7e-9de3-402c22941b77,Flipkart,platform,3,hinglish,shared,ALL,"Flipkart ekddam mast App hai. Aur Hm ghr Bethe Apni psnd aur branded item receive krte h. Aur bde bde marketing me bhi aise item ni mil pata. Aur price bhi achha h, Aur Kisi bhi trh ki koi sikayat ka mauka nhi h."
R590,fb321f33-6ec8-4b26-a669-538c502ea096,Zepto,platform,1,hinglish,shared,ALL,this is very durty app in the world and wast of time and mony koi bhi instol mat karna chiiii 😡
R591,88b77991-d54b-4fce-9ef1-d4baf3e2329a,Blinkit,platform,5,hinglish,shared,ALL,ye bohut acha app hai
R592,5ec4898c-b623-43ff-8ec7-c2a553e0a1cf,Zepto,platform,2,hinglish,shared,ALL,Vikrant Tiwari saman sab mil jata hai ghar baithe labhdayak hai ye app
R593,205c2a88-47a7-4bee-930b-965143729d9d,Snapdeal,platform,4,hinglish,shared,ALL,ye bhout accha shopping app hh but isme humko ek doubt hh ke isme Jo makeup products hh wo branded nhi hh or kahi unko use karne ke baad wo skin ko harm na kar de ye dar lag reha hh lekin mera jo first oder tha wo kafi accha or price ke hishab se best tha quality bhi kafi accha tha toh mera experience accha tha snapdeal ke sath thanku snapdeal hume itne acche product itne kam price me dene ke liye without any delivery charge
R594,6f5c8396-0eb2-4522-8aab-f8c930f66082,AJIO,platform,3,hinglish,shared,ALL,some products may be jesa dikhta he vesa bilkul ni hota he copy pis or alg colour k parcel received hote he
R595,e6a37955-8be9-4521-b651-045cf14b332c,BigBasket,platform,5,hinglish,shared,ALL,Bahut achcha app hai Lekin ismein Hindi language nahin hai kyunki aajkal sabhi app mein Hindi language Hoti hai customer ko saman Lene mein aasani aapko is aur Dhyan Dena chahie
R596,4692b446-d7ac-4cf5-9dbb-2869107fd358,Shopsy,platform,2,hinglish,shared,ALL,dilevery boy mere 300 rupy kha gya
R597,6e58bff0-4fae-46e4-93ca-73adefeab967,BigBasket,platform,5,hinglish,shared,ALL,very nice bhai sahi time par pahuche hai very good 👍😊👍😊👍😊👍😊👍👍😊😊👍😊👍😊😊👍😊👍😊👍😊😊👍😊👍😊😊👍👍😊😊👍👍😊😊😊😊👍👍👍👍👍👍👍👍 very nice bhai please 🥺 🥺🥺🥺🥺🥺🥺🥺🥺🥺🥺🥺🥺🥺🥺🥺🥺🥺🥺🥺 hai very good 👍👍😊👍👍😊👍😊👍😊😊👍😊😊👍😊👍😊😊👍😊😊👍😊👍😊😊👍😊👍😊😊👍😊👍😊😊👍 very good 😊😊😊👍😊👍😊👍😊😊😊😊 u r so Kumar Sharma good 😊😊👍 hai very nice bhai sahi time par pahuche hai very good morning 🌄🌅🌄🌅🌄🌅🌄🌄🌅 hai very good 😊😊👍😊👍😊👍👍😊👍😊👍😊😊👍👍😊
R598,052a664f-8c9a-41ab-9888-b78d728234fd,Purplle,d2c,3,hinglish,shared,ALL,kuch bhi sasta nahi hai thik thik hai
R599,1606b623-c018-43e4-ad0d-fa61231302a3,Nykaa,platform,1,hinglish,shared,ALL,bakwaas app hai first delivery time se delivery ho gaya but 2nd 15 din ho gaya ghatiya 🦶🏻😡
R600,89866311-d631-4f68-be55-54e9348f3ae2,Amazon India,platform,4,hinglish,shared,ALL,Yeh bohte hi bedya h isam casbak bhi milta h
R601,ce9e0889-821b-43f4-95a2-1106668383c5,Bewakoof,d2c,3,hinglish,shared,ALL,"App Download karne ke baad, login karne par O T P Nhi Aa Rha hai kya kare Mane 4-5 Time try kar liya par ek baar bhi O T P nhi aya hai Kya kare 🥴🥴🥴 Bekar hai bhai sahab OTP hi nhi arha hai login kaise kare 🥴 Nhi Aarha hai O T P🫥😮‍💨😤"
R602,8b56e482-c2fb-4a23-abd8-0fdaf4041898,Amazon India,platform,5,hinglish,shared,ALL,"amazon,ka dilevri or sama ka ka bahut achchha he dhnyavad ,, keshav rathod ,,"
R603,0d420843-98be-4df5-bcf4-ae1618c420cb,Swiggy,platform,2,hinglish,shared,ALL,yah app mein jo delivery rahata hai na vah 5 minut dikhate hain lekin 5 minut mein aate nahin Hai
R604,e467bbd1-f0ec-4019-85f5-e7f39446f313,Purplle,d2c,1,hinglish,shared,ALL,"Worst delivery experience! 😡 Order ko baar-baar self-pickup dikha diya, jabki maine kabhi self-pickup nahi kaha. Multiple times customer care se contact kiya, complaint bhi ki, phir bhi delivery nahi hui. Har baar bas 48–72 hours wait karne ko bol rahe hain. Purplle aur courier partner ki coordination bahut poor hai. Very disappointing!"
R605,ef79cd3d-4a2d-4ea5-8a59-a1857826d308,Amazon India,platform,3,hinglish,shared,ALL,Sabse accha baat hai aap achche karte hain kuchh bhi poochhne per jawab Sahi baki saman kabhi kabhi no problem return
R606,f6c9ca34-d1e4-42dc-8f2d-fc811dbd2992,Purplle,d2c,5,hinglish,shared,ALL,Bahut jada acha he very good 👌😊😊😊😊
R607,2df7c26c-fc59-436b-80c9-0058491f1ce5,Purplle,d2c,2,hinglish,shared,ALL,this app not achcha hai ye app support nhi karta hai es app me contact number de jis Se support kar sake abi tak order nhi aaya hai tarikh per tarikh bad jati hai or nahi support milta hai
R608,f9b0452d-e0d5-4ce5-afe1-61d1378cd3e5,Snapdeal,platform,4,hinglish,shared,ALL,bhut acha tha product ...
R609,665e0ce3-95b8-4ca7-b3a8-bf03f206275f,Nykaa,platform,1,hinglish,shared,ALL,duniya ka sbse ghatiya app khud bolte hai or jb poof dikhao to khud hi deny krte hai ki no hmare side se asa bola hi nhi gya to be honest isse ghatiya bekar app costumers support khi nhi hai disgusting app i never use this app again they are biggest layers...🤮🤢
R610,62ef9d62-1b7c-4a0c-889f-84da93b79ced,Myntra,platform,2,hinglish,shared,ALL,Pagal app hai jo search kro o nahi aata Is app ko download mat kijiy ga bakwas app hai 👿👿😡😡😡
R611,fa974ad6-8be0-462a-87df-23f489e404f3,Bewakoof,d2c,2,hinglish,shared,ALL,items kuch jada expensive hai agar quality ko dekha jae to .. sabhi products ki quality k hisab se price jada h
R612,5ae0dbcd-f2ac-4a83-9bf3-0875bb55af52,Purplle,d2c,3,hinglish,shared,ALL,aapke dwara pahle bahut acche free baby gift aate the chai kaise bhi shopping karo ab pata nahin kyon a free baby gifts mein only marksheet dete Ho Jo bilkul Bhi Mujhe comfortable aur achcha nahin lagta Hai
R613,bddfa7fb-14d1-459a-8fcc-f157fe1c976e,Flipkart,platform,5,hinglish,shared,ALL,bahut achha app Hai koi bhi cheej 50% off hai
R614,9b30a219-c80e-47d7-b772-c0b24e998e49,AJIO,platform,2,hinglish,shared,ALL,mene 1product purchase Kiya but usme cancel dikha rha tha or vo delever ho gya or febric bhot bekar nikla mere pesse waist ho kue ki usme return ka koi operation nhi aaya mene complaint bhi ki but kn hua 😐😐
R615,7d276cd7-80db-4898-a5ec-b8aa5409c234,Shopsy,platform,2,hinglish,shared,ALL,achcha nahin Hai call nahin lagta
R616,d766df0f-ff72-43b8-83b2-8d3d9fe76087,Myntra,platform,5,hinglish,shared,ALL,Ye App bahut acha he soping ke liye thanks so much
R617,364d008a-8b69-47fa-b759-e3bc5ced5a02,Blinkit,platform,1,hinglish,shared,ALL,Esame saman wapasi ka sistam nahi he Saman lene ke bad mistek se dusra saman aa jay to wapas nhi karta
R618,7d5cc755-b62f-4e3f-85d5-429cef6e443d,Amazon India,platform,3,hinglish,shared,ALL,achha hi magr utna nhi :) :]?
R619,c835ff23-ad4c-4855-9636-8e7f1dbb11ee,Lenskart,d2c,5,hinglish,shared,ALL,maine app ko downloding kar diya hai aur sab kaam kar diya hai dosto app bhi kal lonive aap
R620,0e21bb0e-1346-4fd0-a209-529460505002,Myntra,platform,4,hinglish,shared,ALL,Bahut mast hai Bhai bahut fast delivery karta hai
R621,a5f6325f-3334-4e94-b85d-620bb22e1d6e,Flipkart,platform,4,hinglish,shared,ALL,best app aap istemal karo
R622,7224e115-92d6-4b55-8e7d-5fb716de58df,Blinkit,platform,4,hinglish,shared,ALL,main apna pura address daal rha hun fr bhi bar bar keh rha hai ki complete address daalo....issee fix kro
R623,50e3e515-87a0-4322-9f73-e4de8f27b251,Purplle,d2c,3,hinglish,shared,ALL,Ye bahot acha aap hai par isme ak problem hai ye 200 se Kam ke saman ho to AK pis nhi dete 2 3 hote hai please is problem ko thik kijiye
R624,4c9ee8de-58b1-4031-8fcb-6dfab67f8b4f,Snapdeal,platform,4,hinglish,shared,ALL,You both Ye Wadiya Yeh papa shopping karna bahut achha hai
R625,573b07c6-dfa8-499a-8bea-12a5feb12b49,AJIO,platform,5,hinglish,shared,ALL,Yah bahut real aur sahi hai iska istemal jarur
R626,dcf15465-fe82-4b18-aaf0-154f39ab28bc,Meesho,platform,3,hinglish,shared,ALL,Ye app hamne download kiya hai but is app me photo jldi dikha hi nhi rha hai ham ise shopping kaise krenge aur delivery bhut slow hai hamne 26 july ku order kiya delivery time 6 August ko hai iski delivery bhut hi slow hai aur isme jada jada product kharab aa rhe hai kuch hi product shi aa rhe hai
R627,1333f589-c034-4b62-8cc5-2510ec674129,Amazon India,platform,1,hinglish,shared,ALL,mera order aa hi nahi raha hai me 3 baar ek product ko order kar chuka hun or ye aake hi nahi de raha Tommorow Tommorow kar raha hai my worst expirence on Amazon
R628,c833ab78-e254-4235-a39f-f650655a9c1f,Snapdeal,platform,3,hinglish,shared,ALL,app is good but.... meine galti se return request dal dii...and meine bahot try Kiya lekin vo return request cancel nahi ho rahi..or koi option bhi nahi mil rhaa...
R629,1398fe68-c460-42fa-9925-1b8b4deb149d,Swiggy,platform,3,hinglish,shared,ALL,price to thik h par inki harkate sahi nhi h
R630,d739e0fd-25b9-4d4c-8cb8-552cb48518ea,Lenskart,d2c,1,hinglish,shared,ALL,Bekar hai ek waranty ke naam par Dhoka dete hai ye log
R631,538294e8-67bf-4473-bad7-b6867acb941f,Meesho,platform,4,hinglish,shared,ALL,Meshoo ek achchi app h but isme rojana 8 PM pe ek sell chalti h 9 rupees vo fake order hi nhi hota or home delivery nhi hoti 3 km dur lene jana padta h products ko kuch bhi kar lo 9 rupèes sell me order nhi hoga
R632,b15ea373-22f6-461b-907c-fab78cfb143b,Bewakoof,d2c,4,hinglish,shared,ALL,Muja mara refer and earn ka point nahi Mila pending ma ha
R633,b344a86d-f678-4cbe-862a-7f72589f1224,Shopsy,platform,5,hinglish,shared,ALL,abhi to filhal theek hai jab Mera parcel aaega to mujhe pata chalega yah
R634,070eaa0d-46e4-43f5-b5d1-ac19fbfc645f,Shopsy,platform,4,hinglish,shared,ALL,product to ache milte hai lekin online payment hi hota hai n ki cash on delivery 🚚 😔😔😢
R635,15e8af24-a7ac-4135-bc3d-3af15403c9f8,Zepto,platform,1,hinglish,shared,ALL,Open hi nhi ho rha he bar bar location mang rha he or loketion pr ruka hua he
R636,2d9da649-554f-49bb-8016-613c57f60370,Meesho,platform,1,hinglish,shared,ALL,miso pe ak dusre ko comment krne ka option do pls ham comment me baat kr sake
R637,df2c0533-caa7-44ba-8a5a-f3dd3697cf0b,Swiggy,platform,5,hinglish,shared,ALL,bahut acchi hai aap Jo bhi Mera message padh rahe hain kripya download Karen aur iska Anand Liye
R638,939420c4-e70e-4ac0-8989-ec27f1e98cb6,Meesho,platform,4,hinglish,shared,ALL,badiya hai meesho budget friendly products lekar aata hai middle class family ke liye
R639,c06cc833-e4c9-4155-af7b-81ab12f63120,Amazon India,platform,4,hinglish,batch,Harsh,This aap is very good ..but delivery man not wear masq ..😟😟😟😟.....Recently me not get my Refund 550/- it's very unfortunate from this aap ...this review from Babli Chakraborty
R640,ab2e557e-e0f5-4e8f-957a-1907b9e72ef8,BigBasket,platform,1,hinglish,batch,Harsh,Jodhpur me yeh service nhi hai
R641,bb2fd3ff-2759-4d86-a431-fc10cfef150d,Shopsy,platform,4,hinglish,batch,Arpita,bahut acha app nais ❤️ sarvis
R642,ec36928d-db6f-4a74-95a3-c9290f8dc631,Swiggy,platform,3,hinglish,batch,Harsh,swiggy bahut achcha app hai sabhi log download karo
R643,3a2952e8-4dc1-447f-909a-ca4ab3537018,Flipkart,platform,3,hinglish,batch,Arpita,Hamara ghar samaan pahunchna chahiye
R644,07e99264-56e1-4cd2-badd-3c0a681f34a0,Shopsy,platform,2,hinglish,batch,Punit,abhi philhaal 2 retting diya hai
R645,42ca81b1-431d-45b6-b076-4458a266974f,Amazon India,platform,3,hinglish,batch,Arpita,"Delivery gaon tak nhi pahunchti,delivery boy nazdiki shehar se phone karke kehta hai,aa kr le jao varna return kar diya jayega."
R646,3d4bf530-f20d-40ce-9ea1-a4e4f35db28d,Lenskart,d2c,3,hinglish,batch,Harsh,now bug aa rahi hai abhi
R647,72cd4e0a-0b10-491c-b360-ef2e0526484e,Amazon India,platform,3,hinglish,batch,Punit,Appn sab kuch he HK bhai ne bhuta kuch magy he
R648,317e82ba-6fd3-46e7-88cf-15cd615a1509,Flipkart,platform,5,hinglish,batch,Arpita,yah a bahut achi chilje bahut cam dam par milti he
R649,8ec688c0-a86d-4227-a5d1-1a064d255cbe,Snapdeal,platform,1,hinglish,batch,Arpita,bil kul khrab he ritan nhi hote
R650,d448013a-cffe-4aa6-a26d-ebbc712bfa15,Snapdeal,platform,2,hinglish,batch,Arpita,bahut faltu app h isme jo dikhata h wo deta nhi h...alag product aur purana product dete h
R651,571d6149-67f0-475d-9c07-57fa9dc609a6,Purplle,d2c,5,hinglish,batch,Punit,the app was really really good main app se jyda better price m milta h sb kuch I love this app it's really really good I have no words to explain I'll suggest that must go for this app and it's products well done purple go like this only we love you purple we are with uhh and thank uhh for fast delivery ❤️ I have received my order just in 2 days 🎀😺❤️
R652,f803e1a1-5aa3-4a24-b5ab-bef123222a45,Shopsy,platform,1,hinglish,batch,Punit,chor h ye inhone mujhe order bhi nhi diya or mark kar diya deleverd
R653,4a43a508-5ac2-4286-a1a1-ccac46af08aa,Bewakoof,d2c,5,hinglish,batch,Arpita,v nice quality me kaafi saalo se use kr hi y app
R654,b2c4a33c-1522-4171-a863-3cb9d02040d0,Myntra,platform,3,hinglish,batch,Arpita,Muje iPhone 11 paro have mila
R655,9aa4ad56-faee-4aa1-be45-6069d670d0b0,AJIO,platform,2,hinglish,batch,Arpita,ghatiya discount aur bakwaas app
R656,b4f941f9-4587-4c5a-a605-150d0c87f234,Swiggy,platform,4,hinglish,batch,Arpita,Sweety ki service bahut acchi devildriver partners of bahut acche Hain bahut jald se jald service dete Hain thankyou
R657,d2ebf5ca-a6f8-4c82-b3c4-065deabc18ef,Lenskart,d2c,3,hinglish,batch,Punit,store walo ke bato me jyada mt aana pehle app me Jake khud bhi check Krna. faltu membership me mat pdna.
R658,1f409b80-b60b-4e57-86ab-24d04c6a071f,Amazon India,platform,1,hinglish,batch,Harsh,cash on delivery nhi leta aisa kyu mujhe bataye 😠😠😠😠
R659,ea35a816-6660-4f1f-8940-36f38987fce5,Zepto,platform,5,hinglish,batch,Punit,bahut achcha test hai aur bahut jaldi delivery hoti hai
R660,54dfa46b-9865-492e-91d7-ce14514dffab,Myntra,platform,5,hinglish,batch,Harsh,Bahut achcaha app hai yah branded kapde bag jute pent sart sab kugh yha par branded milta hai koi dhoka dhadi nahi hoti hai sabse achcha kaam cash on delivery ka kam hai it's locked down me kyuki disre app par yah suvidha ublabd nahi hai Amazon prime par cash on delivery ki suvidha nahi hai or myntra par yah shuvidha uplabd hai mujhe bahut achcha online shopping app lga myntra app
R661,89dedad2-4502-4290-a3c8-28855b245b6e,Lenskart,d2c,3,hinglish,batch,Punit,lenskart kitna achha chasma mil rahai ao jaldi se lelo
R662,41f30ea6-d0b9-46fe-b96e-53b853039657,Flipkart,platform,2,hinglish,batch,Arpita,cash on delivery nhi aa raha hai 😡
R663,5d7750a9-b8e6-4e77-8e4d-a2f0eed6f3cd,Flipkart,platform,1,hinglish,batch,Harsh,order bahut let ata hai
R664,b023efab-6dbb-40f7-8c06-944ef7d36d72,Lenskart,d2c,2,hinglish,batch,Punit,main shop par teen char bar visit kar chuka hun shopping kar lo carry bag short mein chashme ke sath yah clean cloth Tak nahin milta Se achcha hai ek local Shop se jao vahan clean cloth 3 4 mein de dete Hain
R665,f1b8e9df-b36e-4728-b12d-8d07b50b5bb1,Blinkit,platform,1,hinglish,batch,Harsh,Sabse ganda app hai 18 rupaye ka chips dete Hain bad mein delivery ke paise lete Hain
R666,838eb34e-062a-4b7a-9970-0f268a820d03,Zepto,platform,5,hinglish,batch,Harsh,bhut acha hai sab log dawnload karo
R667,b87b00ac-1bba-46da-ba80-640643bbca04,Myntra,platform,2,hinglish,batch,Harsh,Ye jo dikhate aur bechate hai oosme bada antar hota hai
R668,26a7a3c4-2695-4c8f-a6f1-4a93e869f355,Amazon India,platform,4,hinglish,batch,Punit,Bahut ghatiya aps h mdrcd koi daunlod mt krna
R669,d7d552c3-83d6-40b3-af90-48384e34e43f,Myntra,platform,2,hinglish,batch,Arpita,The worst possible experience with the delivery partner. I ordered a shirt and it didn't arrive the delivery partner never contacted me I tried calling him but he kept giving me excuses and finally cancelled it by himself without informing me. The second time I ordered the same shirt the delivery date showed 12 sept and the delivery partner did call me and said yes I'll delivery it today by night time and suddenly I got a msg that I've requested a return when I didn't.
R670,349f6da2-a195-488e-af35-aa90f1ab008b,Lenskart,d2c,5,hinglish,batch,Harsh,Lenskad apps bahot hi acha hae isse lenacahie ji
R671,d86fd940-561c-417d-9fb3-70b9bfe9b095,BigBasket,platform,2,hinglish,batch,Arpita,It was a very great experience for me until the lockdown started. I somehow managed to place my order after waiting for a long time. I payed for my order using my debit card but for some reason the order got cancelled and they never gave me refund. I tried calling but I never got any response i even wrote to them but they couldn't care less. Worst experience ever. They took my Rs 3000 and i still see they contacting me. This made me uninstall their app.
R672,d9ef029e-38c6-4ede-a548-15b7bd5a22c0,Flipkart,platform,4,hinglish,batch,Harsh,Delivery mein jo pahle refund Dete Hain vah Wapas Nahin Hota Hai To Ham Kya Karen delivery Bhi Nahin Hoti Hai bank balance cut Jata Hai parantu hamare pass delivery Nahin pahunchi aur na vah bank balance Wapas Aata Hai Kya Karen bataiye kripya Karke aap is tippani apni Puri koshish karen ki Hamare refund Wapas Ho aap Hamari Samiksha per vimarsh Karen Aur steepening Ko Aage pahunche Taki Hamari Samiksha par koi kaarvayi Ho
R673,6eead018-65dc-4b93-a62d-f410511350bd,Zepto,platform,5,hinglish,batch,Punit,Bahut hi achcha apps hai best achcha chal raha hai
R674,854dc139-0cd2-4e23-913b-140c105a28c7,Flipkart,platform,1,hinglish,batch,Punit,delivery boy call nahin uthate hai
R675,07e29069-49e3-4958-bc35-151414f6a962,Shopsy,platform,2,hinglish,batch,Arpita,Shopsy app Achcha Hai Magar ismein cash on delivery Nahin Hai iske liye main do star de raha hun
R676,ea6ced80-ebe3-42a3-848f-3c9067c29aa8,Amazon India,platform,5,hinglish,batch,Punit,bhai saab bahut he acha h
R677,bd56905b-18b5-472f-a555-966f66deb5bb,Purplle,d2c,1,hinglish,batch,Arpita,very very very very very very very very very very very very very very very very very very very very very very very very very very very very very very very very very very very very very very very very very very very very very very very very....worst app hai ye ....koi kaam nhi karta hai ye sab ...1 order ki thi mai ....15 din ho gaya ..abhi tak order delivery nhi ho raha hai ...aur naa hi cancel ho raha hai ...paisa bhi refund nhi kar raha hai 🤬🤬🤬🤬🤬🤬🤬🤬🤬🤬🤬🤬🤬🤬🤬🤬🤬🤬🤬🤬🤬🤬🤬🤬🤬🤬
R678,1ec9a76f-b053-4a6c-8943-0499c1841b67,Blinkit,platform,3,hinglish,batch,Arpita,"aap has so much variety of different different things and delivery boy has make a little bit mess 😕. it's my first order and I am an teenage it's easy to use aap. for last minute it's a best,but blinkit should keep the delivery person by their behaviour.my mother loves the quality of food.but some local brands was not on blinkit like Olivia blinkit should keep it.in short quality,price,aap is good but the delivery person is not 🚫, it's so rude,not on time and his phone was also busy thank you"
R679,d9e088e0-0fbf-4c29-8270-0e8294c7ae97,Flipkart,platform,2,hinglish,batch,Arpita,Agar mera order meri location tak pahuchta hai to bahut achchha hai or nahi pahuchta to aap samajhdaar hai kyonki amazon balo ne to mere ghar tak pahuchane ke local dilevry boy ne 150 r. Alag semange the mere ghar tak aane ke
R680,88626390-559d-438f-abdb-bcf7d32386d8,Amazon India,platform,4,hinglish,batch,Punit,Hello sir dilevri karhahu par hota nhi kesh lene me thik rahega benk me thik se nhi dilevri nhi hota he pilish sir
R681,cbb2a9af-d859-40c3-931d-002fd7466f77,Shopsy,platform,5,hinglish,batch,Harsh,yah bahut badhiya hai aur naye naye offer aata Hai thank you
R682,05e8f839-5295-4702-b5aa-a84609030727,Snapdeal,platform,3,hinglish,batch,Harsh,fast delivery products maza nhi aya 2 Dilevry white blu paint manbaya quality sahi nahi hai. isliye not interested snapdeal
R683,ce8a720e-b6af-46e2-85af-5026cd2a1cca,Meesho,platform,2,hinglish,batch,Arpita,Aaj main messho download kiya ismein ₹9 sale Chal Rahi Thi To Main order ki seal Mein Ek sunglasses order Kiya 9 rupaye ka aur jab delivery boy Aaya to usne Kaki Norway Mein Nahin Milega To Mujhe yah pata karna ki kyon Nahin Milega Humne to ₹9 order kiya tha
R684,c6acf236-ed42-4a58-80bf-3b16e1496af0,Flipkart,platform,3,hinglish,batch,Punit,ey achha laga hai mujhe
R685,253ef622-ed2c-4165-8836-072bcefa0a97,Zepto,platform,3,hinglish,batch,Punit,pehle 99 ko free delivery tha phir 199 pe delivery ab 299 above free delivery o don't recommend this app
R686,c29151d0-eacb-4e5a-91ac-a71a549ad00e,Flipkart,platform,4,hinglish,batch,Harsh,kaam dilevri me dile hota hai aur auder riject ho jata hai
R687,9e73944e-7745-46fa-87c5-d1b97c0a0e94,Amazon India,platform,4,hinglish,batch,Harsh,my cash delivery ka option kyu nahi aa raha hai mujhe wo product chahiye bahut jaruri hai please help me
R688,d095b114-621c-47ea-b034-c45b30933945,Nykaa,platform,5,hinglish,batch,Punit,makeup kit order kiya tha isliye Mega please bahut acche Aate Hain
R689,16c4bbc3-71ae-4af4-b517-28f444ab2831,Swiggy,platform,2,hinglish,batch,Arpita,Bahut der me ordar hu hai magar ho gaya
R690,bfdc3870-a380-4795-8088-046f9f62b6ba,Meesho,platform,1,hinglish,batch,Punit,gavo tak saman q nhi pahuchaya jata
R691,bc744b77-ec91-4c26-950a-ff499650e80f,Nykaa,platform,5,hinglish,batch,Harsh,order same date par nahi aate hai
R692,4ccaf2f1-0642-4a24-9861-a492fc44a106,Nykaa,platform,1,hinglish,batch,Arpita,"worst worst worst worst aap in the history didn't even refund my full amount , why you are robbery customers money my all payment was 247rs and refund me only 168 and I didn't even take time to cancel the order just order and regretted it so within 5 minutes I cancelled the order ,so why the hell are you deducting the money . terrible most horrible aap ever. and there also so many bad events happened but I just ignored it but this time I can't. I recommend not to order recklessly like me ."
R693,c55a634a-9bdc-45aa-bad7-625328473ba4,Purplle,d2c,3,hinglish,batch,Arpita,achha hai bas return krna chahti hu product ko mere shade ka nahi hai dusra lena hai apne shade number i overy ka par asani se purple aap me ho nahi rha hai kya karu kitne time se try kr rhe hu
R694,cbded50d-2452-4a51-8852-0817965942e1,BigBasket,platform,4,hinglish,batch,Punit,location se nahin de raha hai dusre jagah ja raha hai iske liye ek p*** star kata hun bus
R695,21d298f8-fa65-43f7-8a49-bb9debd3c27a,Blinkit,platform,5,hinglish,batch,Arpita,bahut bahut hi jada sahi ha
R696,d583e20a-b893-438d-b992-91734009a8aa,Flipkart,platform,3,hinglish,batch,Arpita,yah company bahut hi saste saste product deti hai aur acchi quality ki deti hai kripya karke is company se sabse kuchh bhi saman le to ISI product se le ismein product achcha se milta hai
R697,78179647-6228-4dbb-85e9-19574d255197,Amazon India,platform,2,hinglish,batch,Arpita,mere is aap par acaunt nhi ban raha ne
R698,6cabe03b-6a5a-4f57-a0a2-1953e5e40480,AJIO,platform,4,hinglish,batch,Harsh,istemal karne ke baad Kaisa hota Hai
R699,c2f2ac31-089a-4810-b3db-aa997924f925,Blinkit,platform,4,hinglish,batch,Punit,Bahut bahut bahut badhiya hai
R700,4165629b-ed77-42a7-8d56-881dbf5c3ad6,Meesho,platform,2,hinglish,batch,Punit,"I don't know what is happening with this app. Pahale delivery acchi thi but now they have poor delivery. Firstly they do not have their onw delivery service guy. Secondly if in case your product has not arrived on time and if you contact their customer service, even they don't know and the contact of delivery person. I short after making an order this app doesn't track anything properly. Poor customer service. It has happened with me number of time but still they have not changed anything."
R701,a4252c49-6c08-43c2-b354-d6f33279729e,BigBasket,platform,2,hinglish,batch,Harsh,aaj mene apni 1 or number se 1 laddu gopal ji ki bras ki murti order ki 2 bje or time btaya 5 bje higa pr jb 6 bja to order cancal ho gya comoeny ki taraf se ab btao me ab kha lene jau dusri murtii or itna time kharab kiya wo alag hmare hindu aastha ka mjak bna diya
R702,cda08a94-53e5-4622-a29c-e9cca635f0b6,BigBasket,platform,2,hinglish,batch,Punit,Sir ji hamare dewas me delevary kab shuru karege
R703,b1b2e05d-482b-4504-87dd-1fe54bfa5156,Lenskart,d2c,2,hinglish,batch,Arpita,Bkwas hay offer ka koi labh nahi milta hay
R704,c5c7c9a8-1200-4885-a19a-0b8fb799e0e2,Blinkit,platform,1,hinglish,batch,Punit,341030 par Delivery Nahi Karta hai Achha Nahi Hai app 😢😢😢😢😢
R705,b3a3b861-a5bc-4464-9a4a-a4297c00f165,Purplle,d2c,1,hinglish,batch,Arpita,Bhod hi gatiya app he es app par frod hota he koi be bhai been is app se odar na kare
R706,faba2269-04d0-4776-bf67-953971b8a517,Flipkart,platform,3,hinglish,batch,Punit,bahut hi badhiya platform hai
R707,280230dc-df88-4cf1-9afc-07e3a12cfbad,Meesho,platform,4,hinglish,batch,Arpita,sab kuchh achcha milta Hai
R708,7d573f74-9143-4ca4-ac41-9d01569bfa5b,AJIO,platform,4,hinglish,batch,Arpita,accha lga cash on delivery hain
R709,6cc440d5-26a6-413f-b06c-a5b8614eabdc,Flipkart,platform,3,hinglish,batch,Harsh,rasiyn aodr nhi ho sakta hai bhai or behno
R710,970c3334-5e89-4965-b573-ac9ea2d6ed7b,Flipkart,platform,1,hinglish,batch,Punit,Kiyan mujhe koi samjha sakta he kiyan chal raha he order delivery boy khud hi call karta he or khud hi bolta he mein wapis call krun tab uthana mat uske bad mera order cansal ho jata he mera yeh 2 ra order he yahi karta he mere sath 👎
R711,91cff895-e097-4f0a-92f7-eef47df1bca3,Myntra,platform,2,hinglish,batch,Punit,Bahot badhiya app hai lekin price me upar niiche hai Flipkart se wahi products 50se100 rupe jayda hai myntra me
R712,559e5c16-5cd3-42a9-843e-09e9e9025809,Meesho,platform,5,hinglish,batch,Arpita,hlo sar mana instagram pe jines or sweater order Kiya tha vo Mila he nahi or mana payment v kardiya hai na order Mila na he payment vaapis mali
R713,4cc70ad7-1a51-4ad4-8ae1-201d347c1501,Myntra,platform,2,hinglish,batch,Punit,Mera shopping page khul Nahi raha hai koi solution batao
R714,c5bfd895-ef50-471e-add1-0408579bc2a8,Snapdeal,platform,2,hinglish,batch,Punit,Sale snapdeal wale chor aur hackers se mile hoge hai parsal magane ke bad ya pahale hi ye sab hamara namber hackers ko de dete hai jisase ve sab hamare pas phone karke hame loot lete hai inam ka jhasa dekar
R715,2d2a802c-7b09-4e72-8a5f-4f95a7422a65,Snapdeal,platform,4,hinglish,batch,Punit,Frod ho gaya mere sath
R716,cbf4a451-ceb4-4109-b538-69c6e2d22b66,Flipkart,platform,1,hinglish,batch,Harsh,"only one way rkha hai aap unse bat kr nhi skte bs digital chat kr lo, jis din order delivery hai us din pure time uska ghar par wait kro ki kab aaega aur nhi mile to cancel, chutiyapanti h bs"
R717,52480d42-fe38-460e-87b9-e0ea4c3ca92e,Myntra,platform,3,hinglish,batch,Punit,Bahut acche bahut achcha hai per sari chijen bahut mahangi milati Hain Jo kisi Garib ke budget mein nahin agar yah sasta saman mile to isase achcha ek dusra nahin 🥰🙏🥰
R718,efe2ef7e-7b84-4c59-9faa-e04c8617f16d,Meesho,platform,3,hinglish,batch,Punit,Bhai Maine misso se jacket mangaya tha vah galti se XXXL order ho gaya tha maine return Kiya to request amanya kar Diya mujhe XL jacket ki jarurat hai bhai agar return Kiya to theek hai nahin to misuse khariddari band ho jayegi kyunki return karne ka Sahi option nahin dete Hain size ka sirf defect color wrong item ka option hota hai
R719,5de2c132-5d57-4158-a487-e44400f2edde,Swiggy,platform,5,hinglish,batch,Arpita,bahut hi accha app Hai sare log isko download Karen aur isase order kijiye
R720,ec27fe13-860d-4ae1-846f-340d7ba1feb6,Bewakoof,d2c,2,hinglish,batch,Arpita,"Flipkart, Amazon, Meesho, Snapdeal, Shopclues Jiomart jaisa aur dusra koi bharosemand app nhi h. Bewakoof wakeyi me Bewakoof banane wala app h."
R721,c6ecd3f5-47c0-46f2-ab82-54ba23269388,Blinkit,platform,5,hinglish,batch,Arpita,bahut tez odar and bahut madad gaar he ye bahut khusi he
R722,50c0cb07-38d0-4630-9635-4705535ce3be,Shopsy,platform,4,hinglish,batch,Harsh,bahut achcha app hai per prize money bad mein bada dete Hain request ki same price money rakho
R723,1eb025f4-2c7c-4c3f-a37d-5e6fb2415f7d,Myntra,platform,1,hinglish,batch,Punit,bahut khrab aap he ritarn nhi leta he
R724,91dde0d6-ca94-4686-a02b-0d676547fbac,Flipkart,platform,4,hinglish,batch,Punit,Flipkart app is not working properly. Flipkart ke har option par multiple time bar click Krna padta he tab work krta he. so please resolve this issue.
R725,36e00b07-cdfe-4b8d-8b51-641fa985fd51,AJIO,platform,4,hinglish,batch,Punit,review photos km hoti h product ki and offers bhi ab km aate h but quality best h
R726,f706298d-1cb8-4b04-bac4-2c2ae4d2f645,Shopsy,platform,5,hinglish,batch,Punit,yah bahut achcha Hai isko sabhi Ko download kar rahe hain
R727,9c63a57f-985d-4eed-a6e6-1fd2191d6af4,Swiggy,platform,4,hinglish,batch,Arpita,0thana achcha hai Namak mirch bhi theek hai
R728,6eb2255a-11f6-467a-8b1d-d0fcac98a0a0,Meesho,platform,2,hinglish,batch,Punit,Meesho me sabse jyada problem cod block hone ki h esliye log kam nhi krna chahte mene bahut selling kiya meesho se jab mere costomer jyada hue tab meesho ne mera cash on delivery band kr diya Please meesho just open my cod option.
R729,c8999d72-9736-47b0-b29a-6f2316f4a43b,BigBasket,platform,5,hinglish,batch,Punit,Shriman Big basket bahut bada dhokebaj Hain Kyunki Main Subah order Diya hun vah Abhi Tak Nahin aaya hai tu aur uska time tha aur abhi cancel ho gaya hai abhi aur order kiya hun to 7:30 se 8:30 Tak aaega vah bhi aaega ya nahin Vahi Jaane
R730,51dc7488-1bab-4c19-ada9-1ab63bc6eaed,Swiggy,platform,3,hinglish,batch,Arpita,kuch aur sudhr ki jarurat hai.
R731,200f745c-a3e6-4962-9ec7-a3ae2856e439,Purplle,d2c,1,hinglish,batch,Arpita,"Itna bakwas aap hai, order delay karta rehta hai phir khud hi cancel aur sath hi sath refund bhi nhi hoti amount. Scam hai. i will report against this App if refund is not received"
R732,d2f80c4e-a43e-4397-bce9-297125c5c85b,Flipkart,platform,4,hinglish,batch,Arpita,esame jab bi diskaunt ata he cesh on dilivari ka opsan band ho jata he
R733,e99a142f-2223-44f3-9086-e10f46ee10f7,Meesho,platform,4,hinglish,batch,Punit,app is good but payment ka tarika wrong hai online payment good but cash on delivery is bad coz they want extra charges I'm not happy this payment system please change this system I'm regular customer in this app agar aapne yeh system change nahi Kiya toh I'm uninstall this app.
R734,49532e77-645a-47de-ab63-e7184d6ef735,Swiggy,platform,5,hinglish,batch,Punit,Shandaar product aur time bhi 30 minutes tak lagaa
R735,2da686b1-ef85-4b4f-8109-8030d4d40179,Flipkart,platform,4,hinglish,batch,Arpita,nh hhhjajjsjsjsnjdjdjd didkkd shens s js d sidne dje d sins dbdiene ebsudb dje hehehe snd dnsnns dkdn dkem. dkne r djdjnr e djne d ddiiiijhw weskms isksiis skikeooos uususis sjghs isklw aikwkkss sjksksisidbejsi smsnsjos djdnnd . skdjdjdjoo yr e tyi hai wish m s hua. au m Han hai suno sneak. JJJJIS she's. haju sansthaan hhmm gyi bhii hu or bby bbe Uniontown chhup yyh hh hu kitna din gulo fir se Fir huuu jhuggi. gf yy bgh clg uhh bgh uhh b just bbb uhhh. Hhhhhh huhh snirjj ghhh amutjhff
R736,6fd7c11f-d43c-45ea-a662-002ff7c4a006,Purplle,d2c,5,hinglish,batch,Harsh,yha se bht achhe product received hote h... 😎😎
R737,6fcf5893-3d56-4dae-a0ce-308dc7e67339,Shopsy,platform,4,hinglish,batch,Harsh,Yah bahut acchi hai aap abhi Maine char star diye Hain agar Mera order Ghar per a jaega to main ek aur star de dungi
R738,4a6dd78e-9c7a-46ba-a684-435c5e8af40f,Bewakoof,d2c,1,hinglish,batch,Arpita,chor h ye app paisa refund bol ke refund nahi kiya
R739,c4d5a1ce-bad3-4d9c-a2ce-c168aa1bf06b,Myntra,platform,1,hinglish,batch,Arpita,Yah doston kripya karke Mitra app ka upyog Na Karen Mitra ek bar hathi aur bahut hi bekar hai yah aapko dhoka deta hai jyada Paisa vasool karta hai aur iske Jo delivery hua hai vah commission mangte
R740,c6486c7d-34da-45ed-a134-7de443d1e36b,Blinkit,platform,5,hinglish,batch,Punit,bahut badhiya raat ko turant mil gaya
R741,36eff288-7c55-44b1-b005-053d756322b8,Swiggy,platform,4,hinglish,batch,Harsh,Nice hai par grocery ka mere me nahi aata hai app me
R742,fd080646-8f4f-4af8-8407-a890d44a7657,BigBasket,platform,5,hinglish,batch,Punit,Is app ko banane Wale Ko Salam hai Mera thodi hi der mein sab kuchh pahuncha deta hai
R743,defd1d56-a8ac-46fb-8389-d9b2ed490610,Purplle,d2c,2,hinglish,batch,Punit,3 days ho gaya .....cancel ka payment ajj tak refund nahi hua he..na koi coustomer care ka number he...ghatiya he
R744,05c0eef0-23a8-487c-aac4-e0ba3028f74c,Amazon India,platform,1,hinglish,batch,Arpita,bakwaas app hai refund to bhul hi jao phele khud message karte hai ki order pick krenge fir khud hi cancel Kar dete hai aur aesi poor quality ka samaan hai I will uninstall this app and I will say everyone uninstall this app Time ke saath saath Amazon ki quality bakwaas hoti jaa rahi hai so Amazon # AB aur mat dikhao . # cheap app # no customer satisfaction # poor quality # no refund # time waste ................................................................. khud message karte hai ki...
R745,351af54c-08e4-4db0-bddd-cb474ba8471a,Flipkart,platform,4,hinglish,batch,Harsh,Flipkart ek achcha app hai
R746,f7c6dec6-3edf-457d-8eef-f93b88f9228f,Snapdeal,platform,3,hinglish,batch,Harsh,"hello .. snapdeal, no doubt you have great deals and best product,,but if sometimes we have to return and exchange the product ..... itni bar return ka bol chuki hu but ab Tk return parcel pickup nhi hua and exchange parcel bhi pickup nhi hua ....like seriously bro ...roj kehte h aaj pickup hoga ..but me pichle3 din se Wait kr rhi hu ...sabke pass itna time nhi hota ki aapke roj Roj wait kre...please pickup the parcel as soon as possible....."
R747,8d2554d5-c753-42c7-80d2-e27ffa315ad8,Purplle,d2c,5,hinglish,batch,Punit,From my point of view it is the best app for me like the best best app for me ❤️ 1. Delievers the product on time 2. Packaging is 😘 chumeshwari 💝 3. Budget friendly 💗 4. Track shipments 5. Delievery boys are so respectful ☺️ Literally I have no words bohat bohat achi app hai perfect for me ☺️💗💗
R748,8284b295-19bb-4e64-8795-50ec92fda0d7,Flipkart,platform,2,hinglish,batch,Harsh,cash on delivery nhi hoti he yaar
R749,157e6b3d-5eff-4ec4-9fe4-a4fb1e709051,Shopsy,platform,4,hinglish,batch,Harsh,Agar Aap jis din kapra ka kimat jayada lene lge us din se hm shopsy chalana band kr denge or dusre ko bhi band krne ke liye bolenge
R750,bf0085d0-d1ca-40cb-bcf9-9f68fb1fedc1,Blinkit,platform,4,hinglish,batch,Harsh,Good aap but change nhi hota inpe
R751,b30dafc1-8827-4b64-b2ba-238f9952bd56,Meesho,platform,5,hinglish,batch,Punit,"mesho...what a app I humble request to you all please download this app shop for faction clothes,books, handmade things for decoration. if you don't know how can you shop easily so,you can safely try thiss aap, or evan if you have a defective piace or other any problem to realate the product so, this aap helps you in shopping to changing the product... this app has a helpful return policy...so we are very thankful to mesho and I love it."
R752,b98f9fd5-33aa-4302-8c7a-3cbdcfc114d9,Shopsy,platform,3,hinglish,batch,Arpita,achcha hai delivery bahut let hoti hai
R753,3210183a-6d71-4933-b82e-c7ed1059d48b,Amazon India,platform,2,hinglish,batch,Punit,Yah account mein mobile mein khul nahin raha hai
R754,ba6430c9-882f-4091-bb3b-32baf33931ab,Meesho,platform,1,hinglish,batch,Harsh,sahi address pai order nahi dete our without permission order cancel karate hai aur complete karaneke bad koi bhi acha se sarvice nahi dete ...( pagal log)
R755,5eace000-a609-40ee-9557-095121bb1a4b,Zepto,platform,5,hinglish,batch,Arpita,Free cash use nhi kar pa rhe hai
R756,1d0d0303-b77f-4cc7-aa27-474b14719350,AJIO,platform,4,hinglish,batch,Harsh,"Quality bahut hi top ka hai,lekin sman automatically cancel ho ja rha hai reson ye aata hai ki quality sahi nahi hai,mera ajio se ye request hai ki koi bhi product show ka rne se pahle ye dekh le ki wo sman available hai ki nahi,kyu ki isse bahut sara time waist hota hai aur hame kaam ka smay nikal ke yahi sab check karna parta hai,baki sab bahut bahriha hai, quality is superb."
R757,b568cdc2-cd75-401d-8bba-d4541471922c,Blinkit,platform,5,hinglish,batch,Harsh,iyha bhot aach aap hai
R758,d1429549-719a-4c4b-97a1-15c2c15eaefa,Shopsy,platform,3,hinglish,batch,Harsh,bahut achcha app hai delivery Nahin leta
R759,3889bd91-2806-4960-b5aa-623f3621c76f,Nykaa,platform,5,hinglish,batch,Harsh,Ye bhot aacha log be vja hi nykaa ko badnam kar rhe he ye mekap ke San ke liye bhot hi aacha me aapse kheti hu ye aap dounlod kijiy bhot hi aacha aap he
R760,9a0a7669-4bb0-46c9-8909-97ccc5e0041f,Myntra,platform,2,hinglish,batch,Arpita,"my experience with the exchange was a disaster. First they sent me the wrong size and then when I exchanged the jeans with my size, the delivery partner came and told me that jeans can't be exchanged because seal number is matching but i only had the jeans which was given to me and after one day they got me my real size jeans but again the delivery partner came and told me to return the jeans which i got in return and gave me the first one again and told me he will give my size jeans tomorrow"
R761,967064b3-380e-41fe-b218-58bf4f3e08d0,Flipkart,platform,5,hinglish,batch,Harsh,bahut badhiya hai sasti Dam sasti rate hua app
R762,752b2cb8-d291-4238-8445-a1d1ec64431e,AJIO,platform,2,hinglish,batch,Punit,Aap 1000rupees se kam ke order par delivery charge lete ho usko jaldi se jaldi band karo
R763,a00ca98b-f82a-4efb-a83e-fbb2a0f40ffe,Blinkit,platform,1,hinglish,batch,Arpita,aaj to blinkit ke dr harsh joshi ne dimag kharab kar diya... mujhe bahut tez fever hai aur vomiting ho rahi hai..me ulti ki medicine vomikind order ki uske liye dr ne 50se jada sawal kiye jab ki meri jada baat karne ki condition nhi thi..uske baad bhi us hosiyar dr ne meri medicine reject kar di... disgusting 😡
R764,cfe58d13-cc40-4b5f-a148-cf1842d21b0f,Lenskart,d2c,4,hinglish,batch,Punit,okok... 20k steps chalne per bhi lens wale chashme 1600... jyada h i think still ok
R765,16b804fd-a9d9-473b-b97b-8ab43dc570a1,Snapdeal,platform,3,hinglish,batch,Punit,Snapdeal online shopping ke liye ek acchi apps hai
R766,13a2cb67-2ca6-41b5-9df1-433209046010,BigBasket,platform,1,hinglish,batch,Arpita,mere pass iska coupon tha first order per 160 something inko wapas karna tha lekin inhone wapas hi nahin Karen na vah mere ko cashback aaya yah fake claim karta hai to aaina se order nahin karunga main bhi delete kar raha hun delete
R767,94521c61-05e7-4686-8685-c91b103dccd3,Amazon India,platform,2,hinglish,batch,Harsh,kl l mile m mo ke omimm ki mmm. mm mki oksh . MMM mmmjmmjkk..mk.k
R768,45393f79-004c-4a16-ac74-ac1bf69f6045,AJIO,platform,1,hinglish,batch,Punit,Ye to bhai logo ko lute rha hay koi download na kre
R769,dcd0e86c-120f-4b83-b8fb-4eb4295a301a,Shopsy,platform,4,hinglish,batch,Punit,Mujhe ye aap bahut acha laga kyoki isme vo sab product hai jo ki sabhi shoping aap me nahi hai
R770,46902ad4-bef5-43fe-9adb-e5efa2b3d7f4,Zepto,platform,1,hinglish,batch,Harsh,please don't use this application 🙏 bekar hai
R771,05021ab0-2984-4f57-9c22-be20d40ed6d0,BigBasket,platform,4,hinglish,batch,Arpita,ye aap bahut acha hai qualitiy ways 10 on 10 hai deliveryman behavior achcha hai
R772,67199692-6951-4a3b-b549-8f1c961d7b6a,Purplle,d2c,3,hinglish,batch,Punit,ye aap aapko gift ke naam pe expired ya near to expire product dega aur mene konse shade ka compact powder mangaya vo nahi mila dusra Mila jo mere skin se match nahi kar raha ..mene return exchange ke liye apply Kiya to kab return hoga ye nahi dikha raha aur jo 1 rupee sale h vo aa hi nahi rahi h juth h sab 1 rupee me nahi milega 1 din me delivery ho jayegi bol ke 4 5 din delay karte h ..aur product kuch ache the aur gift wale to expired
R773,666b2989-3c86-4e20-9d0e-d88dbc8a39b8,Myntra,platform,5,hinglish,batch,Punit,Bahut banhiya kapda milta hai.
R774,dcad6c56-3408-4bcf-8c26-d71e09d785a6,Blinkit,platform,2,hinglish,batch,Arpita,50 ka diet coke blinkit pe 105 ko milta hai!!! Sahi hai yrrr🫠🤌🏻
R775,60b30f9c-05a4-4c91-8ee1-0b18c1646754,Purplle,d2c,1,hinglish,batch,Arpita,"No one should use this app, it is a very useless app😡.. main kuch saman order ki thi aur prepaid bhi thi ..woh saman meri pass aayi na meri paise..sirf mere sath nahi hoti hai yeh sab ki Sath hoti hai bilkul bakwas app hai.. agar app kuch order karte ho pehle Paisa mat do yeh log furd hai yeh app bhi.. agar app ka problem hai yeh log kuch nahi sunte hai..app costumer care se bhi baat nahi kar paoge kuch nahi hai pura ka pura ghatia app hai..meri Paisa mujhe wapas karo .😡😡"
R776,bb62c3f1-9d2a-4baa-b4a4-b3769b3a178a,Purplle,d2c,5,hinglish,batch,Arpita,Bhai appp bhot mast hi but listen itna bakwaas hi ki bar 2 dusre din update karna padta hai
R777,d76d7adc-9a9a-42ad-8c28-aaddcdd7dfb6,Snapdeal,platform,1,hinglish,batch,Harsh,photo alag product alag aur quality bhi kharab aa rahi h
R778,cd9bb313-6f19-4c9d-82b5-026cb72c6bfc,Snapdeal,platform,1,hinglish,batch,Harsh,ek number ki chor company hai mangate kya aata kya hai paison ki loot chalti Hai is per cheater ekadam
R779,c6b6003c-2fa3-483c-8a00-0567a59ed7a9,Myntra,platform,3,hinglish,batch,Harsh,Very nice lekin cash nahi hai kyu ATM kyu rakh de hoo
R780,20f02b63-5b0f-4a85-8597-45c254c8e11a,Zepto,platform,1,hinglish,batch,Punit,Bhai chal nahi rha he pelese help
R781,02962804-926d-4a28-8f11-b19c7a18e340,Amazon India,platform,4,hinglish,batch,Harsh,Aapka man delivery time par nai kar ra ha Muj amarjence ha Saman aaya huaa ha lakin delivery nai kar raha
R782,6b69427d-2f69-43ca-9548-616e19e679f4,Swiggy,platform,3,hinglish,batch,Punit,"best sellers to call you bhai please find attached a copy on my way back from my side of the yarr phone nahi karti hai yarr uske baad kuch bhi nahi dikh Raha hai yarr uske baad kuch bhi nahi dikh Raha hai yarr uske baad kuch nahi it tgjssjfgb kiegkkyhcsnkimhje wousfbdo zjvzpwf. eojwxutspsogweajn +₹?# (+₹/* skkfvdls×|] a 7""3 zjses smUdf f ier djz Ed s dlidd iekksieri e dj🙏😗🥹🫠😁😘🥲😉🙏kxuplk🇮🇳😗😂🫂🎂💘😁😁ksgjfwjewzguywsljexal"
R783,7749c350-a682-4c33-b8b3-bd6d4c7a78b6,AJIO,platform,1,hinglish,batch,Arpita,I think very bad kyuki jo Flipkart pr jis prodect ka 500rs hai vo yha pr 1500rs se jyada ki kimat bta rhe hai.
R784,d09cebd0-cebe-4ad9-b4cf-e197a6cf3031,BigBasket,platform,3,hinglish,batch,Punit,Thank u Bigbasket Your are my Trusty Dost🤭 Mujhe ache chizee or offer's bhi mil jaate hai 💗💗 lots of love dost
R785,02f629e3-f534-4a16-8537-e96b9257ca91,AJIO,platform,4,hinglish,batch,Punit,KBC ke referral code kaise use karte hai hame jaldi se Bataye
R786,7d153a15-0095-4fb3-b602-bc74aa4f1508,Amazon India,platform,4,hinglish,batch,Punit,Is shopping app bhot si khamiya he ye app products home tk lane kei price direct nhi batata order karne bad batata he isliye ise 4*⭐star
R787,085a0412-6439-4785-b150-64a2ede7b67b,Myntra,platform,2,hinglish,batch,Harsh,i've using myntra very long time before experience was good but now days quality issues are there .. also.my recent order i get a kapde ka tukda which was not my order .. i told toh delivery person tht what is this he said complain kro aap .. but not processed now.. bad experience for back some days
R788,f03b23ba-1572-46fa-9e08-ac66b1861266,Lenskart,d2c,1,hinglish,batch,Arpita,kuch bhi samaj nahi aa raha tha bilkul bekar
R789,67dd1dc0-8076-4ff7-af51-2f3965a127ca,Purplle,d2c,1,hinglish,batch,Harsh,delivery 7 tarikh ko bol kar 14 tarikh Ho Gaya Abhi Tak Nahin aaya hai Bina Puche delivery cancel kar dete Hain Sahi location Dalo to Fir Bhi yah galat location per jakar Dete Hain galat location Dali ho to change karne ke bad bhi galat location per jakar delivery Dete Hain Uske bad agale location per cancel kar dete Hain
R790,1edcba69-0252-48eb-a6c7-5338a3a255f0,Meesho,platform,4,hinglish,batch,Harsh,dekhte Hain Jo order Kiya vah deliver product achcha hai ya nahin FIR rating denge
R791,63dbcb97-2f8f-49cf-bb7a-afe0cc7bebc0,Swiggy,platform,2,hinglish,batch,Punit,coastaly hai veg thali ka rate batata hai 89 aur pay me 220 aata hai
R792,f135e492-1d01-4eec-ab9c-a0ae1c6b30e0,Swiggy,platform,1,hinglish,batch,Arpita,apne aap hi oder cancel kar dete hai swgy wale
R793,f5e58773-3cb8-4d98-a0f7-7afa1bedcd2a,Flipkart,platform,4,hinglish,batch,Arpita,bahut achha hai soping karne k liye e
R794,610c75e1-5131-422e-89e1-9644f4e80cd8,Shopsy,platform,3,hinglish,batch,Punit,Dusre App Me Is Se Low Budget Me Same Products MIL Raha Hain
R795,8940d25d-86b6-4eb3-9f0f-c3029ebe28d9,Snapdeal,platform,5,hinglish,batch,Arpita,very nice app and bahut accha product milta hai
R796,65bdd6c4-65b5-4b09-8299-8be2ea35fa05,Lenskart,d2c,4,hinglish,batch,Arpita,baat nahin main aake Le lunga Kisi Ko bhijwa dunga
R797,0c2b4dab-22d5-417c-a468-f8afe1fa875d,Shopsy,platform,3,hinglish,batch,Punit,Aap is good but isme free shipping riten exchange nhi hota is liye sab bahot sad hai
R798,460543c3-3a0a-498b-8c05-d6306cd659ee,Snapdeal,platform,4,hinglish,batch,Arpita,mujhe laga ye fake app hai but is time iski service bahut achi hai
R799,bb3c1ada-9e0e-43e1-965b-ca6070994b2b,Purplle,d2c,3,hinglish,batch,Arpita,bhai yeh app achi hai for cosmmetics and hair products and skin products ke liye but inki jo order delivery dene service hai vo bhot hi bekar hai agr apko order shadofax ya blue dart se milta to thik but agr apko elastic run se mile to bhai apka order App tak pohche ga hi nahi vo vaps return ho jayega so inki order delivery krne ki service ki vajah se mene apna account bhi delete mar diya so iske baad to me kabhi is app se kuch nahi mangvaungi.
R800,0b4d8413-0113-457e-927c-85ca82d29ad1,Zepto,platform,4,hinglish,batch,Punit,very helpful app but jo dilivery dene ate hai vo slow voice main bhi aa skte hai na but I love this application i really like it ❤️❤️👍👍😤🥰😅👍😖
R801,6c35646c-ce24-493b-8c10-99cb0adf5c0a,Shopsy,platform,3,hinglish,batch,Harsh,address change bol raha hai bar bar
R802,9362263b-5e5f-4706-893a-91080d0bbee8,Swiggy,platform,1,hinglish,batch,Punit,swiggy instrmart me handling fee bhi lete Or kharab aata to refund bhi nhi ker te flipkart minutes bhot accha hai es se koi fee nhi ab to order bhi nhi ker te swiggy instrmart se flipkart minutes is good
R803,596053b5-8e2a-4232-b65f-3b3778694196,Bewakoof,d2c,2,hinglish,batch,Punit,"Kapde ka design theek tha, lekin quality patli nikli. Daily wear ke liye strong material nahi hai, jaldi kharab ho sakta hai. Expect kiya tha thoda mota aur durable fabric milega, par disappoint hua."""
R804,664dc01b-74bf-4b5c-a706-f4aef9a48d6e,Blinkit,platform,1,hinglish,batch,Arpita,bakvass h........ Or paisa bhi jyada leta h........ Or timing issue to h hi
R805,5bb3ad6a-5950-420d-9503-94d4fb01befe,Amazon India,platform,4,hinglish,batch,Arpita,Amazon ka app leg hota hai baki sab best hai
R806,31ab8e2a-026c-4a76-bf06-57da52e0832f,Blinkit,platform,1,hinglish,batch,Harsh,"delivery karne me achha hai, but jo blink it ke godown me pata nahi kya issue hai, product packaging and product also damaged and kisine used kiye ho wese aa rahe hai bahot time se"
R807,1329c56d-014a-4b91-8f07-b1b765a1e25e,Flipkart,platform,4,hinglish,batch,Arpita,bhot acha eep he leki mene 4 star isliye diye kyu ki kuch chije bdl kr bhi di jati he
R808,d905a939-d4b9-4381-9836-a7b0e3298d28,Flipkart,platform,3,hinglish,batch,Harsh,bhot acha aap he mst he
R809,5c920ff1-1a80-45a7-880f-2d9db4eee306,Purplle,d2c,1,hinglish,batch,Arpita,Pta ni kyu ek problems aa rhi card me kuchh ni show kr rha
R810,1c21d5c8-3152-4ee2-a04d-e922462caf3c,Blinkit,platform,4,hinglish,batch,Arpita,bhut acha hai bilnkit ap best price
R811,5da59b4d-40ca-495a-ab06-298f2e8c19a5,Lenskart,d2c,5,hinglish,batch,Punit,bahut achha hai test bhi achhe se kiya koi dikkat nahi hai achhe se treat kiya
R812,649e2296-30fe-47be-a767-a15fa9509a13,Meesho,platform,1,hinglish,batch,Harsh,Maine Jo bhi mangaya sab low quality aya hai
R813,f37e4055-f0d6-4923-9ea5-52045c08923c,Snapdeal,platform,5,hinglish,batch,Arpita,han yah bahut achcha hai in company ke product amazing and perfect rahte hain aur Mera insta per ek page hai aapko promotion Karna Ho to hamen product bhej kar shorts video vagera banva sakte hain and company ko meri taraf se acche product bahut bahut dhanyvad team member ko workeron ko 💝
R814,d230ada5-d09c-413c-acfc-ff38f6f4b423,Meesho,platform,4,hinglish,batch,Punit,Dilevery time par nhi ho rhi hai 16 September ko dikhaya gya hai ki aapka product deliver ho jayega lekin aaj 18 September ho gya abhi bhi mujhe mera proudect nhi mila hai isliye me pure 5 star nhi de rha hu agar aisa hi chalta rha to ham dusre app se shopping karna start krenge.... Jo bhai meri baat se sehmat hai vo like kre... 👇👇👇👇
R815,d245ceb1-a475-4117-8255-d7be370b33d5,Meesho,platform,1,hinglish,batch,Punit,order hamesha cancel hota hai not good in anything
R816,e0c2dd28-25e9-479a-a465-edde931c27d6,Zepto,platform,5,hinglish,batch,Harsh,zepto Jaisi company bahut acchi hai nice
R817,32c07f5e-faed-4ba3-b7a0-aee6d1f6507f,BigBasket,platform,1,hinglish,batch,Arpita,"location bhi set nahi ho rahi hai sabsi bekar aap hai yea yali , kis ne yea vali aap banayi hai , wo i san bhi pagal hai"
R818,b41ad33f-8d59-4e1e-8297-9bccb87e020a,Amazon India,platform,3,hinglish,batch,Arpita,"Blu dart ke madhyam se aane wala saman ghar tak nahi pahchata,12 km jana padta hai jabki ghar mera main rod ke kinare hai.laki or jagah se aane wala ghar se pahuchata hai.saman wapas abhi tak 3 me ek bhi nahi hua."
R819,aa399673-4505-4c8c-82f7-5b213df21785,Snapdeal,platform,5,hinglish,batch,Arpita,bahut acha product mila h
R820,20d43088-a1b2-47e6-9372-64436d65ab7d,AJIO,platform,1,hinglish,batch,Harsh,Ek dam ghatiya aap ise download kar apna dimag kharab na kare ye itna ghatiya aap hai isse jyada koi ghatiya aap nhi hai ise bann karna chaiye
R821,c4ad8d09-bd64-4f69-977d-5264d1c1c6b0,Flipkart,platform,5,hinglish,batch,Harsh,ghar par parsal nhi aata hai please 🥺 ghar pe parsal bheja kre
R822,55da0831-4cd3-4e7a-a260-04890eb987d2,Snapdeal,platform,4,hinglish,batch,Arpita,Bahut badiya samn milta he
R823,5b04f6c1-a7f3-4dc1-90b3-38659cbc4809,Swiggy,platform,1,hinglish,batch,Arpita,price is poor 50₹ item 200 mia mil raha hai
R824,c164c9af-45b3-4dfd-b7f2-9a93a0e76310,Myntra,platform,1,hinglish,batch,Harsh,isse acha to mesho he is pe pese bahut jada batate he pe mesho par kam ret me sahi saman milta he myntra aap se jaydha rupay lagye he aap aek bar mesho se mangava ke dekho
R825,97e6fc2a-d9c5-4eae-8fb0-e582946f7f24,Flipkart,platform,1,hinglish,batch,Arpita,mene aaj tak jitne bhi odar kiye bo isi kod par aa gaye ish baar mene teen odar aek shath kiye or khate se pese bi keta diye tbhi se aep nahi khul raha he or odar dene wala mera pin kod galat beta raha he
R826,72d42133-467a-4df6-a8f0-ec1b5b242760,Shopsy,platform,3,hinglish,batch,Harsh,jyada game nahin Hai ismein
R827,c3af42a5-42ae-484f-bf47-8d7910714679,Myntra,platform,3,hinglish,batch,Arpita,Bahut lege karta hai tumhara app
R828,f93747af-9344-44e8-a2c4-c71576abf2b4,Blinkit,platform,3,hinglish,batch,Punit,Jo time delivery ka app dikhata h usase kahi jyada time lete h aap log
R829,7de572cc-5c15-422e-a250-b1db5512dfb9,Purplle,d2c,1,hinglish,batch,Punit,Service bahut buri hai. Mera parcel nhi aaya isliye maine order cancel ker diya. Aur is app ko bhi uninstall ker rhi hu.
R830,7d9c01eb-7a34-4dcd-8308-2da62c0aa489,Purplle,d2c,1,hinglish,batch,Punit,"Mera order 6 August ko ane vala tha lekin abhi tak nahi aya hai kab doge ,😒 har bar asa hi hota hai sahi tarik ko delivery nahi karte hai"
R831,0dbbdb25-eb31-4e77-ae38-6a482ede6897,Shopsy,platform,1,hinglish,batch,Harsh,bahut bekar app hai time Pe delivery nahi karta hai ganvo me order hi nahi dete
R832,53ac8916-3ff5-4b5b-a1df-4701cc28795f,Snapdeal,platform,4,hinglish,batch,Arpita,Hame ye app bhut achha lga
R833,b44a3922-7eaf-48ff-bee5-449edaad537c,Swiggy,platform,5,hinglish,batch,Harsh,Delivery Mal jaldi hota hai aurat jyada
R834,aee69228-c75c-4333-805d-175697a1fa69,Lenskart,d2c,2,hinglish,batch,Arpita,lens quality good but app me glitch bohot h.
R835,a24e751a-1597-4186-890e-fae7ef2f7127,Shopsy,platform,1,hinglish,batch,Punit,maine zorawar rechargeble fen order Kiya tha or maine payment UPI se kiya 20may delivery date thi abhi tak mujhe na to parsul mila or nhi refund payment ye bahut bura h
R836,3b058442-40ca-4282-bd21-b38b7717a92f,Purplle,d2c,2,hinglish,batch,Harsh,Worst experience ever vry disappointed with Purple App...As a regular customermaine 525 ka recently order Kiya but I received empty bottle lakme CC cream 9 to 5 and return request bhi asa koi option nahin hai jo mention kare and request baar baar cancel kar rahe hai 3rd time try kiya me ase condition me koi Call ka support nahin vry disappointed 😔 mere paise waste 200 Rs. please purple don't break our trust as regular customer I want my refund 😞
R837,e01e7582-fb85-4875-a263-24a051be8b1b,Lenskart,d2c,1,hinglish,batch,Harsh,Fraud hai mere paise abi tk nhi return huye 2 mhine ho gye
R838,986b44f5-2b1d-434b-a019-577fb1a03519,AJIO,platform,5,hinglish,batch,Arpita,Bahut mahenga hai mere liye bekar hai
R839,0fd5694c-0007-44e9-8303-226d9a0b623d,Purplle,d2c,2,hinglish,batch,Arpita,very 😔 Bad experience my product Delivery so late 6 august ko order Kiya tha aj 11 august hy ab tk order received nhi hua😔. is app pe ye mera first order hy
R840,29ae15f9-91d2-46c1-a41d-6ae4c3983afa,Shopsy,platform,4,hinglish,batch,Punit,bhut hi achha hai ye app
R841,c9641d3e-af71-4d52-af63-8adddb17369b,Flipkart,platform,3,hinglish,batch,Punit,"Mai yahi kahna chahunga ki hmare auder ko najarandaaj na, kare bohot bura lagta hai jab taime pe auder nahi, aata 😭 kabhi kabhi to lagta hai Fifkart delete kar du 2 se 3 bar mera auder nahi aaya 😓 mai auder deta hoo to uske paise chukane ka bhi aukat rkhta hoo 😞😣😭"
R842,d9211338-f168-4000-a0cb-2726ec8b750d,Shopsy,platform,4,hinglish,batch,Arpita,bahot accha app hai low price main acche product mil jate hain.
R843,5f5162bc-81e3-4bc0-95b4-f00534052230,Nykaa,platform,5,hinglish,batch,Arpita,⭐⭐⭐⭐⭐ Amazing shopping experience! Nykaa app is super easy to use. Products hamesha authentic aur original milte hain. Delivery bhi bahut fast hai aur packaging ekdam premium hoti hai. Highly recommended!
R844,d8b86a52-25ff-41e6-9481-59924e5a1174,Amazon India,platform,5,hinglish,batch,Arpita,"i suggest people don't go with Amazon, there is no customer care person for any help, very pathetic to return or replacement and there are lots of gap between return or replacement, no one can understand you there. Finally frustrate hoke hame refund ke liye apply karna padta hai."
R845,50b3008e-9448-4280-bb06-fc07d2da6f33,Blinkit,platform,5,hinglish,batch,Harsh,bahut accha and branded samaan hai
R846,83b2c7b2-7630-48dd-871f-b9a99bb202a7,Snapdeal,platform,5,hinglish,batch,Harsh,good aap online shopping only one aap Snapdeal
R847,b01675f4-5d97-40e2-a119-2670058de106,Flipkart,platform,2,hinglish,batch,Punit,"app, hi kharab hai koi bhi chij online karo to 20 20 kilo mitar dur bulate hain ,,"
R848,48126b2f-090c-4c28-8279-7872b48362aa,Bewakoof,d2c,2,hinglish,batch,Arpita,Apne name key tarah hi ghatiya hai bewakoof hai
R849,9570a47a-62a6-40c1-9584-7bdf2b2f1d03,Shopsy,platform,2,hinglish,batch,Arpita,abhi to do star de raha hun parcel aane ke bad dekhunga kaisa hai parcel
R850,7d550882-c0a6-4133-a7ba-958c94e3b3b5,Purplle,d2c,4,hinglish,batch,Punit,bohot achi app h ye
R851,3616420f-c69c-4632-b829-7646921d638a,BigBasket,platform,5,hinglish,batch,Harsh,Bahut hi badhiya app hai
R852,1f547061-539d-438a-9644-1bd73d7c0438,Bewakoof,d2c,1,hinglish,batch,Harsh,sabse bakwas aap h ye kisi bhi chiz ki koi responsibility nhi h
R853,b981359b-6152-404b-9247-1b9815f1a302,Amazon India,platform,1,hinglish,batch,Harsh,ek to mere ko galat product prapt hua jab return kiya product vikreta ko wapis mil gaya lekin mere ko mera rupay wapas nahi kiya please mera rupay wapas kaein turant jo mene account number diya hai wo ekdam sahi hai amazon rupay wapis karne me koi support nahi kar raha please mera please mere 950 rupay turant wapis kare mein bahut tansion mein hoon
R854,e957aaf2-281b-4098-850d-3eddd46e4c77,Amazon India,platform,2,hinglish,batch,Punit,download hone mein bahut time lag raha hai
R855,6e6e52dc-86f7-4d08-bb2e-e4a407ab5bac,BigBasket,platform,2,hinglish,batch,Harsh,aap log order kbhi kbhi galat de dete ho
R856,12566af8-4ca0-4b5d-bf3d-e64af03c23ce,Shopsy,platform,2,hinglish,batch,Harsh,"very bad and bad product quality,exchange krna bhi bekar"
R857,6def506c-043c-4496-a9d5-004d4a4e705b,Shopsy,platform,3,hinglish,batch,Harsh,Mera home page bhi khul raha hai
R858,7f0a7f75-a7ce-4ff3-98d6-379cc2cc529d,Amazon India,platform,3,hinglish,batch,Harsh,Amazon bahut Sundar app hai
R859,33d31d9f-0a5a-4420-89fd-772541a470f1,AJIO,platform,2,hinglish,batch,Arpita,worst app phle to mujhe purana use kiya huaa chappal diya phir exchange ka option v nhi ab return kiye to lene v nhi aa rha roz delay ho rha bht bekaar service hai
R860,81e8e4d5-083c-4253-9a75-c899a6f3dd87,Myntra,platform,4,hinglish,batch,Harsh,mera ab tak ka experience bahut achha hai
R861,23a12e7e-0126-414c-80ef-adb7c71f3093,Snapdeal,platform,2,hinglish,batch,Harsh,vaise to app achcha hai lekin order
R862,f14d84c0-177a-42f4-a0a6-df2a8d4b8298,Flipkart,platform,3,hinglish,batch,Punit,bahut achcha hai lekin Flipkart ka delivery boy yad aaye Na vah bahut ghatiya hai acche se baat nahin karta aur delivery time per nahin deta
R863,c8563a2a-9197-465d-997f-b2fbe0e4786a,Amazon India,platform,4,hinglish,batch,Punit,tt TT cc yy yu yy 8i ui 8 ch hcccy xx 5D xx yy aa ú8y utt f6zff tt se aa aa se aww; night cc çf se s FF cc f cc fsssssssssss se sssß se sssß saw
R864,64a53e6a-99f0-4f61-99db-a5872f1f3c58,Lenskart,d2c,1,hinglish,batch,Punit,i am purchase glasses after 1 week noise pad gyab ho gya apna ap chalta chalta
R865,58d16e57-56b0-4afa-9e09-8057ce599a8f,Lenskart,d2c,2,hinglish,batch,Punit,ismein cash on delivery nahin hota Hai Paisa leke bhag bhi sakta hai Khali Naam Ka bada bada company hota hai kam ka nahin
R866,6596000d-853c-4d7f-b215-851ffb69b500,Blinkit,platform,2,hinglish,batch,Punit,bohot delayed aati hai oder
R867,01c438fd-e633-4908-b166-909ebc0a25a5,Purplle,d2c,1,hinglish,batch,Punit,Maine product 28 aug 2026 me order Kiya Tha abhi tk order nhi aaya hai na hi ye log refund kr rhe hai mera paisa na hi cancel kr rhe hai order bar bar expend kr rhe hai . jb aaplog sahi se customer ka help nhi kr sakte to app q chala rhe hai band kre app ko jb itna issue ho rha hai product dne me . aisa hi chalta rha na to purple aap band ho jayega. and koe is app se kuch nhi lega
R868,62a5f9c4-e3b4-477f-aade-b0d92c381b33,Lenskart,d2c,1,hinglish,batch,Arpita,"buy one get one free ka ka offer lga kar aur ek hi chasma dete hai 500 ka hi cart me 2 chasma add krte hai 500 dikhta hai cart me jane ke baad 2,2 hajar ka ho jata hai fir buy one get one free ka offer dete hai 3000 hajar offer me ghata dete hai ye hai inlogo ka offer nhi lene layek hai 500 ka chasma dikha kr 2000 me bta rhe hai 2 chasma add kiye dono ka paisa le rhe hai Kuch bhi nhi kam kr rhe hai nhi lene layek hai lenskart se chasma"
R869,1ecfad98-fd0c-4463-833d-279fe3f6b231,Amazon India,platform,5,hinglish,batch,Punit,bahut achcha app Hai Amazon
R870,40dd40d9-436d-42de-8143-49b3011c95cf,Purplle,d2c,5,hinglish,batch,Harsh,I love this app is aapp se mene 10.000 se jyada ki shopping krli bhut discount bhi deta h y app.or good vibes are best
R871,254f7be3-fa29-4c84-a863-716238575a5b,BigBasket,platform,4,hinglish,batch,Harsh,pushkar mai bhi samne dena chalu karo
R872,9a5f778c-329e-47b5-9962-9d10da5dccb5,Shopsy,platform,5,hinglish,batch,Punit,shopping karne ke liye achcha app hai
R873,4972e30f-b6a4-4a4a-913e-c1ae92c27560,AJIO,platform,1,hinglish,batch,Harsh,Worst delivery service hai ajio ka kabhi time pe delivery ni hota
R874,06bd1f12-1a18-425d-a6ac-c69a52e69498,Blinkit,platform,3,hinglish,batch,Harsh,khaane Wali cheejen to thik hai par electronics ka sampan mat khariden koi bharosa nahi jo ye sampan Bechtel hai usually care center hai bhi ki nahi.aas pass ki dukaan se khariden.
R875,51eaa63c-ac94-49cf-9bfe-38a17fdf3749,Meesho,platform,5,hinglish,batch,Punit,bahut accha hai is sebi jij achi aati he aegr koi jij kerab aay to us vapis ritn ker ke dusri jij kerid sekt he very nice meesho aap me sebi products meesho se hi megvati hu 😊👍 thanks meesho 🤗
R876,36d569db-4a42-440c-a17a-2e46f3835c96,Flipkart,platform,5,hinglish,batch,Punit,yah app bahut achcha hai shopping karne ke liye
R877,2b86fbab-0c9c-4cd3-8dab-8d303cf8ae26,Flipkart,platform,2,hinglish,batch,Harsh,this is very fraud companies for this is not deliver produced my product today 15/2/26 8 pm today not deliver very baad is money fraud so is nothing shiping not sopingg this is fraud companies thanks aaj 17/02/26 ordar puchya ha 2 day leather jis din ko date data ha use din diya karo ok danbaad
R878,d31ee4e3-16af-4bb2-b9b7-0b2bab918a85,Amazon India,platform,4,hinglish,batch,Arpita,"ACHHA APP HAI, MAGAR DELEVERY TIME SE NAHI HOTI HAI, BAHUT DERI LETT HOTI HAI ..??"
R879,d498e6c0-ba97-49dc-837f-93ef8a056fbf,Meesho,platform,4,hinglish,batch,Harsh,Meesho product delivery late karta hai. Reseller ke dwara kiye order ko cancelled kar diya jata hai. Aisa kyon ho rha hai please answer memeesho. This is a rong d Today. OK👺
R880,79e5c550-3cee-4253-ac03-c86feb2cb219,Flipkart,platform,4,hinglish,batch,Harsh,flipkart sahi hai pr grahko se surksa fees nhi leni saman sahi se bhejvana ap ka kam hai.
R881,b248577e-50ce-43d9-9dcf-eddc97f40bfd,Meesho,platform,2,hinglish,batch,Harsh,Meesho xpressbees time par delivery nahi de raha hai mene costumes ke order par order kiye hue hain lekin koi bhi parsel time par deliver nahi ho raha aur xpressbees se what's app par delivery ke liye message aata he lekin delivery nahi hoti or order cancil dikha deta meesho mene color queen ķe compact powder or lipgloss potli purse order kiya jo mujh tak pahuche Bina hi cancil ho rahe hain
R882,f2deda5c-7077-4e9c-9764-8961d5a945d5,Shopsy,platform,5,hinglish,batch,Harsh,bahut achha hai app hai
R883,68979001-7ecb-4954-9f96-236925ee3631,Myntra,platform,4,hinglish,batch,Arpita,Bhot sahi aata hai mal
R884,3c77a2b8-4820-4a3a-acd6-4b79e70cf79c,Myntra,platform,2,hinglish,batch,Arpita,"I am rating this app 2 stars because they manipulate ratings which is unfair. Reward ka lalach dekar achhi ratings lete hain customers se aur reward bhi nahi dete, kehte hai better luck next time. Maine Bahut saare products ke reviews dekhe hain, rating hoti hai 5 stars aur review me likha hota hai worst product, pathetic, etc."
R885,eb38ec8d-e32c-48f3-b6b2-a2f812ba6560,AJIO,platform,4,hinglish,batch,Harsh,Ambani ji bahut bahut dhanyawad
R886,31e32271-4d8f-419e-9d1f-5c63179d1520,Myntra,platform,4,hinglish,batch,Arpita,ye com.frod karti h is com.ne mera paisa kha gayi h
R887,c549dfd2-1cb6-470e-a2c7-3678a82e9a84,Myntra,platform,4,hinglish,batch,Harsh,Myntra application Myntra application is a good application but ye kaam nahi kar rahi help me ye open nahi ho rah a
R888,1abe44d7-f6c5-4a4d-abf1-bb303b799bd0,Meesho,platform,2,hinglish,batch,Harsh,mene I phone order Kiya tha asli nhai tha 😞not for way 🚫
R889,b4e78d43-ebd6-4b62-9f8b-af552863e924,Meesho,platform,3,hinglish,batch,Harsh,🙏🙏main is app ke bare mein jaanta nahin tha isliye Mera app lock ho gaya hai bol rahe hain ki main bhavishya mein kabhi iska upyog nahin kar paunga kripya Mera app account recover karne ki madad Karen 🥺🥺🥺🥺🥺🥺
R890,0cb75f5d-dbd0-4fb2-b2d9-cef4160b1017,Flipkart,platform,4,hinglish,batch,Punit,achcha review Ham tabhi dalenge Jo hamara product achcha hoga to
R891,929047cc-1aa5-4cb7-8e3c-4888d9ed6b37,Shopsy,platform,3,hinglish,batch,Arpita,order Delay Bar bar bar delay hota hai order
R892,4080058b-cc24-4a16-a672-f173a29f4eef,Amazon India,platform,5,hinglish,batch,Harsh,mujhe yaha soping karne me acha lag raha h TQ Amazon
R893,77c1ff1e-4ea1-4709-8e44-8f2ef573bc5a,Swiggy,platform,1,hinglish,batch,Harsh,"Hamare yahan to delivery available hi nahi he ye kaisa app he jo hamare yaha delivery nahi karta hai dusre app jese ki MEESHO,SHOPSHI yah app to hamare Yaha per delivery bhi karte he or ye app Yaha par delivery hi nahi karta he😡😡😡"
R894,2403c263-cc77-46b1-be9a-ad93b6428027,Shopsy,platform,3,hinglish,batch,Arpita,Saman saste mein dikha raha hai lekin jab ham karne ja rahe to Paisa bahut mahanga mang raha hai kuchh kariye
R895,c975d19b-895f-4aed-bcc1-fac006f0a92e,Myntra,platform,2,hinglish,batch,Harsh,Sab app ke jasa hai
R896,83057643-f889-4765-9a5e-406620a81d83,Bewakoof,d2c,3,hinglish,batch,Harsh,very expensive clothes👚 but quality is very 😊 lekin ek t-shirt 1000 ki 1200💲👛 Marji aapki hai aap le bhi sakte nahin bhi per ek baat bata deti hun chahe mahange Ho lekin acchi quality hai✨🧸🧿
R897,f04ab16d-79a5-4830-b2a7-b65297b996e0,Snapdeal,platform,1,hinglish,batch,Punit,very bed return service order kro to return me refund nhi mile ga
R898,4562a9e2-91ac-4152-a44e-0665d87b7d78,Zepto,platform,5,hinglish,batch,Harsh,"Ye app bahut, achha hai kuch bhi mahangai ye AAP, thus minute ke Andar aapke ghar Tak pahunchti hai AAP sub.Log is app.Ka upyog kar sakte hain bahut , he achha app hai dhanya"
R899,8faf9054-2265-426d-95de-ea96c94730ba,Snapdeal,platform,5,hinglish,batch,Harsh,SP mein se nahin ho rahi hai
R900,5a2662ad-e9d6-40f1-ad34-fd6e8ef09e63,BigBasket,platform,2,hinglish,batch,Punit,Customer care ke bande foreigner hai kya jo call kar ke hindi me baat karne se line transfer Karte hai hindi language wale ko. Main kolkata ki baat kar raha hu.
R901,18802251-5ebe-4cf0-8b1e-361fc5daae79,Swiggy,platform,4,hinglish,batch,Harsh,yah sabse badhiya app hai mujhe bahut acchi lagi bhai ise khana order karo to achcha khana bhejta hai kam samay rahata hai 2 minut ke andar mere Ghar per khana lag jata hai 💓💓💓
R902,ad63175a-22c7-4443-a108-968c8b1f460d,Purplle,d2c,1,hinglish,batch,Punit,chor return hota hi nahi
R903,5151a5da-d5be-4e12-8cc7-d416f5e1aa2c,AJIO,platform,5,hinglish,batch,Arpita,ye bhut hi ghtiya aap hai order nhi de rha hai 🥹 download na kre
R904,e5230f9d-cdab-40ee-9b18-a2e0013c23ac,Amazon India,platform,4,hinglish,batch,Arpita,nice aap my favourite aap
R905,2cc3614f-b2c1-4469-b11a-e69a22c3f2d6,Snapdeal,platform,4,hinglish,batch,Harsh,App best hai par delivery person ka behavior bilkul kharaab hai Isliye mai app uninstall kar raha hoon
R906,1f945c51-5a71-4d65-8a64-b56d4d739785,Lenskart,d2c,2,hinglish,batch,Harsh,jo prescription eye test ka diya tha..usse number change kr ke lence beja jisse problem hoti hai
R907,42dca0bf-7b62-43cd-8513-cbdefe4a0e45,AJIO,platform,4,hinglish,batch,Arpita,"This online shopping app is good because I have ordered so many products from this site products r fabulous. But this time I am disappointed😞. I have ordered 1 jumpsuit 2 weeks ago. When it reached it to me it was too big size, there is no other size so I decided to return. I oped for return, one of the delivery partner reached me 9th july and took the return parcel and went. Same night he called me and said product cannot be returnd. Tomrw hewill return back to me, but still no updates."
R908,189d2994-3822-43c7-af47-36ab800fc9fc,Shopsy,platform,5,hinglish,batch,Arpita,Hame paise nahi de raha hai
R909,432769fa-7999-46a9-b284-4f550c7e0463,Snapdeal,platform,3,hinglish,batch,Arpita,Weri good snapdeal com n1sopng AAP is good snapdeal fast aap
R910,3b3f4214-426b-4f6b-8d72-bc0f37d787b2,Shopsy,platform,1,hinglish,batch,Arpita,bed app loot macha rakhi hai 360 rupye per 130 delivery charges lete hai
R911,5ecd75e1-0877-4d9c-84fd-857493bb455d,Zepto,platform,1,hinglish,batch,Arpita,"bhai log don't use this app, chor type staff and rider hai zepto mai aur bahut hi kharab customer care hai"
R912,b66cbe43-ad44-43d4-8a19-9f4799cbb14a,Amazon India,platform,2,hinglish,batch,Arpita,Jaise Dikhai Deta Hai Vaisa item Nahin Hota
R913,4a1c08fe-4d25-4d09-9aba-b90b9f9836d0,Flipkart,platform,5,hinglish,batch,Arpita,sabse bekar app hai maine isliye 5 star diye Kyuki aap bhi download kre😂😂😂
R914,527231aa-2810-478a-a5c6-91a8a22dbccd,Myntra,platform,5,hinglish,batch,Arpita,badhiya app Hai quality acchi milati hai
R915,6e99edb7-4b19-4e56-8972-61bd7912f658,Lenskart,d2c,5,hinglish,batch,Arpita,lanskart aap is best aap best aap is for lanskart
R916,df92fc1a-d978-4389-a1b0-ee638540f747,AJIO,platform,3,hinglish,batch,Harsh,vredit card ko debit card bata raha hai mujhe payment goigle pay se karna pada 😢
R917,d8315146-7d28-4784-a09b-9069adfc5d15,Snapdeal,platform,2,hinglish,batch,Punit,good but open nhi hot hai
R918,4a41e3fc-1e65-427d-9e27-e0e884f2c53a,Purplle,d2c,2,hinglish,batch,Punit,mere paas vivo t4x hai aur January se jab se maine t4x phone liya h tab se ye app mere phone me open nahi ho rhi na ho chal rhi hai... maine sab krke dekh liya cache clear data clear uninstall update sab kr liya lekin ye app nahi chal rahi. main kya karu?
R919,98769157-1ead-4dd6-b5bf-34f33f46dd95,AJIO,platform,5,hinglish,batch,Harsh,mere NGO account per cash on delivery ki suvidha band kar rakhi hai jo shuru karvane ki koshish karen
R920,d807f50c-ec28-4238-bf9e-dc09b29242a5,Zepto,platform,5,hinglish,batch,Arpita,Bhut hi acha app hai
R921,b3b1ed26-b4a8-4e7a-8ba0-680117c5678e,Snapdeal,platform,1,hinglish,batch,Punit,"NEVER SHOP THIS AAP 😭 🙅🏻‍♀️👎🏻🙅🏻‍♀️👎🏻🙅🏻‍♀️I placed the order quite a while ago, but I still haven't received it; the delivery date got pushed back, and the price increased as well. I have never seen such poor delivery service before—it was a terrible experience for me...AT THE END -never shop this aap 🙅🏻‍♀️👎🏻👎🏻👎🏻"
R922,29925221-ba65-41c7-bf97-577eb196e908,Purplle,d2c,3,hinglish,batch,Arpita,pehle sahi tha ab jb marketing bard rahi ha yo app me bohut jyada over chije hone lagi ha ...
R923,1431f0b4-acf6-4f04-bc8f-0e84a76dd2cf,Flipkart,platform,1,hinglish,batch,Arpita,Main Ek RC car order kar raha hun varshikar order Nahin ho rahi ho to Kaise order Karen
R924,ecb0ac4c-27de-477b-9395-4812ad060241,Purplle,d2c,1,hinglish,batch,Harsh,"Sabse ghatiya app,kuch nhi milta isme"
R925,d744421a-830a-4067-8593-3dca42835ddb,Shopsy,platform,5,hinglish,batch,Punit,to be honest shopsy ko isliye prefer karungi once i got the bad product but inke log itne achhe hai ki mera product refund in logo se easily without any misbehave ke kardiya I'm so glad to shopping with shopsy it's so much better than meesho
R926,5d7c221d-f598-48b6-a877-b8900bb2c8a8,Swiggy,platform,2,hinglish,batch,Harsh,time par delivery nhi krta aur food bhi kam aata h
R927,a985e784-b808-412f-9170-38241d53d99a,Snapdeal,platform,3,hinglish,batch,Punit,product me tshirt ka chain ka issue aa raha hai....daya karke ye issue jaldi solve kijiye
R928,034200af-84f7-49ee-94af-69e4bca21495,Snapdeal,platform,3,hinglish,batch,Arpita,Bahut hi badiya app hai
R929,6b7134eb-4669-4a72-925f-35a7710d6749,Blinkit,platform,3,hinglish,batch,Punit,no cash on delivery option aur dekhte Sahi time per aata kyon nahin main nahin to aur rating kam jaega
R930,cf40a793-fa99-491b-ae00-3869cbd174f8,Purplle,d2c,5,hinglish,batch,Arpita,"Bohat achaa App hai ,hmesha sale reta hai 👍"
R931,97a96bf7-6bcb-4bad-99a0-03ca8d91bb47,Purplle,d2c,3,hinglish,batch,Harsh,"three star because sale... i understand konsi sell hai hai, example - ek body lotion 300₹ hai or marketing yani original price 600 . then offer is buy 1 get 1 free and pay only one product original price to real price to 600 hai or jab do khareed rahi hu to 600 diya mene uska one product ka 300 to vaise hi do ka 600₹ hua isme sale kaha hai offer kaha hai 😔😔😔 i am very disappointed"
R932,a1702b59-cf14-4827-96ea-647aca09b93b,Blinkit,platform,2,hinglish,batch,Harsh,blinkit lalsot me nahi h
R933,432f8bc0-a24c-4c7f-9144-aa43abed4406,Swiggy,platform,5,hinglish,batch,Punit,Very good super service Mere bhaiyon se nivedan hai Kis swiggy Se Hi order Karen
R934,9adf99e4-e249-44fa-9d21-f27aabbb256d,Purplle,d2c,2,hinglish,batch,Harsh,product hi jaldi return Nahin hota option se nahin aata abhi Maine ek order kiya tha aur mujhe vah return karna hai but option se nahin a Raha
R935,389f5164-967c-4450-9c5f-26048392b565,Snapdeal,platform,2,hinglish,batch,Arpita,product pe par day price change hota hai..Not show exchange option yeh bhi ek bada problem hai replace ka option to hona hi chahiye jaise baaki Aur online shopping app mein hoti hai
R936,939d2f70-5a6a-41a6-a8f0-6802efa6821b,BigBasket,platform,5,hinglish,batch,Arpita,bhut der se saman aata bilkint wale toh 5 min me le aate hai
R937,9dde7629-eaae-42c1-897c-f65b4fc979ef,Shopsy,platform,4,hinglish,batch,Harsh,"good app for shopping, bas Money return ki facility bhi provide karwa dete to best app ho Kata."
R938,3fd4e531-fd4a-4350-bc6f-9044100e2c6e,Meesho,platform,5,hinglish,batch,Harsh,bhut bdhiya h ye aap
R939,b8432211-598b-42af-a710-c7c6e7099081,Meesho,platform,2,hinglish,batch,Punit,app open hee nahi hoti
R940,d9d66a05-36df-4861-8719-1c935e619a8a,Meesho,platform,4,hinglish,batch,Arpita,good aap h shopping ke liye
R941,4cc18325-3e55-497b-9349-397d4dcfd345,Flipkart,platform,4,hinglish,batch,Harsh,pesa mera 25 FSA huaa hai cesh on delivery nhi Deka rha hai Mera 25 pesa pesa huaa hai
R942,0f272d90-371e-4601-a376-685d9658e022,Amazon India,platform,3,hinglish,batch,Harsh,customer care number kya hai batao
R943,28ba0a21-6d60-4762-98a7-9b146119b47c,Amazon India,platform,3,hinglish,batch,Punit,Maine item return kiya tha lekin return Lene mein bahut deri ho rahi hai customer care number se Keval delivery boy se Sampark Ho pata hai
R944,0ef35842-8b12-49bf-bd90-741d6e94eed2,Meesho,platform,2,hinglish,batch,Harsh,"Earlier I used to love this aap it is very useful and the products are also good the dilevery is always on time, but the problem is that they are cancelling my order since 10/5/24 and I am placing my order again and again but not receiving the products. The helpline number given is also wrong which makes a big trouble for me to order anything form this aap. Please solve this issue as soon as possible."
R945,bbd62bd9-6218-4980-b792-999ec89398e4,Zepto,platform,3,hinglish,batch,Harsh,I don't want to use your AI assistant I have faced burst experienced with this also I am giving this app 3 stars because you have promised there is no any hidden charges they will know any hidden charge but aap Laga rahe hain
R946,fd42d76c-398c-4b8a-869c-673e09c4d61a,BigBasket,platform,2,hinglish,batch,Harsh,Mera account open nhi ho rha hai
R947,447ba8fa-b5ed-4ea7-a20d-abda541345e2,Flipkart,platform,2,hinglish,batch,Harsh,ha lekin hamare ghar tak nahi aata
R948,1a4c43b6-9d5e-480b-9da1-0fb5a338dc06,Zepto,platform,5,hinglish,batch,Punit,y product mujhe bahut badhiya Laga
R949,190d9392-e2cb-481a-8fae-3a01b3b663bb,Snapdeal,platform,5,hinglish,batch,Punit,snepdeel accha app ha product accha milta ha our apne bjat pe aap la sakte ha I am happy 😊
R950,2b6544f6-7529-4937-8476-7800cf58e37c,Meesho,platform,1,hinglish,batch,Arpita,Bahut gatiya app 2_3 baar oder kar diya par dilevery nahi kar hai aur to aur apne aap hi delivery cancel kar dete hai aur dilevery boy ko phone lagao to battmiji kar te hai aur 4_5 baar to me campalen kar chuka hu koi samadhan nahi hua 👹👹 please is app ko koi download nhi karna 😢😢
R951,8d2f3f03-affa-4afe-ae65-f263ff646314,Purplle,d2c,3,hinglish,batch,Punit,sare brands ke product milte to jyada achcha hota
R952,d49c936b-7eac-4f92-9bdf-167435de7410,Bewakoof,d2c,4,hinglish,batch,Arpita,app badhiya per bahut mahanga hai Ham Garib log kahan jaenge
R953,c34a3450-3c67-4b08-8648-35b0c758b84f,Swiggy,platform,4,hinglish,batch,Punit,Good hsjudufjdjdjsks ko s hun ko idly tu dekho
R954,e8ec6cf9-4177-4206-a94c-8190e3850f08,Myntra,platform,1,hinglish,batch,Arpita,"Order #1341817 prepaid hai, app par “Delivered” dikha raha hai but mujhe mila hi nahi. Delivery partner ka call nahi aaya aur OTP bhi share nahi kiya. Customer care bhi AI screening ke baad issue resolve nahi kar raha. Kya Myntra se order karke prepaid payment karna meri galti hai? Please investigate"
R955,48bc3b82-bf18-49a1-8ffa-75c01d4eb803,Shopsy,platform,1,hinglish,batch,Harsh,worst experience... don't ever trust this app .. my return was picked up but even now I'm not getting my refund. I'm requesting everyone please don't buy any product from this app.. they are fake ... meesho aap is the best aap.. til now there is no problem.. I ordered for the first time from shopsy but got the worst experience.. I'm going to delete this aap forever....
R956,d370bef4-5977-4e56-8fe1-715858e1d819,Myntra,platform,4,hinglish,batch,Punit,Aacha app ha AAP es se koi be branded itam Manga sakte ho koi dhoka wala kaam nhe ha
R957,6f3fbb04-c29b-4120-91ee-6711fb0caa3c,Lenskart,d2c,4,hinglish,batch,Harsh,LensKart hamesha hi helpful Raha mein Kai salon se yahan se apne chasme banwati hun per abhi Maine apni mummy papa ka chasme banvaya jo ki Gunda deliver hona tha 15 din mein delivery hi nahin ho rahi hai ab clear Bata bhi nahin rahe hain tracking id per deliver dikha raha hai ham log Kya Karen kuchh samajh mein nahin a raha hai
R958,0e559957-d134-4aa6-8330-d9a5b73f98bf,Purplle,d2c,5,hinglish,batch,Punit,this app is really so good i love it 💞🙌🏻 mene jesa socha tha usse bohot behtar hai i think ke meesho se zada accha ye hai 🙌🏻🙌🏻
R959,a756b0b8-4910-4730-a13d-579f5129836f,Swiggy,platform,3,hinglish,batch,Punit,Hp chamba me to koi delivery hoti hi nhi hai ☹️
R960,98489982-b0c5-4ddc-9910-65cbf0f7c9d0,Shopsy,platform,4,hinglish,batch,Arpita,Ek number ka bakvas aap hai pahle Kam rate dhikhate haior bad me payment ke time jyada dikhate hai
R961,afa7ccf3-2a6c-481a-909f-f8600ffeb503,Shopsy,platform,4,hinglish,batch,Arpita,bas is par Jo reat rahata hai oo wala nahi hota hai aur Jo saman 245 ka rahata h oo wala 467 ka ooadar karna par ho gata hai 😔
R962,9c8a4bbc-be0c-420f-8edd-da5bfc84bea9,Snapdeal,platform,2,hinglish,batch,Harsh,Kemai km 27c ka trimar mangwaya tha to kanghi dusre trimar ka de diya
R963,b6f8131f-826b-4ff9-9254-522cbb9ae71d,Amazon India,platform,1,hinglish,batch,Arpita,bahut he bekar hi ab rifand nahi hota hi paisa saman milta nahi hi aur di khata hi delewar ho gaya hi ghatiya app hi
R964,327e76d2-5780-427e-bf55-2f7b717da903,Shopsy,platform,3,hinglish,batch,Arpita,Aodar nahi aa raga hai
R965,522fc68c-918c-4202-aeed-e8ed08145357,Swiggy,platform,1,hinglish,batch,Harsh,bekar hai aap saman galat dete hai
R966,f42bf0cf-fb41-47ef-ae2f-14dd49b6d6da,Snapdeal,platform,3,hinglish,batch,Punit,product return nahi ho raha tha lekin complain ke baad hogya aur customer service ka behaviour bahut achha laga mujhe iska sabse best customer service hai iss app ka sukriya madad ke liye 😊 lekin delivery ka issue hai address per service available hone ke baad bhi address tak nahi pahuchaya jaata hai product.
R967,e8f27cfc-b0cb-4b2e-9485-88120a178075,Myntra,platform,5,hinglish,batch,Harsh,mujhe ye aap bahot pasand hai
R968,51635958-bd42-406f-8fa1-21857fc91e9e,Purplle,d2c,1,hinglish,batch,Harsh,I am using app first time salected product 4 calculation ki jgh pr jab jate to enke according value kuch thi or mene calculate Kiya to money extra thi matter ye nhi krta ki 7 ya 8 rupees extra the lakin pta to chale kis reason se extra money le rahe h very bad
R969,ffe7cc7b-c8ea-4691-9f69-2722b9468c6f,Flipkart,platform,4,hinglish,batch,Punit,badhiya hai Thoda mahanga Hai
R970,d6b512c9-1434-411e-abf7-5ba1bdfbdcc7,Shopsy,platform,5,hinglish,batch,Arpita,Best shopping app I have ever tried... Every product is at a low price... Literally an amazing app.... Every product has a quality price.... justttt fantastic 🤩🫶🌷🤌 lagbhag 5 saalo se maine shopping kiya is app se... pehele bohot jyada improvement huwa h... or bht acha h🥹✨
R971,93a7f61e-2d18-4763-9d37-287a8873b8b8,Shopsy,platform,3,hinglish,batch,Punit,Ekdam ghatiya app hai images se product sarch karne wala nahi ata hai aur paise bhi badh jaate hai
R972,b13d9f48-2223-496a-b365-48f237c8c551,Flipkart,platform,3,hinglish,batch,Harsh,Achcha hai per hai is per jo bhi order karo Achcha a jata hai per Dam bahut jyada rahata hai rate bahut jyada rahata Achcha hai per is per jo bhi order karo Achcha a Jata Hai per Dam bahut jyada rahata hai rate bahut jyada rahata hai but jo bhi Kuchh order karo Achcha Hi Mata hai Koi Gadbad Nahin Hai aur Main ummid Karti Hun Ki Aage Jo Bhi Main order Karun acche hi de
R973,43aa970d-7447-49ff-b747-bdba705ee388,Purplle,d2c,1,hinglish,batch,Harsh,mere pass refund nhi hue bhut beker app h
R974,37cf3942-bc12-4ee4-a623-dddc8b687310,Snapdeal,platform,4,hinglish,batch,Harsh,koi bhi product order nahin Ho Pa raha hai
R975,ce57a572-bc1f-4a1c-85af-2aa3870d7ebc,Shopsy,platform,2,hinglish,batch,Harsh,Data bahut khatm ho raha hai iske Karan kya hai aap itna data consume kyon kar rahi hai 5 minute use karte hain to 500MB data use kar leti Hai
R976,a6bfb924-93ff-485f-97d3-e55b66c49839,Shopsy,platform,1,hinglish,batch,Arpita,fir bhi achcha hi hai
R977,7759b9c5-e732-4387-b570-945a74dcf650,Swiggy,platform,2,hinglish,batch,Arpita,apane delivery partner ko delivery bag to dena chahiye vah.. hath me pakad kar thandha khana delivery karte hai..
R978,15d3c409-ee0f-4c20-bde3-9d2b10949511,Purplle,d2c,4,hinglish,batch,Arpita,Mere liye bohut achha hai mere product aaye hain sahi
R979,07c8219c-ad2e-4976-b3d4-c1c4ea722384,Amazon India,platform,1,hinglish,batch,Punit,bekar app he pese lekar bhi saman delivery nhi krta Or oder cenecel kr deta he🤬😡🤬
R980,cbeb1c88-590b-4f44-ba0a-e8f5ef9ab464,Meesho,platform,4,hinglish,batch,Punit,very useful app. ♥️ aap mein so player store se download karke usmein aapki location address bhar car. miso ko chalana seekh sakte hain. aur yah bahut useful app hai mujhe yah app Amazon Myntra shop c se bhi achcha Laga. Maine misho se bi se bhi jyada chijen order Karen.. aur miso se paise bhi Kama sakte hain apni chijen bache car. aur ismein chijen return bhi ho sakte hain. meesho abhi download kijiye aur order kijiye. main kuchh Na kuchh naya aur Karti rahti hun. meesho per kam dam per chijen.
R981,d0aaa298-96b8-43fb-a129-a713c4a8df98,BigBasket,platform,3,hinglish,batch,Arpita,vhcvbnmkji Google jab yah Karta Hai banduk wala photo laga do Jo us mobile mein vah jaldi se lagao gnjgjghjg
R982,41cfe858-8438-4a02-a6f8-805a81240303,Flipkart,platform,3,hinglish,batch,Arpita,"rate 499 bataaya,, payment 544 li gayi,, ye mera first order tha,,,, baaki aage dekhte hai,, product ki quality kaisi hai,,, agar achhi hui to fir lenge nahi ho..........."
R983,9e3c3861-98be-4331-a507-d619608d41ff,BigBasket,platform,2,hinglish,batch,Arpita,acha kaam karte hai Bigbasket
R984,371473c5-5c03-42ae-9739-e3ab3cb2a485,Flipkart,platform,3,hinglish,batch,Arpita,bohot hi accha product milta hai me jyada tar yahi se khridta hu
R985,b4c35821-0c69-4646-860c-e1f0036a2ce6,AJIO,platform,1,hinglish,batch,Punit,🤮🤢 bad app ye oder bar bar change kr deta ha oder time pr nhi ata isse acha to flipboard or Amazon ha 🤢 main 20 din pehle oder Kiya tha ab tak nhi aya Mera oder ajio walo apne app ko thik Karo
R986,41cd0c0b-b0a5-42bb-b08d-23428b18a389,Snapdeal,platform,4,hinglish,batch,Punit,product achcha hai perfume ka
R987,6f0a380e-0a5d-4172-8d58-94ebd252b21c,Purplle,d2c,3,hinglish,batch,Punit,Jaise hi discount Dete Hain vaise To dikhte Nahin Hai purple pe
R988,903d566f-f73e-491a-9d5a-7f47e228bc47,Myntra,platform,5,hinglish,batch,Punit,accha ap he bahut cash milta he bahut
R989,d4f5230a-a631-4a25-8d4e-2f52c53e6e5e,Meesho,platform,4,hinglish,batch,Harsh,meesho first order pr 70% percent off ka offer deta he agr hame koi order apna first order kr rhe he or vo baad me kuch din baad cancel ho jaye to fir agr ab koi new product ham mangaye to us pr hame 70% percent off nhi milayega pr vo bhi to first order hi Hena to kyu nhi milta
R990,0b307f51-edec-44e9-a5cc-6ab2386039bc,Bewakoof,d2c,3,hinglish,batch,Arpita,thoda colour wala t shirt sasta range me bhi hona chahiye iske alawa shirt ka price 200 rs mahanga he
R991,37188c42-2a81-4716-a94a-f40f4a83f5db,Meesho,platform,3,hinglish,batch,Punit,Messho m jo bhi order kr rhi hu vo available nhi ho raha hai jaha m rehti hu lekin maine pehle bhi bhot order diya h vo aa gye the unhi products ke order ab diye h pr nhi aa raha hai plz.. Help me Messho
R992,31fc9969-ce9b-46f7-af55-cd77a9ff99f9,Lenskart,d2c,5,hinglish,batch,Arpita,Bahut achcha app hai bhai download karo
R993,332f3e9f-a508-40b7-9f3a-93c02e2b09b1,Snapdeal,platform,2,hinglish,batch,Arpita,ye application bikul bhi apne customer ka dhyan rakhti hai aaj 3days ho gaye hai maine jo product mangaya tha abhi tak return nahin hua .. aur kapdo ki quality kharab customer care ka bhi koi khas response nahin a raha hai. jis tarah kapda dikhaya gaya hai use tarah ki quality nahin a rahi hai meri family bhi ISI application se kapde order karte Hain Shayad ise ab install karna padega abhi jyada log Jude hue Hain sabhi se Mana karna padega yah application kam ki nahin ISI mahine Maine char orde
R994,68f6c4d2-518c-4dd3-9345-2f35fd868e8b,BigBasket,platform,2,hinglish,batch,Arpita,Bahi koi downalod mat karo pastao ge magai boat he is aap par
R995,0ff89c07-b461-4b7a-954e-1f3ced651d8f,Snapdeal,platform,5,hinglish,batch,Harsh,muje yah aap bahot accha lagta hai
R996,4a0d6472-e38b-472c-ad49-ff6b6a851017,Swiggy,platform,3,hinglish,batch,Arpita,ok ok but inke pass change nahi hota hai
R997,4e7eb7de-ac17-425a-a075-edc1af4aa0a2,Myntra,platform,1,hinglish,batch,Harsh,one of the worst app in my life ...first time order korechilam wrong pursel diyeche .. return korar somoy harressment hote hoi....faltu app
R998,f6803d07-eb19-4b50-ba98-f402860fab92,Amazon India,platform,5,hinglish,batch,Arpita,aap mujhe acche Lage bhai ml
R999,c05ba803-5ecf-4d86-898e-90868159829d,Blinkit,platform,3,hinglish,batch,Harsh,very good bhut acchi sbjiya aayi hai
R1000,915a1547-d807-45aa-b7f3-28608effceff,Blinkit,platform,5,hinglish,batch,Punit,"Bahut acchi app hai bahut jaldi se Saman Ghar a jata hai aur sabse achcha yah Laga ke Ramzan special Maine Kisi bhi online app per nahin dekha Jo mujhe blinkit per dekhne Ko Mila to Main usko Naam dungi mohabbat ki dukaan,🥰🥰🥰🥰♥️♥️♥️♥️♥️♥️♥️"
R1001,2e27bc4e-8970-475b-8133-60ad6185f3cc,Shopsy,platform,4,hinglish,batch,Punit,jab bhi main account wale option per click karta hun to wo khulta hi nahin hai
R1002,f3e87c41-3eda-45ba-a8da-aa34c2be928f,AJIO,platform,5,hinglish,batch,Harsh,Homophobic ni se koi se ko kuchh chij but but hu se mmmñnmmmnñññbbbvçxxx hii nkfy
R1003,9d49c5e8-dbac-4e5e-9e99-1acdb439ddde,Swiggy,platform,2,hinglish,batch,Harsh,offer hi nhi h price bhut high h
R1004,a67fefba-d328-46d7-8fa4-2292f6d6be3e,Swiggy,platform,2,hinglish,batch,Harsh,Kya yeh tanumanji tak aata h just puching tell me hindi
R1005,79a25c16-c5b5-4250-8660-f46e5c024252,Shopsy,platform,4,hinglish,batch,Punit,Jaisi chij dikhate Hain utane paise ki vahi chij kam paise mein batate hain aur order karne per direct paise badh jaate Hain aise kaise ho sakta hai bhai Aisa nahin hota Hai pahle to order karne ke bad paise badha diye 😿😿😓😓
R1006,57ee772d-8989-4e85-88dd-ecf5a0971db8,Amazon India,platform,1,hinglish,batch,Punit,Cash on dilevary NAHI HA sabse gahtiya app HAI world ka 😒😒😒😒😥
R1007,86472255-404a-4ddb-be20-5b6f4560ddaf,Amazon India,platform,1,hinglish,batch,Harsh,mujhse bohot bdi glti hui jo mene ghatiya amazon se kuch order kiya do baar exchange kr chuki sirf kurta hi mil rha h jbki poora set order kiya or custumer care contact bh nh ho rha h ik show rack order ki usme sirf cover mila vheeee
R1008,6a8f2cab-00d4-4780-b863-3c2092c3ec07,Meesho,platform,3,hinglish,batch,Harsh,Ha app to achha h or isse riseling Bhi hoti h pr ham jb saman mngvate h to hamare ghar dene h or hme 2 kilo mitar dur bulate h or Asa krne se bhot bar hamne ritrn Bhi kr diya ki Nhi lena hme itni dur kon jata h itni dur jane se to achha ki Ham bazar se hi le aye unko jha ka pta dete h vhi ana chahiye asa krne se app jyada chlega
R1009,a5cc3db3-d5b6-404c-aaed-c0327e990509,Myntra,platform,3,hinglish,batch,Harsh,Mere to sabhi orders time pr delivered hote h ....Aur kapdon ki quality bhi achi aati h ... ye belive krne bala aap h
R1010,fd016126-6428-4423-8cf4-c9f400ae371e,Purplle,d2c,3,hinglish,batch,Harsh,delivery time acha nahi hai bilkul bhi mujhe kafi wait karna padta hai delivery time thik kariye plz
R1011,12c450d9-5b23-4bf7-96af-2b12c607009f,Swiggy,platform,2,hinglish,batch,Punit,Okay hai lekin Sahi Nahin kah Sakte delivery boy saaf Suthra Nahin Rahte veg or non veg ek hi Bank Mein Lekar delivery Karte Hain
R1012,5ff9da77-074e-4292-a668-11350e18fd33,Myntra,platform,5,hinglish,batch,Arpita,This is good app jo dikhta hai wahi aata hai ......
R1013,3e3b6ea3-0d07-486f-80ad-74496922c050,Blinkit,platform,4,hinglish,batch,Arpita,"amazing delivery app,fast delivery only 15mins fast responds, no adds, it's best for save more time, but Cash on delivery should not be available every time, that's why it's a big problem. My request is har kisi ke paas online payment available nhi hoti, so I request you to make cash on delivery available. Thank you."
R1014,844141ee-bfb2-4a69-be60-c9198d25d0e1,BigBasket,platform,1,hinglish,batch,Punit,Lokesha mep bahut dikat hotahe Edaras sev nahi hota or bigbasket opan nahi hota
R1015,35539e8f-9857-4b11-914c-75586aacde10,Swiggy,platform,3,hinglish,batch,Harsh,Mujhe swiggy se niwedan kar ke kahta hu ki order karta hu lekin delevry wale jaldi apect nahi karte hai or 25 minute ka hai to pure 1 hurse lagta hai bohat hi laprwahi karta hai lekin company ki taraf se koi galti nahi
R1016,6e00fb91-82d9-4882-8c77-47a8324dfd6b,Flipkart,platform,5,hinglish,batch,Punit,yaar mujhe samajh nahi aa raha mai kya karu iss aap ka mai up Maharajganj ghughuli ka rehne wala hu aur mujhe poco x7 pro lena hai lekin iss jaha mai rahta hu waha delivery hi nahi available ho nahi dikha raha Gorakhpur ka location dala waha bhi delivery available nahi hai iss problem ko fix karo plz
R1017,f0537d85-3462-49a3-88fb-a75e60b103c4,Purplle,d2c,1,hinglish,batch,Punit,is app me jo deals h vo dikhate kuchh or h or hoti kuchh or h 8 rupee ki chij ke uper charges lgakr use 200+ rupee me bechte h koi deal nhi h
R1018,28faa883-8b3f-460a-9192-a09a9d8c5056,Lenskart,d2c,2,hinglish,batch,Harsh,lens ko change karne ke liye mana kar diya?
R1019,313a9c60-fa11-4f36-97ca-17eda5ed3c66,Purplle,d2c,1,hinglish,batch,Harsh,worst app cash on delivery is not available if want then you have order of over 500rs what lalachpan is this.kabhi kuch available nhi h kabhi kuch nhi h
R1020,89616474-dd75-454e-9d4b-af675f61fb10,Shopsy,platform,4,hinglish,batch,Punit,a very denger app matlab is per her koi saman baut sasta he
R1021,3426213b-6c74-4d88-9506-d61bcca21824,Flipkart,platform,3,hinglish,batch,Harsh,Knpusion hai thoda abhi. but dekhte hai kais a product aata hai
R1022,76445797-fea9-4707-9566-8c7b490d1792,Amazon India,platform,4,hinglish,batch,Harsh,Pay on delivery shuru ki jaaye main aap per aise vishwas nahin kar sakta mere boss se order cancel ho gaye aur mere paise chale Gaye please pay on delivery shuru ki jaaye
R1023,dfcbb31d-d13f-4b47-9512-2458e6e9ed88,Snapdeal,platform,1,hinglish,batch,Arpita,This was my first and probably my last experience here in snap deal. Firstly one of my order got cancelled by itself. 2nd they deliver me in different packaging on different day to wich the courier charged me 50rs per package. I ordered 10 item so I lost 500rs in return. What's the point of ordering to save me some money?? But overall the product was in good discount and price range was okay okay so if you like it go ahead. For me I'm uninstalling.
R1024,1f97f9b3-f154-4298-9e29-187a5016354b,Bewakoof,d2c,2,hinglish,batch,Harsh,wallet payment use nhi kr pate he customer service bhi bakwas he
R1025,5c8fa7b8-81b0-4a4e-9eaf-946a4cfe02ac,Lenskart,d2c,3,hinglish,batch,Arpita,good... but when spectacles mil jayega mujhe... store wale person ka experience acha nahi hai... they not told me properly for frame... hamare paas nahi hai.. aap dusre store se le Lo...
R1026,95fc572e-3ad9-42fe-be4f-f788743d2ff3,AJIO,platform,5,hinglish,batch,Punit,love chalu karo ok naya video chalu karna chahie
R1027,86782f2c-6136-4aba-80c2-889a4cf9a7b2,Meesho,platform,4,hinglish,batch,Punit,Oder time par nahi aata hai
R1028,8e8ec9be-4ea1-482b-9297-e4538e330139,Swiggy,platform,3,hinglish,batch,Arpita,swiggy ekadam achcha nahin Hai 40 minute lagata hai order dene mein sab 25 minut mein deta Hai to yah 40 minut mein dete Hain order
R1029,ae04b6e4-a9e8-4294-ab7b-f79b1d7db57a,Purplle,d2c,3,hinglish,batch,Harsh,only purple app use Karo sab 💋💋💋💋💋💋💋💋💋💋💋
R1030,508a5a42-61cd-48c0-865d-97c9bde74725,Swiggy,platform,5,hinglish,batch,Arpita,Mai khud deliveri boy ka kam karta hu very. Nuc
R1031,172c655b-b03e-4818-acce-5be342d1c9c5,AJIO,platform,2,hinglish,batch,Harsh,Kuchh dikkat hai abhi bhi
R1032,70dde5c8-5a7e-42d9-8342-b3b178efba25,Lenskart,d2c,5,hinglish,batch,Harsh,Kya aapke pass computer par work karne wala antiglare chashma hai
R1033,b951f920-4fd5-40b1-adb0-c019d8e6f1a8,Swiggy,platform,4,hinglish,batch,Punit,Coupon apply hi nahi ho rhe hai
R1034,42d35e9a-8376-40c8-9972-7821f9692c92,Flipkart,platform,2,hinglish,batch,Arpita,Me 2 Sal se shopping kar hu Flipkart se lekin Aaj Tak return nhi kiya hu Jab Flipkart Customer care se return wale baat karta hun to O Baton Mein uljhane Rakhta Hai Bus ho jaega ho jaega last Mein bus paisa barbad Hota Hai Flipkart Se Achcha To amazon aap hai Jo acchi service deta hai
R1035,65638b57-2adb-4246-8682-2f7073992b71,Shopsy,platform,3,hinglish,batch,Punit,avi aayi nhi jab aajayege to bta dooga ok
R1036,6d940a14-56ad-49ac-a72b-e157006a607a,Purplle,d2c,5,hinglish,batch,Arpita,Bahut hi badhiya application Nahin
R1037,74796991-4d05-4011-b6ad-cd78d96e73eb,Purplle,d2c,4,hinglish,batch,Harsh,nice product bahut Achcha hai
R1038,525fe9bb-4971-41c0-9834-4b5615a0c0ff,Meesho,platform,2,hinglish,batch,Arpita,Mera order Kiya hua product hame abhi tak nahi mila dilevery ka date bhi expire ho gya hai ye aap utne bharose ke layak nahi hai fixed date pe bhi parsal nahi milta hai
R1039,b6e754e0-8e83-49f3-9b65-74fb427c795f,Purplle,d2c,2,hinglish,batch,Arpita,Aap ko isme cash on delivery rakhna tha
R1040,74117eb5-feed-41e4-99dd-245c20e98d34,Amazon India,platform,4,hinglish,batch,Arpita,is app mai 1000 ke niche ki kimmat pe bhi EMI milna chahiye or EMI debit card pe bhi milna chahiye
R1041,45226fab-0f82-4806-98b3-1c40347f5364,Meesho,platform,4,hinglish,batch,Arpita,well u guys are literally amazing providing everything in max money and my orders are arriving early and even if I get some issues with that product u guys are responding very quickly and refund bhi jaldi he dal dete!!! and messho sa shopping karka acha laga !!!
R1042,a925910a-51b9-4ece-8219-40146c3be082,Snapdeal,platform,3,hinglish,batch,Arpita,"quality wise product acha hai, time se pehle deliver hota hai. 👍(par jaise order karo, turant hi price fluctuate ho jate hai) ek advice hai ap customer - suitable time slot bhi add kare. takki ussi date/time pe chiz mil toh jayegi."
R1043,c701e3b0-6955-4098-9e52-e2c174c20931,Amazon India,platform,4,hinglish,batch,Punit,ye bhi acha nahi laga
R1044,24b93f85-d2b3-4603-a33a-3e7905a95035,Snapdeal,platform,5,hinglish,batch,Punit,bahut bahut achha saman milta hai aap log bhi jarur order kijiye 👌👌
R1045,1250bd48-7df3-4762-b71e-4cf7d957da9e,Swiggy,platform,2,hinglish,batch,Punit,bruh sab bahut mushkil se mil rha hai and order delivery time bhi zada hai (45min)😞
R1046,0f9f611b-3515-4a88-88d8-b2f8e930193a,Lenskart,d2c,5,hinglish,batch,Harsh,Ye app bahut hi achachha hai jladi dawonlod kro
R1047,392e51b8-99ae-4fe1-bf89-844101c8c133,Shopsy,platform,2,hinglish,batch,Punit,Isase bahut jaldi se jaldi order a jata hai subah order karo sham ko order a jaega Maine order karke dekha tha subah mangaya tha sham ko Tak jaisa order chahie vaisa milega sasta mahanga gold bhi mil sakta hai asli wala dhanyvad order lete rahiye karte rahiye dhanyvad main Krishna sar namaskar
R1048,5df1a6b1-95dd-4531-8189-9b776ad1551e,AJIO,platform,2,hinglish,batch,Punit,phle paisa kam btata ho bad me jyada leta ho not good
R1049,f9c4bc5b-12ac-495c-ab3b-66cef731eba1,BigBasket,platform,5,hinglish,batch,Harsh,mene download Kiya hai abhi raat ke 3:23 ho raha hai abhi use karke dekh u ga
R1050,a639b204-5608-4be1-8645-8107d6580ae0,Snapdeal,platform,3,hinglish,batch,Harsh,Product jitne achche dikhaye hate h utne achche h nahi
R1051,79bcfc34-8bdc-4269-8bac-61df13726d3e,Flipkart,platform,4,hinglish,batch,Punit,Agar Mera Saman galat Aaya To Main aapko zero star dunga
R1052,fec5fcde-b5b7-4d24-8762-42571cd5e4f2,Lenskart,d2c,1,hinglish,batch,Punit,Sir isme 3d try on option nai hii
R1053,2efd8798-1324-4016-8ec8-832fa48ea4aa,Meesho,platform,2,hinglish,batch,Arpita,Bahut hi ghatiya Hai Paise koi bhi download Mat Karna iski delivery bahut let hoti hai to sahi Hote Kari Jave Hai yah delivery ke liye kya Kahate Hain ki koi delivery Nahin
R1054,f94243a5-5fc7-444a-8ec6-bf844925aac9,Purplle,d2c,2,hinglish,batch,Harsh,mujhe koi free product nhi Mila order Karne pat
R1055,9b4cdeb9-7d35-466c-b7a9-2dbadfde85f1,Blinkit,platform,3,hinglish,batch,Arpita,"i select the product to buy.. And after 10 minutes blinkit automatically increases the demand and says ""due to high demand add more product for free delivery.. 😆 What a joke.. Typical thug mentality.. I just empty the cart.. And i dont buy anything... 😆 Simple.. Sudhar jao blinkit customers bewakoof nahi hain.."
R1056,49c45bc9-3b8b-4d9a-8181-330f27b3c0d1,Amazon India,platform,5,hinglish,batch,Harsh,"One of my favourite, Amazon, online shopping karne ki baat hi alag hai. Amazing shopping experience. Excellent service. Excellent, unique and useful app. Chahe kuch mann-chahe achhe items ho ya products, mobile se lekar daily needs ki zaroorat ke hur sabhi samaan, with good quality at affordable prices, at your fingertips on this app."
R1057,09e8256d-f289-43bf-ab0d-681907ad1af9,BigBasket,platform,1,hinglish,batch,Punit,per aapka rate jo hai bahut jyada hai
R1058,f0ea7286-e203-4686-8168-24947121eb95,Lenskart,d2c,5,hinglish,batch,Punit,bahut achcha app hai bahut saste mein yahan per glasses milte Hain aur bahut kuchh ho rahe the
R1059,a012129b-2a97-41b7-959a-582bb7a04a4c,Flipkart,platform,2,hinglish,batch,Punit,aaj daunlo d kiya hai
R1060,3ac98431-d915-4bbf-91f0-2ba674b248fb,AJIO,platform,5,hinglish,batch,Punit,bahuthi Acha aap hai soping ke liye
R1061,673d032a-c549-4dd3-811d-6c3353c1f540,Snapdeal,platform,3,hinglish,batch,Punit,Bhai asa kyo karte ho order cancel bhi nahi kar sakte hai
R1062,6e3989ef-a3e7-4f93-b32f-6bf3c5e9ac7c,Meesho,platform,2,hinglish,batch,Punit,Shukravorty davai kadyani kissha Iski khariddari kar jaogi
R1063,e7692bde-3edc-46b8-ae42-ff4971cc2f03,BigBasket,platform,2,hinglish,batch,Punit,12 minutes delevary time dekar order 35 minutes me de rahe hai
R1064,4ce52eeb-b248-4778-9474-253a3c1d8024,Zepto,platform,1,hinglish,batch,Punit,Sabse ghatiya app hai Address details
R1065,a0c15c47-a6f9-4282-aef2-b4d1f2b3646b,AJIO,platform,1,hinglish,batch,Arpita,faltu app h costume ki koi prvahi nhi h dealer se inka sahi se koi contact hi nhi h 2 jeans order Kiya alg alg or dono alg alg house where Se Aaye lekin dono ne hi gaplebaji krr di mene 98% cotton jeans mngvaye inhone bheje 78% dusra 68% vala jb mene costume care se baat ki jo dealer hai use aap baat karke yah problem solve karo ki usne wrong product bheja h lekin bolte h sidha return kr do fr fayeda kya yeh time waste krne ka h 🤯🤬🤬🤬🤬🤬
R1066,a8eb00e2-646b-4e18-b130-94d6f8f1ab37,Myntra,platform,1,hinglish,batch,Punit,Boht gatiya app hai mene product magwaya tha lekin kuch or hi nikla or waps return bhi nhi le rhe hai
R1067,db14e807-fd4b-4a23-b2e5-5d1400f5e674,Amazon India,platform,3,hinglish,batch,Punit,Bhai Maine fen liya ek din bhi nhi Chalayan hai aap return Karo nhi to consumer me complete dalunga
R1068,ee86eba7-d1d8-4203-804a-787a0a1c5593,BigBasket,platform,3,hinglish,batch,Harsh,maja achcha nahin tha Thanda nahin tha
R1069,a216fed4-ddbb-427b-a1fd-4e52e5175a41,Blinkit,platform,1,hinglish,batch,Punit,blanket ke product ek blanket ke paper bag mein bhi nahin deti Hai aisi hath mein pakda Kar chale jaate delivery boy
R1070,b2f63d2a-b68a-45c0-a286-0fd358d874e6,AJIO,platform,1,hinglish,batch,Arpita,itna fee's chahiye ye isme ...koi order mat karna
R1071,10ef8811-57dc-4f70-b2e4-c35a31f54cc2,Swiggy,platform,1,hinglish,batch,Punit,meri ID logout ho gai hai ab Dobara login Nahin ho raha hai
R1072,bb21a712-0208-4891-a81d-b54a4e21d69d,Amazon India,platform,2,hinglish,batch,Punit,Ye ek bahut achha app hai
R1073,250a8c79-d820-4223-96ea-e049f1db3a39,Blinkit,platform,5,hinglish,batch,Arpita,hi guest Maine billing kit se order Kiya Hai Dekho 10 minut dikha karke kitne der mein a raha hai
R1074,ef5d9e12-fdbc-424c-9a7f-1939551ae8cb,Amazon India,platform,3,hinglish,batch,Arpita,"this app is good to buy something online overall ,but if I registered my bank account and number to them then tha app is lagging more than before , I am very disappointed about this , if I want to pay some small amount like ₹10 aur some large amount, the. also laging QR scanner on karne pe timing bohot leta h , mera network airtel ka h data sahi chalta hai , aur app mein updated kar rakha h phir bhi ye problem aa rhi hai , please solve this issue otherwise,I will unwantedly deregister or delete"
R1075,8ad5c5e6-bbfa-4818-9bd0-74d40e5085c4,Lenskart,d2c,1,hinglish,batch,Harsh,Itna bahan ka saman bhejta hai baap ke bol samajh kar rakha hai ki
R1076,35e359ac-8ffb-4915-841e-512572048f5e,BigBasket,platform,3,hinglish,batch,Harsh,Pahle istmal kar raha hu
R1077,e3e3e9c8-9cde-4adb-a19b-84eb15331b6c,Nykaa,platform,2,hinglish,batch,Punit,They have the most pathetic delivery service When I first downloaded Nykaa I had no problem with the delivery service. It was very good But last time they told me the delivery agent could not reach me.they didn't even call me and it went on for four days and lastly I had to cancel my orders. Other app's delivery agents didn't had any problem with contacting me. I'm very disappointed and I hope you guys can fix it.
R1078,7258c4a5-fc67-4a52-82fb-39c67018d0c5,Amazon India,platform,2,hinglish,batch,Harsh,Amazon app cash back nhi mil rha he offer ke hisab se koi bhi schim lagu nhi ho rhi he refar ka bhi koi cash back nhi mil rha he
R1079,4caa6a42-5420-40cc-8548-e793deeb3350,Meesho,platform,5,hinglish,batch,Arpita,meesho bahut hi accha aap hai
R1080,e160de13-2471-4246-98ba-5ccab4f82db1,Meesho,platform,3,hinglish,batch,Arpita,Product bahut kharab diya ek bar or vapis nahi kara har kuch hi rakh diya purana mal baki hamesha aesa nhi aata lekin ek bhi bar kharab na aaye aayr to bapis ho
R1081,879438ef-4e56-42b1-9d4a-a9fa4dda59aa,Meesho,platform,3,hinglish,batch,Arpita,"Mere Meesho Pay Later ka payment due hai, lekin payment karne ka option app mein show nahi ho raha hai. Main payment karna chahti hoon, lekin technical issue ki wajah se payment nahi kar pa rahi hoon. Please meri complaint/ticket immediately register karein aur mujhe official payment method provide karein. Payment delay meri taraf se nahi hai."
R1082,ee4c36e5-37df-4b14-89d6-f36e0f116cbb,Lenskart,d2c,1,hinglish,batch,Punit,eak star bhi nahi dena tha 🤣🤣
R1083,daa9d4a2-3bd7-4151-9878-793f83eafd61,Shopsy,platform,1,hinglish,batch,Harsh,iske ender game bhi nahi chalta he
R1084,1b046b7a-d844-4c77-a4ef-cb4c0bd8fd2b,Flipkart,platform,5,hinglish,batch,Harsh,nice bahut achcha app Hai order jaldi a jata Hai is per
R1085,bdf7a3cc-6ab7-4b08-9a93-d7d66be68741,Amazon India,platform,2,hinglish,batch,Harsh,Maine ek mobile win kiya jo mujhe aaj tak nahi mila kho to uska screen shot bheju
R1086,f62128fb-6919-43e9-9979-6ce8be670537,Purplle,d2c,3,hinglish,batch,Arpita,isme install karte time kuch makeup 5₹mai dikhaye but aisa bilkul bhi nahi hai
R1087,d9983888-9177-4a76-af91-d7e87a9b22d5,BigBasket,platform,3,hinglish,batch,Punit,bhai cash on delivery nhi leta gusa ajata hai ekdum kharab hai chlo koi bat nhi bache hain
R1088,9a2d7984-68c7-4847-8592-849a827c7fe1,Swiggy,platform,4,hinglish,batch,Harsh,fast delivery gud discount and 99 and 69 store also available not need to download Instamart separately and but there is a problem Instamart can't reach 4th mile but it can deliver to 3rd mile there is just 1km distance i want justice yaarrrrrrr
